RMAC,definition,strong,verb_core,language,lookup_source,verify_status,verify_detail
Art | V-Hifil-Perf-3cp,<p>Article </p><p>+ Verb - Hifil - Perfect - third person common plural</p>,H8689,V-Hifil-Perf,hebrew,allstrong_def_hebrew:hebrew_def:Hifil/parfait,OK_DEF_MATCH,Hifil / Parfait
Art | V-Hifil-Perf-3ms,<p>Article </p><p>+ Verb - Hifil - Perfect - third person masculine singular</p>,H8689,V-Hifil-Perf,hebrew,allstrong_def_hebrew:hebrew_def:Hifil/parfait,OK_DEF_MATCH,Hifil / Parfait
Art | V-Hifil-Prtcpl-fs,<p>Article </p><p>+ Verb - Hifil - Participle - feminine singular</p>,H8688,V-Hifil-Prtcpl,hebrew,allstrong_def_hebrew:hebrew_def:Hifil/participe,OK_DEF_MATCH,Hifil / Participe
Art | V-Hifil-Prtcpl-mp,<p>Article </p><p>+ Verb - Hifil - Participle - masculine plural</p>,H8688,V-Hifil-Prtcpl,hebrew,allstrong_def_hebrew:hebrew_def:Hifil/participe,OK_DEF_MATCH,Hifil / Participe
Art | V-Hifil-Prtcpl-ms,<p>Article </p><p>+ Verb - Hifil - Participle - masculine singular</p>,H8688,V-Hifil-Prtcpl,hebrew,allstrong_def_hebrew:hebrew_def:Hifil/participe,OK_DEF_MATCH,Hifil / Participe
Art | V-Hifil-Prtcpl-msc,<p>Article </p><p>+ Verb - Hifil - Participle - masculine singular construct</p>,H8688,V-Hifil-Prtcpl,hebrew,allstrong_def_hebrew:hebrew_def:Hifil/participe,OK_DEF_MATCH,Hifil / Participe
Art | V-Hifil-Prtcpl-msc | 2mp,<p>Article </p><p>+ Verb - Hifil - Participle - masculine singular construct </p><p>+ second person masculine plural</p>,H8688,V-Hifil-Prtcpl,hebrew,allstrong_def_hebrew:hebrew_def:Hifil/participe,OK_DEF_MATCH,Hifil / Participe
Art | V-Hifil-Prtcpl-msc | 2ms,<p>Article </p><p>+ Verb - Hifil - Participle - masculine singular construct </p><p>+ second person masculine singular</p>,H8688,V-Hifil-Prtcpl,hebrew,allstrong_def_hebrew:hebrew_def:Hifil/participe,OK_DEF_MATCH,Hifil / Participe
Art | V-Hifil-Prtcpl-msc | 3mp,<p>Article </p><p>+ Verb - Hifil - Participle - masculine singular construct </p><p>+ third person masculine plural</p>,H8688,V-Hifil-Prtcpl,hebrew,allstrong_def_hebrew:hebrew_def:Hifil/participe,OK_DEF_MATCH,Hifil / Participe
Art | V-Hifil-Prtcpl-msc | 3ms,<p>Article </p><p>+ Verb - Hifil - Participle - masculine singular construct </p><p>+ third person masculine singular</p>,H8688,V-Hifil-Prtcpl,hebrew,allstrong_def_hebrew:hebrew_def:Hifil/participe,OK_DEF_MATCH,Hifil / Participe
Art | V-Hitpael-Prtcpl-fp,<p>Article </p><p>+ Verb - Hitpael - Participle - feminine plural</p>,H8693,V-Hitpael-Prtcpl,hebrew,allstrong_def_hebrew:hebrew_def:Hitpael/participe,OK_DEF_MATCH,Hitpael / Participe
Art | V-Hitpael-Prtcpl-fs,<p>Article </p><p>+ Verb - Hitpael - Participle - feminine singular</p>,H8693,V-Hitpael-Prtcpl,hebrew,allstrong_def_hebrew:hebrew_def:Hitpael/participe,OK_DEF_MATCH,Hitpael / Participe
Art | V-Hitpael-Prtcpl-mp,<p>Article </p><p>+ Verb - Hitpael - Participle - masculine plural</p>,H8693,V-Hitpael-Prtcpl,hebrew,allstrong_def_hebrew:hebrew_def:Hitpael/participe,OK_DEF_MATCH,Hitpael / Participe
Art | V-Hitpael-Prtcpl-ms,<p>Article </p><p>+ Verb - Hitpael - Participle - masculine singular</p>,H8693,V-Hitpael-Prtcpl,hebrew,allstrong_def_hebrew:hebrew_def:Hitpael/participe,OK_DEF_MATCH,Hitpael / Participe
Art | V-Hofal-Prtcpl-fs,<p>Article </p><p>+ Verb - Hofal - Participle - feminine singular</p>,H8716,V-Hofal-Prtcpl,hebrew,allstrong_def_hebrew:hebrew_def:Hofal/participe,OK_DEF_MATCH,Hofal / Participe
Art | V-Hofal-Prtcpl-mp,<p>Article </p><p>+ Verb - Hofal - Participle - masculine plural</p>,H8716,V-Hofal-Prtcpl,hebrew,allstrong_def_hebrew:hebrew_def:Hofal/participe,OK_DEF_MATCH,Hofal / Participe
Art | V-Hofal-Prtcpl-ms,<p>Article </p><p>+ Verb - Hofal - Participle - masculine singular</p>,H8716,V-Hofal-Prtcpl,hebrew,allstrong_def_hebrew:hebrew_def:Hofal/participe,OK_DEF_MATCH,Hofal / Participe
Art | V-Nifal-Perf-3cp,<p>Article </p><p>+ Verb - Nifal - Perfect - third person common plural</p>,H8738,V-Nifal-Perf,hebrew,allstrong_def_hebrew:hebrew_def:Nifal/parfait,OK_DEF_MATCH,Nifal / Parfait
Art | V-Nifal-Perf-3ms,<p>Article </p><p>+ Verb - Nifal - Perfect - third person masculine singular</p>,H8738,V-Nifal-Perf,hebrew,allstrong_def_hebrew:hebrew_def:Nifal/parfait,OK_DEF_MATCH,Nifal / Parfait
Art | V-Nifal-Prtcpl-fp,<p>Article </p><p>+ Verb - Nifal - Participle - feminine plural</p>,H8737,V-Nifal-Prtcpl,hebrew,allstrong_def_hebrew:hebrew_def:Nifal/participe,OK_DEF_MATCH,Nifal / Participe
Art | V-Nifal-Prtcpl-fs,<p>Article </p><p>+ Verb - Nifal - Participle - feminine singular</p>,H8737,V-Nifal-Prtcpl,hebrew,allstrong_def_hebrew:hebrew_def:Nifal/participe,OK_DEF_MATCH,Nifal / Participe
Art | V-Nifal-Prtcpl-mp,<p>Article </p><p>+ Verb - Nifal - Participle - masculine plural</p>,H8737,V-Nifal-Prtcpl,hebrew,allstrong_def_hebrew:hebrew_def:Nifal/participe,OK_DEF_MATCH,Nifal / Participe
Art | V-Nifal-Prtcpl-ms,<p>Article </p><p>+ Verb - Nifal - Participle - masculine singular</p>,H8737,V-Nifal-Prtcpl,hebrew,allstrong_def_hebrew:hebrew_def:Nifal/participe,OK_DEF_MATCH,Nifal / Participe
Art | V-Piel-Prtcpl-fp,<p>Article </p><p>+ Verb - Piel - Participle - feminine plural</p>,H8764,V-Piel-Prtcpl,hebrew,allstrong_def_hebrew:hebrew_def:Piel/participe,OK_DEF_MATCH,Piel / Participe
Art | V-Piel-Prtcpl-fs,<p>Article </p><p>+ Verb - Piel - Participle - feminine singular</p>,H8764,V-Piel-Prtcpl,hebrew,allstrong_def_hebrew:hebrew_def:Piel/participe,OK_DEF_MATCH,Piel / Participe
Art | V-Piel-Prtcpl-mp,<p>Article </p><p>+ Verb - Piel - Participle - masculine plural</p>,H8764,V-Piel-Prtcpl,hebrew,allstrong_def_hebrew:hebrew_def:Piel/participe,OK_DEF_MATCH,Piel / Participe
Art | V-Piel-Prtcpl-ms,<p>Article </p><p>+ Verb - Piel - Participle - masculine singular</p>,H8764,V-Piel-Prtcpl,hebrew,allstrong_def_hebrew:hebrew_def:Piel/participe,OK_DEF_MATCH,Piel / Participe
Art | V-Piel-Prtcpl-msc | 1cs,<p>Article </p><p>+ Verb - Piel - Participle - masculine singular construct </p><p>+ first person common singular</p>,H8764,V-Piel-Prtcpl,hebrew,allstrong_def_hebrew:hebrew_def:Piel/participe,OK_DEF_MATCH,Piel / Participe
Art | V-Piel-Prtcpl-msc | 2fs,<p>Article </p><p>+ Verb - Piel - Participle - masculine singular construct </p><p>+ second person feminine singular</p>,H8764,V-Piel-Prtcpl,hebrew,allstrong_def_hebrew:hebrew_def:Piel/participe,OK_DEF_MATCH,Piel / Participe
Art | V-Pual-Perf-3fs,<p>Article </p><p>+ Verb - Pual - Perfect - third person feminine singular</p>,H8795,V-Pual-Perf,hebrew,allstrong_def_hebrew:hebrew_def:Pual/parfait,OK_DEF_MATCH,Pual / Parfait
Art | V-Pual-Prtcpl-fp,<p>Article </p><p>+ Verb - Pual - Participle - feminine plural</p>,H8794,V-Pual-Prtcpl,hebrew,allstrong_def_hebrew:hebrew_def:Pual/participe,OK_DEF_MATCH,Pual / Participe
Art | V-Pual-Prtcpl-fs,<p>Article </p><p>+ Verb - Pual - Participle - feminine singular</p>,H8794,V-Pual-Prtcpl,hebrew,allstrong_def_hebrew:hebrew_def:Pual/participe,OK_DEF_MATCH,Pual / Participe
Art | V-Pual-Prtcpl-mp,<p>Article </p><p>+ Verb - Pual - Participle - masculine plural</p>,H8794,V-Pual-Prtcpl,hebrew,allstrong_def_hebrew:hebrew_def:Pual/participe,OK_DEF_MATCH,Pual / Participe
Art | V-Pual-Prtcpl-ms,<p>Article </p><p>+ Verb - Pual - Participle - masculine singular</p>,H8794,V-Pual-Prtcpl,hebrew,allstrong_def_hebrew:hebrew_def:Pual/participe,OK_DEF_MATCH,Pual / Participe
Art | V-Qal-Perf-3cp,<p>Article </p><p>+ Verb - Qal - Perfect - third person common plural</p>,H8804,V-Qal-Perf,hebrew,allstrong_def_hebrew:hebrew_def:Qal/parfait,OK_DEF_MATCH,Qal / Parfait
Art | V-Qal-Perf-3fs,<p>Article </p><p>+ Verb - Qal - Perfect - third person feminine singular</p>,H8804,V-Qal-Perf,hebrew,allstrong_def_hebrew:hebrew_def:Qal/parfait,OK_DEF_MATCH,Qal / Parfait
Art | V-Qal-Prtcpl-fp,<p>Article </p><p>+ Verb - Qal - Participle - feminine plural</p>,H8801,V-Qal-Prtcpl,hebrew,allstrong_def_hebrew:hebrew_def:Qal/participe,OK_DEF_MATCH,Qal / Participe
Art | V-Qal-Prtcpl-fs,<p>Article </p><p>+ Verb - Qal - Participle - feminine singular</p>,H8801,V-Qal-Prtcpl,hebrew,allstrong_def_hebrew:hebrew_def:Qal/participe,OK_DEF_MATCH,Qal / Participe
Art | V-Qal-Prtcpl-mp,<p>Article </p><p>+ Verb - Qal - Participle - masculine plural</p>,H8801,V-Qal-Prtcpl,hebrew,allstrong_def_hebrew:hebrew_def:Qal/participe,OK_DEF_MATCH,Qal / Participe
Art | V-Qal-Prtcpl-ms,<p>Article </p><p>+ Verb - Qal - Participle - masculine singular</p>,H8801,V-Qal-Prtcpl,hebrew,allstrong_def_hebrew:hebrew_def:Qal/participe,OK_DEF_MATCH,Qal / Participe
Art | V-Qal-Prtcpl-msc,<p>Article </p><p>+ Verb - Qal - Participle - masculine singular construct</p>,H8801,V-Qal-Prtcpl,hebrew,allstrong_def_hebrew:hebrew_def:Qal/participe,OK_DEF_MATCH,Qal / Participe
Art | V-Qal-Prtcpl-msc | 3ms,<p>Article </p><p>+ Verb - Qal - Participle - masculine singular construct </p><p>+ third person masculine singular</p>,H8801,V-Qal-Prtcpl,hebrew,allstrong_def_hebrew:hebrew_def:Qal/participe,OK_DEF_MATCH,Qal / Participe
Art | V-Qal-QalPassPrtcpl-fp,<p>Article </p><p>+ Verb - Qal - QalPassParticiple - feminine plural</p>,H8803,V-Qal-QalPassPrtcpl,hebrew,allstrong_def_hebrew:hebrew_def:Qal/participe passif,OK_DEF_MATCH,Qal / Participe Passif
Art | V-Qal-QalPassPrtcpl-fs,<p>Article </p><p>+ Verb - Qal - QalPassParticiple - feminine singular</p>,H8803,V-Qal-QalPassPrtcpl,hebrew,allstrong_def_hebrew:hebrew_def:Qal/participe passif,OK_DEF_MATCH,Qal / Participe Passif
Art | V-Qal-QalPassPrtcpl-mp,<p>Article </p><p>+ Verb - Qal - QalPassParticiple - masculine plural</p>,H8803,V-Qal-QalPassPrtcpl,hebrew,allstrong_def_hebrew:hebrew_def:Qal/participe passif,OK_DEF_MATCH,Qal / Participe Passif
Art | V-Qal-QalPassPrtcpl-mpc,<p>Article </p><p>+ Verb - Qal - QalPassParticiple - masculine plural construct</p>,H8803,V-Qal-QalPassPrtcpl,hebrew,allstrong_def_hebrew:hebrew_def:Qal/participe passif,OK_DEF_MATCH,Qal / Participe Passif
Art | V-Qal-QalPassPrtcpl-ms,<p>Article </p><p>+ Verb - Qal - QalPassParticiple - masculine singular</p>,H8803,V-Qal-QalPassPrtcpl,hebrew,allstrong_def_hebrew:hebrew_def:Qal/participe passif,OK_DEF_MATCH,Qal / Participe Passif
Art | V-QalPass-Prtcpl-ms,<p>Article </p><p>+ Verb - QalPass - Participle - masculine singular</p>,H8795,V-QalPass-Prtcpl,hebrew,FALLBACK_WARNING:bstudy:ref_lex_core_ori_tr:rejected_by_allstrong:H8795:MISMATCH_DEF:expected=QalPass/participe; got=Pual/Parfait,ACCEPTED_FALLBACK_WARNING,fallback accepted at end of process; authority_check=MISMATCH_DEF:expected=QalPass/participe; got=Pual/Parfait
Conj-w | V-Hifil-ConjImperf-1cp,<p>Conjunctive waw </p><p>+ Verb - Hifil - Conjunctive imperfect - first person common plural</p>,H8686,V-Hifil-Imperf,hebrew,allstrong_def_hebrew:hebrew_def:Hifil/imparfait,OK_DEF_MATCH,Hifil / Imparfait
Conj-w | V-Hifil-ConjImperf-1cp | 3mp,<p>Conjunctive waw </p><p>+ Verb - Hifil - Conjunctive imperfect - first person common plural </p><p>+ third person masculine plural</p>,H8686,V-Hifil-Imperf,hebrew,allstrong_def_hebrew:hebrew_def:Hifil/imparfait,OK_DEF_MATCH,Hifil / Imparfait
Conj-w | V-Hifil-ConjImperf-1cs,<p>Conjunctive waw </p><p>+ Verb - Hifil - Conjunctive imperfect - first person common singular</p>,H8686,V-Hifil-Imperf,hebrew,allstrong_def_hebrew:hebrew_def:Hifil/imparfait,OK_DEF_MATCH,Hifil / Imparfait
Conj-w | V-Hifil-ConjImperf-1cs | 2ms,<p>Conjunctive waw </p><p>+ Verb - Hifil - Conjunctive imperfect - first person common singular </p><p>+ second person masculine singular</p>,H8686,V-Hifil-Imperf,hebrew,allstrong_def_hebrew:hebrew_def:Hifil/imparfait,OK_DEF_MATCH,Hifil / Imparfait
Conj-w | V-Hifil-ConjImperf-1cs | 3mp,<p>Conjunctive waw </p><p>+ Verb - Hifil - Conjunctive imperfect - first person common singular </p><p>+ third person masculine plural</p>,H8686,V-Hifil-Imperf,hebrew,allstrong_def_hebrew:hebrew_def:Hifil/imparfait,OK_DEF_MATCH,Hifil / Imparfait
Conj-w | V-Hifil-ConjImperf-1cs | 3ms,<p>Conjunctive waw </p><p>+ Verb - Hifil - Conjunctive imperfect - first person common singular </p><p>+ third person masculine singular</p>,H8686,V-Hifil-Imperf,hebrew,allstrong_def_hebrew:hebrew_def:Hifil/imparfait,OK_DEF_MATCH,Hifil / Imparfait
Conj-w | V-Hifil-ConjImperf-2fs,<p>Conjunctive waw </p><p>+ Verb - Hifil - Conjunctive imperfect - second person feminine singular</p>,H8686,V-Hifil-Imperf,hebrew,allstrong_def_hebrew:hebrew_def:Hifil/imparfait,OK_DEF_MATCH,Hifil / Imparfait
Conj-w | V-Hifil-ConjImperf-2mp,<p>Conjunctive waw </p><p>+ Verb - Hifil - Conjunctive imperfect - second person masculine plural</p>,H8686,V-Hifil-Imperf,hebrew,allstrong_def_hebrew:hebrew_def:Hifil/imparfait,OK_DEF_MATCH,Hifil / Imparfait
Conj-w | V-Hifil-ConjImperf-2mp | 1cs,<p>Conjunctive waw </p><p>+ Verb - Hifil - Conjunctive imperfect - second person masculine plural </p><p>+ first person common singular</p>,H8686,V-Hifil-Imperf,hebrew,allstrong_def_hebrew:hebrew_def:Hifil/imparfait,OK_DEF_MATCH,Hifil / Imparfait
Conj-w | V-Hifil-ConjImperf-2ms,<p>Conjunctive waw </p><p>+ Verb - Hifil - Conjunctive imperfect - second person masculine singular</p>,H8686,V-Hifil-Imperf,hebrew,allstrong_def_hebrew:hebrew_def:Hifil/imparfait,OK_DEF_MATCH,Hifil / Imparfait
Conj-w | V-Hifil-ConjImperf-2ms | 1cs,<p>Conjunctive waw </p><p>+ Verb - Hifil - Conjunctive imperfect - second person masculine singular </p><p>+ first person common singular</p>,H8686,V-Hifil-Imperf,hebrew,allstrong_def_hebrew:hebrew_def:Hifil/imparfait,OK_DEF_MATCH,Hifil / Imparfait
Conj-w | V-Hifil-ConjImperf-2ms | 3mp,<p>Conjunctive waw </p><p>+ Verb - Hifil - Conjunctive imperfect - second person masculine singular </p><p>+ third person masculine plural</p>,H8686,V-Hifil-Imperf,hebrew,allstrong_def_hebrew:hebrew_def:Hifil/imparfait,OK_DEF_MATCH,Hifil / Imparfait
Conj-w | V-Hifil-ConjImperf-3fs,<p>Conjunctive waw </p><p>+ Verb - Hifil - Conjunctive imperfect - third person feminine singular</p>,H8686,V-Hifil-Imperf,hebrew,allstrong_def_hebrew:hebrew_def:Hifil/imparfait,OK_DEF_MATCH,Hifil / Imparfait
Conj-w | V-Hifil-ConjImperf-3fs | 1cs,<p>Conjunctive waw </p><p>+ Verb - Hifil - Conjunctive imperfect - third person feminine singular </p><p>+ first person common singular</p>,H8686,V-Hifil-Imperf,hebrew,allstrong_def_hebrew:hebrew_def:Hifil/imparfait,OK_DEF_MATCH,Hifil / Imparfait
Conj-w | V-Hifil-ConjImperf-3fs | 2ms,<p>Conjunctive waw </p><p>+ Verb - Hifil - Conjunctive imperfect - third person feminine singular </p><p>+ second person masculine singular</p>,H8686,V-Hifil-Imperf,hebrew,allstrong_def_hebrew:hebrew_def:Hifil/imparfait,OK_DEF_MATCH,Hifil / Imparfait
Conj-w | V-Hifil-ConjImperf-3fs | 3ms,<p>Conjunctive waw </p><p>+ Verb - Hifil - Conjunctive imperfect - third person feminine singular </p><p>+ third person masculine singular</p>,H8686,V-Hifil-Imperf,hebrew,allstrong_def_hebrew:hebrew_def:Hifil/imparfait,OK_DEF_MATCH,Hifil / Imparfait
Conj-w | V-Hifil-ConjImperf-3mp,<p>Conjunctive waw </p><p>+ Verb - Hifil - Conjunctive imperfect - third person masculine plural</p>,H8686,V-Hifil-Imperf,hebrew,allstrong_def_hebrew:hebrew_def:Hifil/imparfait,OK_DEF_MATCH,Hifil / Imparfait
Conj-w | V-Hifil-ConjImperf-3mp | 1cs,<p>Conjunctive waw </p><p>+ Verb - Hifil - Conjunctive imperfect - third person masculine plural </p><p>+ first person common singular</p>,H8686,V-Hifil-Imperf,hebrew,allstrong_def_hebrew:hebrew_def:Hifil/imparfait,OK_DEF_MATCH,Hifil / Imparfait
Conj-w | V-Hifil-ConjImperf-3mp | 2fs,<p>Conjunctive waw </p><p>+ Verb - Hifil - Conjunctive imperfect - third person masculine plural </p><p>+ second person feminine singular</p>,H8686,V-Hifil-Imperf,hebrew,allstrong_def_hebrew:hebrew_def:Hifil/imparfait,OK_DEF_MATCH,Hifil / Imparfait
Conj-w | V-Hifil-ConjImperf-3mp | 2ms,<p>Conjunctive waw </p><p>+ Verb - Hifil - Conjunctive imperfect - third person masculine plural </p><p>+ second person masculine singular</p>,H8686,V-Hifil-Imperf,hebrew,allstrong_def_hebrew:hebrew_def:Hifil/imparfait,OK_DEF_MATCH,Hifil / Imparfait
Conj-w | V-Hifil-ConjImperf-3mp | 3mp,<p>Conjunctive waw </p><p>+ Verb - Hifil - Conjunctive imperfect - third person masculine plural </p><p>+ third person masculine plural</p>,H8686,V-Hifil-Imperf,hebrew,allstrong_def_hebrew:hebrew_def:Hifil/imparfait,OK_DEF_MATCH,Hifil / Imparfait
Conj-w | V-Hifil-ConjImperf-3mp | 3ms,<p>Conjunctive waw </p><p>+ Verb - Hifil - Conjunctive imperfect - third person masculine plural </p><p>+ third person masculine singular</p>,H8686,V-Hifil-Imperf,hebrew,allstrong_def_hebrew:hebrew_def:Hifil/imparfait,OK_DEF_MATCH,Hifil / Imparfait
Conj-w | V-Hifil-ConjImperf-3ms,<p>Conjunctive waw </p><p>+ Verb - Hifil - Conjunctive imperfect - third person masculine singular</p>,H8686,V-Hifil-Imperf,hebrew,allstrong_def_hebrew:hebrew_def:Hifil/imparfait,OK_DEF_MATCH,Hifil / Imparfait
Conj-w | V-Hifil-ConjImperf-3ms | 1cp,<p>Conjunctive waw </p><p>+ Verb - Hifil - Conjunctive imperfect - third person masculine singular </p><p>+ first person common plural</p>,H8686,V-Hifil-Imperf,hebrew,allstrong_def_hebrew:hebrew_def:Hifil/imparfait,OK_DEF_MATCH,Hifil / Imparfait
Conj-w | V-Hifil-ConjImperf-3ms | 1cs,<p>Conjunctive waw </p><p>+ Verb - Hifil - Conjunctive imperfect - third person masculine singular </p><p>+ first person common singular</p>,H8686,V-Hifil-Imperf,hebrew,allstrong_def_hebrew:hebrew_def:Hifil/imparfait,OK_DEF_MATCH,Hifil / Imparfait
Conj-w | V-Hifil-ConjImperf-3ms | 2ms,<p>Conjunctive waw </p><p>+ Verb - Hifil - Conjunctive imperfect - third person masculine singular </p><p>+ second person masculine singular</p>,H8686,V-Hifil-Imperf,hebrew,allstrong_def_hebrew:hebrew_def:Hifil/imparfait,OK_DEF_MATCH,Hifil / Imparfait
Conj-w | V-Hifil-ConjImperf-3ms | 3fs,<p>Conjunctive waw </p><p>+ Verb - Hifil - Conjunctive imperfect - third person masculine singular </p><p>+ third person feminine singular</p>,H8686,V-Hifil-Imperf,hebrew,allstrong_def_hebrew:hebrew_def:Hifil/imparfait,OK_DEF_MATCH,Hifil / Imparfait
Conj-w | V-Hifil-ConjImperf-3ms | 3mp,<p>Conjunctive waw </p><p>+ Verb - Hifil - Conjunctive imperfect - third person masculine singular </p><p>+ third person masculine plural</p>,H8686,V-Hifil-Imperf,hebrew,allstrong_def_hebrew:hebrew_def:Hifil/imparfait,OK_DEF_MATCH,Hifil / Imparfait
Conj-w | V-Hifil-ConjImperf.Cohort-1cp,<p>Conjunctive waw </p><p>+ Verb - Hifil - Conjunctive imperfect Cohortative - first person common plural</p>,H8686,V-Hifil-Imperf,hebrew,allstrong_def_hebrew:hebrew_def:Hifil/imparfait,OK_DEF_MATCH,Hifil / Imparfait
Conj-w | V-Hifil-ConjImperf.Cohort-1cs,<p>Conjunctive waw </p><p>+ Verb - Hifil - Conjunctive imperfect Cohortative - first person common singular</p>,H8686,V-Hifil-Imperf,hebrew,allstrong_def_hebrew:hebrew_def:Hifil/imparfait,OK_DEF_MATCH,Hifil / Imparfait
Conj-w | V-Hifil-ConjImperf.h-1cp,<p>Conjunctive waw </p><p>+ Verb - Hifil - Conjunctive imperfect Cohortative if contextual - first person common plural</p>,H8686,V-Hifil-Imperf,hebrew,allstrong_def_hebrew:hebrew_def:Hifil/imparfait,OK_DEF_MATCH,Hifil / Imparfait
Conj-w | V-Hifil-ConjImperf.h-1cp | 3fs,<p>Conjunctive waw </p><p>+ Verb - Hifil - Conjunctive imperfect Cohortative if contextual - first person common plural </p><p>+ third person feminine singular</p>,H8686,V-Hifil-Imperf,hebrew,allstrong_def_hebrew:hebrew_def:Hifil/imparfait,OK_DEF_MATCH,Hifil / Imparfait
Conj-w | V-Hifil-ConjImperf.h-1cp | 3mp,<p>Conjunctive waw </p><p>+ Verb - Hifil - Conjunctive imperfect Cohortative if contextual - first person common plural </p><p>+ third person masculine plural</p>,H8686,V-Hifil-Imperf,hebrew,allstrong_def_hebrew:hebrew_def:Hifil/imparfait,OK_DEF_MATCH,Hifil / Imparfait
Conj-w | V-Hifil-ConjImperf.h-1cp | 3ms,<p>Conjunctive waw </p><p>+ Verb - Hifil - Conjunctive imperfect Cohortative if contextual - first person common plural </p><p>+ third person masculine singular</p>,H8686,V-Hifil-Imperf,hebrew,allstrong_def_hebrew:hebrew_def:Hifil/imparfait,OK_DEF_MATCH,Hifil / Imparfait
Conj-w | V-Hifil-ConjImperf.h-1cs,<p>Conjunctive waw </p><p>+ Verb - Hifil - Conjunctive imperfect Cohortative if contextual - first person common singular</p>,H8686,V-Hifil-Imperf,hebrew,allstrong_def_hebrew:hebrew_def:Hifil/imparfait,OK_DEF_MATCH,Hifil / Imparfait
Conj-w | V-Hifil-ConjImperf.h-1cs | 2ms,<p>Conjunctive waw </p><p>+ Verb - Hifil - Conjunctive imperfect Cohortative if contextual - first person common singular </p><p>+ second person masculine singular</p>,H8686,V-Hifil-Imperf,hebrew,allstrong_def_hebrew:hebrew_def:Hifil/imparfait,OK_DEF_MATCH,Hifil / Imparfait
Conj-w | V-Hifil-ConjImperf.h-1cs | 3mp,<p>Conjunctive waw </p><p>+ Verb - Hifil - Conjunctive imperfect Cohortative if contextual - first person common singular </p><p>+ third person masculine plural</p>,H8686,V-Hifil-Imperf,hebrew,allstrong_def_hebrew:hebrew_def:Hifil/imparfait,OK_DEF_MATCH,Hifil / Imparfait
Conj-w | V-Hifil-ConjImperf.Jus-1cs,<p>Conjunctive waw </p><p>+ Verb - Hifil - Conjunctive imperfect Jussive - first person common singular</p>,H8686,V-Hifil-Imperf,hebrew,allstrong_def_hebrew:hebrew_def:Hifil/imparfait,OK_DEF_MATCH,Hifil / Imparfait
Conj-w | V-Hifil-ConjImperf.Jus-2ms,<p>Conjunctive waw </p><p>+ Verb - Hifil - Conjunctive imperfect Jussive - second person masculine singular</p>,H8686,V-Hifil-Imperf,hebrew,allstrong_def_hebrew:hebrew_def:Hifil/imparfait,OK_DEF_MATCH,Hifil / Imparfait
Conj-w | V-Hifil-ConjImperf.Jus-3fs,<p>Conjunctive waw </p><p>+ Verb - Hifil - Conjunctive imperfect Jussive - third person feminine singular</p>,H8686,V-Hifil-Imperf,hebrew,allstrong_def_hebrew:hebrew_def:Hifil/imparfait,OK_DEF_MATCH,Hifil / Imparfait
Conj-w | V-Hifil-ConjImperf.Jus-3ms,<p>Conjunctive waw </p><p>+ Verb - Hifil - Conjunctive imperfect Jussive - third person masculine singular</p>,H8686,V-Hifil-Imperf,hebrew,allstrong_def_hebrew:hebrew_def:Hifil/imparfait,OK_DEF_MATCH,Hifil / Imparfait
Conj-w | V-Hifil-ConjImperf.Jus-3ms | 1cs,<p>Conjunctive waw </p><p>+ Verb - Hifil - Conjunctive imperfect Jussive - third person masculine singular </p><p>+ first person common singular</p>,H8686,V-Hifil-Imperf,hebrew,allstrong_def_hebrew:hebrew_def:Hifil/imparfait,OK_DEF_MATCH,Hifil / Imparfait
Conj-w | V-Hifil-ConjImperf.Jus-3ms | 2mp,<p>Conjunctive waw </p><p>+ Verb - Hifil - Conjunctive imperfect Jussive - third person masculine singular </p><p>+ second person masculine plural</p>,H8686,V-Hifil-Imperf,hebrew,allstrong_def_hebrew:hebrew_def:Hifil/imparfait,OK_DEF_MATCH,Hifil / Imparfait
Conj-w | V-Hifil-ConjImperf.Jus-3ms | 2ms,<p>Conjunctive waw </p><p>+ Verb - Hifil - Conjunctive imperfect Jussive - third person masculine singular </p><p>+ second person masculine singular</p>,H8686,V-Hifil-Imperf,hebrew,allstrong_def_hebrew:hebrew_def:Hifil/imparfait,OK_DEF_MATCH,Hifil / Imparfait
Conj-w | V-Hifil-ConjPerf-1cp,<p>Conjunctive waw </p><p>+ Verb - Hifil - Conjunctive perfect - first person common plural</p>,H8689,V-Hifil-Perf,hebrew,allstrong_def_hebrew:hebrew_def:Hifil/parfait,OK_DEF_MATCH,Hifil / Parfait
Conj-w | V-Hifil-ConjPerf-1cp | 3mp,<p>Conjunctive waw </p><p>+ Verb - Hifil - Conjunctive perfect - first person common plural </p><p>+ third person masculine plural</p>,H8689,V-Hifil-Perf,hebrew,allstrong_def_hebrew:hebrew_def:Hifil/parfait,OK_DEF_MATCH,Hifil / Parfait
Conj-w | V-Hifil-ConjPerf-1cs,<p>Conjunctive waw </p><p>+ Verb - Hifil - Conjunctive perfect - first person common singular</p>,H8689,V-Hifil-Perf,hebrew,allstrong_def_hebrew:hebrew_def:Hifil/parfait,OK_DEF_MATCH,Hifil / Parfait
Conj-w | V-Hifil-ConjPerf-1cs | 2fs2,<p>Conjunctive waw </p><p>+ Verb - Hifil - Conjunctive perfect - first person common singular </p><p>+ second person feminine singular</p>,H8689,V-Hifil-Perf,hebrew,allstrong_def_hebrew:hebrew_def:Hifil/parfait,OK_DEF_MATCH,Hifil / Parfait
Conj-w | V-Hifil-ConjPerf-1cs | 2ms,<p>Conjunctive waw </p><p>+ Verb - Hifil - Conjunctive perfect - first person common singular </p><p>+ second person masculine singular</p>,H8689,V-Hifil-Perf,hebrew,allstrong_def_hebrew:hebrew_def:Hifil/parfait,OK_DEF_MATCH,Hifil / Parfait
Conj-w | V-Hifil-ConjPerf-1cs | 3fs,<p>Conjunctive waw </p><p>+ Verb - Hifil - Conjunctive perfect - first person common singular </p><p>+ third person feminine singular</p>,H8689,V-Hifil-Perf,hebrew,allstrong_def_hebrew:hebrew_def:Hifil/parfait,OK_DEF_MATCH,Hifil / Parfait
Conj-w | V-Hifil-ConjPerf-1cs | 3mp,<p>Conjunctive waw </p><p>+ Verb - Hifil - Conjunctive perfect - first person common singular </p><p>+ third person masculine plural</p>,H8689,V-Hifil-Perf,hebrew,allstrong_def_hebrew:hebrew_def:Hifil/parfait,OK_DEF_MATCH,Hifil / Parfait
Conj-w | V-Hifil-ConjPerf-1cs | 3ms,<p>Conjunctive waw </p><p>+ Verb - Hifil - Conjunctive perfect - first person common singular </p><p>+ third person masculine singular</p>,H8689,V-Hifil-Perf,hebrew,allstrong_def_hebrew:hebrew_def:Hifil/parfait,OK_DEF_MATCH,Hifil / Parfait
Conj-w | V-Hifil-ConjPerf-2fp,<p>Conjunctive waw </p><p>+ Verb - Hifil - Conjunctive perfect - second person feminine plural</p>,H8689,V-Hifil-Perf,hebrew,allstrong_def_hebrew:hebrew_def:Hifil/parfait,OK_DEF_MATCH,Hifil / Parfait
Conj-w | V-Hifil-ConjPerf-2fs,<p>Conjunctive waw </p><p>+ Verb - Hifil - Conjunctive perfect - second person feminine singular</p>,H8689,V-Hifil-Perf,hebrew,allstrong_def_hebrew:hebrew_def:Hifil/parfait,OK_DEF_MATCH,Hifil / Parfait
Conj-w | V-Hifil-ConjPerf-2fs | 3ms,<p>Conjunctive waw </p><p>+ Verb - Hifil - Conjunctive perfect - second person feminine singular </p><p>+ third person masculine singular</p>,H8689,V-Hifil-Perf,hebrew,allstrong_def_hebrew:hebrew_def:Hifil/parfait,OK_DEF_MATCH,Hifil / Parfait
Conj-w | V-Hifil-ConjPerf-2mp,<p>Conjunctive waw </p><p>+ Verb - Hifil - Conjunctive perfect - second person masculine plural</p>,H8689,V-Hifil-Perf,hebrew,allstrong_def_hebrew:hebrew_def:Hifil/parfait,OK_DEF_MATCH,Hifil / Parfait
Conj-w | V-Hifil-ConjPerf-2ms,<p>Conjunctive waw </p><p>+ Verb - Hifil - Conjunctive perfect - second person masculine singular</p>,H8689,V-Hifil-Perf,hebrew,allstrong_def_hebrew:hebrew_def:Hifil/parfait,OK_DEF_MATCH,Hifil / Parfait
Conj-w | V-Hifil-ConjPerf-2ms | 1cs,<p>Conjunctive waw </p><p>+ Verb - Hifil - Conjunctive perfect - second person masculine singular </p><p>+ first person common singular</p>,H8689,V-Hifil-Perf,hebrew,allstrong_def_hebrew:hebrew_def:Hifil/parfait,OK_DEF_MATCH,Hifil / Parfait
Conj-w | V-Hifil-ConjPerf-2ms | 3fs,<p>Conjunctive waw </p><p>+ Verb - Hifil - Conjunctive perfect - second person masculine singular </p><p>+ third person feminine singular</p>,H8689,V-Hifil-Perf,hebrew,allstrong_def_hebrew:hebrew_def:Hifil/parfait,OK_DEF_MATCH,Hifil / Parfait
Conj-w | V-Hifil-ConjPerf-2ms | 3mp,<p>Conjunctive waw </p><p>+ Verb - Hifil - Conjunctive perfect - second person masculine singular </p><p>+ third person masculine plural</p>,H8689,V-Hifil-Perf,hebrew,allstrong_def_hebrew:hebrew_def:Hifil/parfait,OK_DEF_MATCH,Hifil / Parfait
Conj-w | V-Hifil-ConjPerf-2ms | 3ms,<p>Conjunctive waw </p><p>+ Verb - Hifil - Conjunctive perfect - second person masculine singular </p><p>+ third person masculine singular</p>,H8689,V-Hifil-Perf,hebrew,allstrong_def_hebrew:hebrew_def:Hifil/parfait,OK_DEF_MATCH,Hifil / Parfait
Conj-w | V-Hifil-ConjPerf-3cp,<p>Conjunctive waw </p><p>+ Verb - Hifil - Conjunctive perfect - third person common plural</p>,H8689,V-Hifil-Perf,hebrew,allstrong_def_hebrew:hebrew_def:Hifil/parfait,OK_DEF_MATCH,Hifil / Parfait
Conj-w | V-Hifil-ConjPerf-3cp | 1cs,<p>Conjunctive waw </p><p>+ Verb - Hifil - Conjunctive perfect - third person common plural </p><p>+ first person common singular</p>,H8689,V-Hifil-Perf,hebrew,allstrong_def_hebrew:hebrew_def:Hifil/parfait,OK_DEF_MATCH,Hifil / Parfait
Conj-w | V-Hifil-ConjPerf-3cp | 2fs2,<p>Conjunctive waw </p><p>+ Verb - Hifil - Conjunctive perfect - third person common plural </p><p>+ second person feminine singular</p>,H8689,V-Hifil-Perf,hebrew,allstrong_def_hebrew:hebrew_def:Hifil/parfait,OK_DEF_MATCH,Hifil / Parfait
Conj-w | V-Hifil-ConjPerf-3cp | 2ms,<p>Conjunctive waw </p><p>+ Verb - Hifil - Conjunctive perfect - third person common plural </p><p>+ second person masculine singular</p>,H8689,V-Hifil-Perf,hebrew,allstrong_def_hebrew:hebrew_def:Hifil/parfait,OK_DEF_MATCH,Hifil / Parfait
Conj-w | V-Hifil-ConjPerf-3cp | 3mp,<p>Conjunctive waw </p><p>+ Verb - Hifil - Conjunctive perfect - third person common plural </p><p>+ third person masculine plural</p>,H8689,V-Hifil-Perf,hebrew,allstrong_def_hebrew:hebrew_def:Hifil/parfait,OK_DEF_MATCH,Hifil / Parfait
Conj-w | V-Hifil-ConjPerf-3cp | 3ms,<p>Conjunctive waw </p><p>+ Verb - Hifil - Conjunctive perfect - third person common plural </p><p>+ third person masculine singular</p>,H8689,V-Hifil-Perf,hebrew,allstrong_def_hebrew:hebrew_def:Hifil/parfait,OK_DEF_MATCH,Hifil / Parfait
Conj-w | V-Hifil-ConjPerf-3fs,<p>Conjunctive waw </p><p>+ Verb - Hifil - Conjunctive perfect - third person feminine singular</p>,H8689,V-Hifil-Perf,hebrew,allstrong_def_hebrew:hebrew_def:Hifil/parfait,OK_DEF_MATCH,Hifil / Parfait
Conj-w | V-Hifil-ConjPerf-3ms,<p>Conjunctive waw </p><p>+ Verb - Hifil - Conjunctive perfect - third person masculine singular</p>,H8689,V-Hifil-Perf,hebrew,allstrong_def_hebrew:hebrew_def:Hifil/parfait,OK_DEF_MATCH,Hifil / Parfait
Conj-w | V-Hifil-ConjPerf-3ms | 1cp2,<p>Conjunctive waw </p><p>+ Verb - Hifil - Conjunctive perfect - third person masculine singular </p><p>+ first person common plural</p>,H8689,V-Hifil-Perf,hebrew,allstrong_def_hebrew:hebrew_def:Hifil/parfait,OK_DEF_MATCH,Hifil / Parfait
Conj-w | V-Hifil-ConjPerf-3ms | 1cs,<p>Conjunctive waw </p><p>+ Verb - Hifil - Conjunctive perfect - third person masculine singular </p><p>+ first person common singular</p>,H8689,V-Hifil-Perf,hebrew,allstrong_def_hebrew:hebrew_def:Hifil/parfait,OK_DEF_MATCH,Hifil / Parfait
Conj-w | V-Hifil-ConjPerf-3ms | 2ms,<p>Conjunctive waw </p><p>+ Verb - Hifil - Conjunctive perfect - third person masculine singular </p><p>+ second person masculine singular</p>,H8689,V-Hifil-Perf,hebrew,allstrong_def_hebrew:hebrew_def:Hifil/parfait,OK_DEF_MATCH,Hifil / Parfait
Conj-w | V-Hifil-ConjPerf-3ms | 3fs,<p>Conjunctive waw </p><p>+ Verb - Hifil - Conjunctive perfect - third person masculine singular </p><p>+ third person feminine singular</p>,H8689,V-Hifil-Perf,hebrew,allstrong_def_hebrew:hebrew_def:Hifil/parfait,OK_DEF_MATCH,Hifil / Parfait
Conj-w | V-Hifil-ConjPerf-3ms | 3mp,<p>Conjunctive waw </p><p>+ Verb - Hifil - Conjunctive perfect - third person masculine singular </p><p>+ third person masculine plural</p>,H8689,V-Hifil-Perf,hebrew,allstrong_def_hebrew:hebrew_def:Hifil/parfait,OK_DEF_MATCH,Hifil / Parfait
Conj-w | V-Hifil-ConjPerf-3ms | 3ms,<p>Conjunctive waw </p><p>+ Verb - Hifil - Conjunctive perfect - third person masculine singular </p><p>+ third person masculine singular</p>,H8689,V-Hifil-Perf,hebrew,allstrong_def_hebrew:hebrew_def:Hifil/parfait,OK_DEF_MATCH,Hifil / Parfait
Conj-w | V-Hifil-ConsecImperf-1cp,<p>Conjunctive waw </p><p>+ Verb - Hifil - Consecutive imperfect - first person common plural</p>,H8686,V-Hifil-Imperf,hebrew,allstrong_def_hebrew:hebrew_def:Hifil/imparfait,OK_DEF_MATCH,Hifil / Imparfait
Conj-w | V-Hifil-ConsecImperf-1cp | 3mp,<p>Conjunctive waw </p><p>+ Verb - Hifil - Consecutive imperfect - first person common plural </p><p>+ third person masculine plural</p>,H8686,V-Hifil-Imperf,hebrew,allstrong_def_hebrew:hebrew_def:Hifil/imparfait,OK_DEF_MATCH,Hifil / Imparfait
Conj-w | V-Hifil-ConsecImperf-1cp | 3ms,<p>Conjunctive waw </p><p>+ Verb - Hifil - Consecutive imperfect - first person common plural </p><p>+ third person masculine singular</p>,H8686,V-Hifil-Imperf,hebrew,allstrong_def_hebrew:hebrew_def:Hifil/imparfait,OK_DEF_MATCH,Hifil / Imparfait
Conj-w | V-Hifil-ConsecImperf-1cs,<p>Conjunctive waw </p><p>+ Verb - Hifil - Consecutive imperfect - first person common singular</p>,H8686,V-Hifil-Imperf,hebrew,allstrong_def_hebrew:hebrew_def:Hifil/imparfait,OK_DEF_MATCH,Hifil / Imparfait
Conj-w | V-Hifil-ConsecImperf-1cs | 2fs,<p>Conjunctive waw </p><p>+ Verb - Hifil - Consecutive imperfect - first person common singular </p><p>+ second person feminine singular</p>,H8686,V-Hifil-Imperf,hebrew,allstrong_def_hebrew:hebrew_def:Hifil/imparfait,OK_DEF_MATCH,Hifil / Imparfait
Conj-w | V-Hifil-ConsecImperf-1cs | 3fs,<p>Conjunctive waw </p><p>+ Verb - Hifil - Consecutive imperfect - first person common singular </p><p>+ third person feminine singular</p>,H8686,V-Hifil-Imperf,hebrew,allstrong_def_hebrew:hebrew_def:Hifil/imparfait,OK_DEF_MATCH,Hifil / Imparfait
Conj-w | V-Hifil-ConsecImperf-1cs | 3mp,<p>Conjunctive waw </p><p>+ Verb - Hifil - Consecutive imperfect - first person common singular </p><p>+ third person masculine plural</p>,H8686,V-Hifil-Imperf,hebrew,allstrong_def_hebrew:hebrew_def:Hifil/imparfait,OK_DEF_MATCH,Hifil / Imparfait
Conj-w | V-Hifil-ConsecImperf-1cs | 3ms,<p>Conjunctive waw </p><p>+ Verb - Hifil - Consecutive imperfect - first person common singular </p><p>+ third person masculine singular</p>,H8686,V-Hifil-Imperf,hebrew,allstrong_def_hebrew:hebrew_def:Hifil/imparfait,OK_DEF_MATCH,Hifil / Imparfait
Conj-w | V-Hifil-ConsecImperf-2fs,<p>Conjunctive waw </p><p>+ Verb - Hifil - Consecutive imperfect - second person feminine singular</p>,H8686,V-Hifil-Imperf,hebrew,allstrong_def_hebrew:hebrew_def:Hifil/imparfait,OK_DEF_MATCH,Hifil / Imparfait
Conj-w | V-Hifil-ConsecImperf-2mp,<p>Conjunctive waw </p><p>+ Verb - Hifil - Consecutive imperfect - second person masculine plural</p>,H8686,V-Hifil-Imperf,hebrew,allstrong_def_hebrew:hebrew_def:Hifil/imparfait,OK_DEF_MATCH,Hifil / Imparfait
Conj-w | V-Hifil-ConsecImperf-2mp | 3mp,<p>Conjunctive waw </p><p>+ Verb - Hifil - Consecutive imperfect - second person masculine plural </p><p>+ third person masculine plural</p>,H8686,V-Hifil-Imperf,hebrew,allstrong_def_hebrew:hebrew_def:Hifil/imparfait,OK_DEF_MATCH,Hifil / Imparfait
Conj-w | V-Hifil-ConsecImperf-2mp | Pn,<p>Conjunctive waw </p><p>+ Verb - Hifil - Consecutive imperfect - second person masculine plural </p><p>+ Paragogic nun</p>,H8686,V-Hifil-Imperf,hebrew,allstrong_def_hebrew:hebrew_def:Hifil/imparfait,OK_DEF_MATCH,Hifil / Imparfait
Conj-w | V-Hifil-ConsecImperf-2ms,<p>Conjunctive waw </p><p>+ Verb - Hifil - Consecutive imperfect - second person masculine singular</p>,H8686,V-Hifil-Imperf,hebrew,allstrong_def_hebrew:hebrew_def:Hifil/imparfait,OK_DEF_MATCH,Hifil / Imparfait
Conj-w | V-Hifil-ConsecImperf-2ms | 1cp,<p>Conjunctive waw </p><p>+ Verb - Hifil - Consecutive imperfect - second person masculine singular </p><p>+ first person common plural</p>,H8686,V-Hifil-Imperf,hebrew,allstrong_def_hebrew:hebrew_def:Hifil/imparfait,OK_DEF_MATCH,Hifil / Imparfait
Conj-w | V-Hifil-ConsecImperf-2ms | 1cs,<p>Conjunctive waw </p><p>+ Verb - Hifil - Consecutive imperfect - second person masculine singular </p><p>+ first person common singular</p>,H8686,V-Hifil-Imperf,hebrew,allstrong_def_hebrew:hebrew_def:Hifil/imparfait,OK_DEF_MATCH,Hifil / Imparfait
Conj-w | V-Hifil-ConsecImperf-2ms | 3mp,<p>Conjunctive waw </p><p>+ Verb - Hifil - Consecutive imperfect - second person masculine singular </p><p>+ third person masculine plural</p>,H8686,V-Hifil-Imperf,hebrew,allstrong_def_hebrew:hebrew_def:Hifil/imparfait,OK_DEF_MATCH,Hifil / Imparfait
Conj-w | V-Hifil-ConsecImperf-3fp,<p>Conjunctive waw </p><p>+ Verb - Hifil - Consecutive imperfect - third person feminine plural</p>,H8686,V-Hifil-Imperf,hebrew,allstrong_def_hebrew:hebrew_def:Hifil/imparfait,OK_DEF_MATCH,Hifil / Imparfait
Conj-w | V-Hifil-ConsecImperf-3fs,<p>Conjunctive waw </p><p>+ Verb - Hifil - Consecutive imperfect - third person feminine singular</p>,H8686,V-Hifil-Imperf,hebrew,allstrong_def_hebrew:hebrew_def:Hifil/imparfait,OK_DEF_MATCH,Hifil / Imparfait
Conj-w | V-Hifil-ConsecImperf-3fs | 1cs,<p>Conjunctive waw </p><p>+ Verb - Hifil - Consecutive imperfect - third person feminine singular </p><p>+ first person common singular</p>,H8686,V-Hifil-Imperf,hebrew,allstrong_def_hebrew:hebrew_def:Hifil/imparfait,OK_DEF_MATCH,Hifil / Imparfait
Conj-w | V-Hifil-ConsecImperf-3fs | 3mp,<p>Conjunctive waw </p><p>+ Verb - Hifil - Consecutive imperfect - third person feminine singular </p><p>+ third person masculine plural</p>,H8686,V-Hifil-Imperf,hebrew,allstrong_def_hebrew:hebrew_def:Hifil/imparfait,OK_DEF_MATCH,Hifil / Imparfait
Conj-w | V-Hifil-ConsecImperf-3fs | 3ms,<p>Conjunctive waw </p><p>+ Verb - Hifil - Consecutive imperfect - third person feminine singular </p><p>+ third person masculine singular</p>,H8686,V-Hifil-Imperf,hebrew,allstrong_def_hebrew:hebrew_def:Hifil/imparfait,OK_DEF_MATCH,Hifil / Imparfait
Conj-w | V-Hifil-ConsecImperf-3mp,<p>Conjunctive waw </p><p>+ Verb - Hifil - Consecutive imperfect - third person masculine plural</p>,H8686,V-Hifil-Imperf,hebrew,allstrong_def_hebrew:hebrew_def:Hifil/imparfait,OK_DEF_MATCH,Hifil / Imparfait
Conj-w | V-Hifil-ConsecImperf-3mp | 2ms,<p>Conjunctive waw </p><p>+ Verb - Hifil - Consecutive imperfect - third person masculine plural </p><p>+ second person masculine singular</p>,H8686,V-Hifil-Imperf,hebrew,allstrong_def_hebrew:hebrew_def:Hifil/imparfait,OK_DEF_MATCH,Hifil / Imparfait
Conj-w | V-Hifil-ConsecImperf-3mp | 3fs,<p>Conjunctive waw </p><p>+ Verb - Hifil - Consecutive imperfect - third person masculine plural </p><p>+ third person feminine singular</p>,H8686,V-Hifil-Imperf,hebrew,allstrong_def_hebrew:hebrew_def:Hifil/imparfait,OK_DEF_MATCH,Hifil / Imparfait
Conj-w | V-Hifil-ConsecImperf-3mp | 3mp,<p>Conjunctive waw </p><p>+ Verb - Hifil - Consecutive imperfect - third person masculine plural </p><p>+ third person masculine plural</p>,H8686,V-Hifil-Imperf,hebrew,allstrong_def_hebrew:hebrew_def:Hifil/imparfait,OK_DEF_MATCH,Hifil / Imparfait
Conj-w | V-Hifil-ConsecImperf-3mp | 3ms,<p>Conjunctive waw </p><p>+ Verb - Hifil - Consecutive imperfect - third person masculine plural </p><p>+ third person masculine singular</p>,H8686,V-Hifil-Imperf,hebrew,allstrong_def_hebrew:hebrew_def:Hifil/imparfait,OK_DEF_MATCH,Hifil / Imparfait
Conj-w | V-Hifil-ConsecImperf-3ms,<p>Conjunctive waw </p><p>+ Verb - Hifil - Consecutive imperfect - third person masculine singular</p>,H8686,V-Hifil-Imperf,hebrew,allstrong_def_hebrew:hebrew_def:Hifil/imparfait,OK_DEF_MATCH,Hifil / Imparfait
Conj-w | V-Hifil-ConsecImperf-3ms | 1cp,<p>Conjunctive waw </p><p>+ Verb - Hifil - Consecutive imperfect - third person masculine singular </p><p>+ first person common plural</p>,H8686,V-Hifil-Imperf,hebrew,allstrong_def_hebrew:hebrew_def:Hifil/imparfait,OK_DEF_MATCH,Hifil / Imparfait
Conj-w | V-Hifil-ConsecImperf-3ms | 1cs,<p>Conjunctive waw </p><p>+ Verb - Hifil - Consecutive imperfect - third person masculine singular </p><p>+ first person common singular</p>,H8686,V-Hifil-Imperf,hebrew,allstrong_def_hebrew:hebrew_def:Hifil/imparfait,OK_DEF_MATCH,Hifil / Imparfait
Conj-w | V-Hifil-ConsecImperf-3ms | 2ms,<p>Conjunctive waw </p><p>+ Verb - Hifil - Consecutive imperfect - third person masculine singular </p><p>+ second person masculine singular</p>,H8686,V-Hifil-Imperf,hebrew,allstrong_def_hebrew:hebrew_def:Hifil/imparfait,OK_DEF_MATCH,Hifil / Imparfait
Conj-w | V-Hifil-ConsecImperf-3ms | 3fp,<p>Conjunctive waw </p><p>+ Verb - Hifil - Consecutive imperfect - third person masculine singular </p><p>+ third person feminine plural</p>,H8686,V-Hifil-Imperf,hebrew,allstrong_def_hebrew:hebrew_def:Hifil/imparfait,OK_DEF_MATCH,Hifil / Imparfait
Conj-w | V-Hifil-ConsecImperf-3ms | 3fs,<p>Conjunctive waw </p><p>+ Verb - Hifil - Consecutive imperfect - third person masculine singular </p><p>+ third person feminine singular</p>,H8686,V-Hifil-Imperf,hebrew,allstrong_def_hebrew:hebrew_def:Hifil/imparfait,OK_DEF_MATCH,Hifil / Imparfait
Conj-w | V-Hifil-ConsecImperf-3ms | 3mp,<p>Conjunctive waw </p><p>+ Verb - Hifil - Consecutive imperfect - third person masculine singular </p><p>+ third person masculine plural</p>,H8686,V-Hifil-Imperf,hebrew,allstrong_def_hebrew:hebrew_def:Hifil/imparfait,OK_DEF_MATCH,Hifil / Imparfait
Conj-w | V-Hifil-ConsecImperf-3ms | 3ms,<p>Conjunctive waw </p><p>+ Verb - Hifil - Consecutive imperfect - third person masculine singular </p><p>+ third person masculine singular</p>,H8686,V-Hifil-Imperf,hebrew,allstrong_def_hebrew:hebrew_def:Hifil/imparfait,OK_DEF_MATCH,Hifil / Imparfait
Conj-w | V-Hifil-Imp-fs,<p>Conjunctive waw </p><p>+ Verb - Hifil - Imperative - feminine singular</p>,H8685,V-Hifil-Imp,hebrew,allstrong_def_hebrew:hebrew_def:Hifil/impératif,OK_DEF_MATCH,Hifil / Impératif
Conj-w | V-Hifil-Imp-fs | 3ms,<p>Conjunctive waw </p><p>+ Verb - Hifil - Imperative - feminine singular </p><p>+ third person masculine singular</p>,H8685,V-Hifil-Imp,hebrew,allstrong_def_hebrew:hebrew_def:Hifil/impératif,OK_DEF_MATCH,Hifil / Impératif
Conj-w | V-Hifil-Imp-mp,<p>Conjunctive waw </p><p>+ Verb - Hifil - Imperative - masculine plural</p>,H8685,V-Hifil-Imp,hebrew,allstrong_def_hebrew:hebrew_def:Hifil/impératif,OK_DEF_MATCH,Hifil / Impératif
Conj-w | V-Hifil-Imp-mp | 1cs,<p>Conjunctive waw </p><p>+ Verb - Hifil - Imperative - masculine plural </p><p>+ first person common singular</p>,H8685,V-Hifil-Imp,hebrew,allstrong_def_hebrew:hebrew_def:Hifil/impératif,OK_DEF_MATCH,Hifil / Impératif
Conj-w | V-Hifil-Imp-mp | 3fs,<p>Conjunctive waw </p><p>+ Verb - Hifil - Imperative - masculine plural </p><p>+ third person feminine singular</p>,H8685,V-Hifil-Imp,hebrew,allstrong_def_hebrew:hebrew_def:Hifil/impératif,OK_DEF_MATCH,Hifil / Impératif
Conj-w | V-Hifil-Imp-mp | 3ms,<p>Conjunctive waw </p><p>+ Verb - Hifil - Imperative - masculine plural </p><p>+ third person masculine singular</p>,H8685,V-Hifil-Imp,hebrew,allstrong_def_hebrew:hebrew_def:Hifil/impératif,OK_DEF_MATCH,Hifil / Impératif
Conj-w | V-Hifil-Imp-ms,<p>Conjunctive waw </p><p>+ Verb - Hifil - Imperative - masculine singular</p>,H8685,V-Hifil-Imp,hebrew,allstrong_def_hebrew:hebrew_def:Hifil/impératif,OK_DEF_MATCH,Hifil / Impératif
Conj-w | V-Hifil-Imp-ms | 1cp,<p>Conjunctive waw </p><p>+ Verb - Hifil - Imperative - masculine singular </p><p>+ first person common plural</p>,H8685,V-Hifil-Imp,hebrew,allstrong_def_hebrew:hebrew_def:Hifil/impératif,OK_DEF_MATCH,Hifil / Impératif
Conj-w | V-Hifil-Imp-ms | 1cs,<p>Conjunctive waw </p><p>+ Verb - Hifil - Imperative - masculine singular </p><p>+ first person common singular</p>,H8685,V-Hifil-Imp,hebrew,allstrong_def_hebrew:hebrew_def:Hifil/impératif,OK_DEF_MATCH,Hifil / Impératif
Conj-w | V-Hifil-Imp-ms | 3fs,<p>Conjunctive waw </p><p>+ Verb - Hifil - Imperative - masculine singular </p><p>+ third person feminine singular</p>,H8685,V-Hifil-Imp,hebrew,allstrong_def_hebrew:hebrew_def:Hifil/impératif,OK_DEF_MATCH,Hifil / Impératif
Conj-w | V-Hifil-Imp-ms | 3mp,<p>Conjunctive waw </p><p>+ Verb - Hifil - Imperative - masculine singular </p><p>+ third person masculine plural</p>,H8685,V-Hifil-Imp,hebrew,allstrong_def_hebrew:hebrew_def:Hifil/impératif,OK_DEF_MATCH,Hifil / Impératif
Conj-w | V-Hifil-Imp-ms | 3ms,<p>Conjunctive waw </p><p>+ Verb - Hifil - Imperative - masculine singular </p><p>+ third person masculine singular</p>,H8685,V-Hifil-Imp,hebrew,allstrong_def_hebrew:hebrew_def:Hifil/impératif,OK_DEF_MATCH,Hifil / Impératif
Conj-w | V-Hifil-Imperf.Jus-1cs,<p>Conjunctive waw </p><p>+ Verb - Hifil - Imperfect Jussive - first person common singular</p>,H8686,V-Hifil-Imperf,hebrew,allstrong_def_hebrew:hebrew_def:Hifil/imparfait,OK_DEF_MATCH,Hifil / Imparfait
Conj-w | V-Hifil-Imperf.Jus-3ms,<p>Conjunctive waw </p><p>+ Verb - Hifil - Imperfect Jussive - third person masculine singular</p>,H8686,V-Hifil-Imperf,hebrew,allstrong_def_hebrew:hebrew_def:Hifil/imparfait,OK_DEF_MATCH,Hifil / Imparfait
Conj-w | V-Hifil-Inf,<p>Conjunctive waw </p><p>+ Verb - Hifil - Infinitive construct</p>,H8687,V-Hifil-Inf,hebrew,allstrong_def_hebrew:hebrew_def:Hifil/infinitif,OK_DEF_MATCH,Hifil / Infinitif
Conj-w | V-Hifil-Inf | 3ms,<p>Conjunctive waw </p><p>+ Verb - Hifil - Infinitive construct </p><p>+ third person masculine singular</p>,H8687,V-Hifil-Inf,hebrew,allstrong_def_hebrew:hebrew_def:Hifil/infinitif,OK_DEF_MATCH,Hifil / Infinitif
Conj-w | V-Hifil-InfAbs,<p>Conjunctive waw </p><p>+ Verb - Hifil - Infinitive absolute</p>,H8687,V-Hifil-Inf,hebrew,allstrong_def_hebrew:hebrew_def:Hifil/infinitif,OK_DEF_MATCH,Hifil / Infinitif
Conj-w | V-Hifil-Prtcpl-fp,<p>Conjunctive waw </p><p>+ Verb - Hifil - Participle - feminine plural</p>,H8688,V-Hifil-Prtcpl,hebrew,allstrong_def_hebrew:hebrew_def:Hifil/participe,OK_DEF_MATCH,Hifil / Participe
Conj-w | V-Hifil-Prtcpl-mp,<p>Conjunctive waw </p><p>+ Verb - Hifil - Participle - masculine plural</p>,H8688,V-Hifil-Prtcpl,hebrew,allstrong_def_hebrew:hebrew_def:Hifil/participe,OK_DEF_MATCH,Hifil / Participe
Conj-w | V-Hifil-Prtcpl-mpc,<p>Conjunctive waw </p><p>+ Verb - Hifil - Participle - masculine plural construct</p>,H8688,V-Hifil-Prtcpl,hebrew,allstrong_def_hebrew:hebrew_def:Hifil/participe,OK_DEF_MATCH,Hifil / Participe
Conj-w | V-Hifil-Prtcpl-mpc | 2fs,<p>Conjunctive waw </p><p>+ Verb - Hifil - Participle - masculine plural construct </p><p>+ second person feminine singular</p>,H8688,V-Hifil-Prtcpl,hebrew,allstrong_def_hebrew:hebrew_def:Hifil/participe,OK_DEF_MATCH,Hifil / Participe
Conj-w | V-Hifil-Prtcpl-mpc | 2ms,<p>Conjunctive waw </p><p>+ Verb - Hifil - Participle - masculine plural construct </p><p>+ second person masculine singular</p>,H8688,V-Hifil-Prtcpl,hebrew,allstrong_def_hebrew:hebrew_def:Hifil/participe,OK_DEF_MATCH,Hifil / Participe
Conj-w | V-Hifil-Prtcpl-mpc | 3fs,<p>Conjunctive waw </p><p>+ Verb - Hifil - Participle - masculine plural construct </p><p>+ third person feminine singular</p>,H8688,V-Hifil-Prtcpl,hebrew,allstrong_def_hebrew:hebrew_def:Hifil/participe,OK_DEF_MATCH,Hifil / Participe
Conj-w | V-Hifil-Prtcpl-ms,<p>Conjunctive waw </p><p>+ Verb - Hifil - Participle - masculine singular</p>,H8688,V-Hifil-Prtcpl,hebrew,allstrong_def_hebrew:hebrew_def:Hifil/participe,OK_DEF_MATCH,Hifil / Participe
Conj-w | V-Hifil-Prtcpl-msc,<p>Conjunctive waw </p><p>+ Verb - Hifil - Participle - masculine singular construct</p>,H8688,V-Hifil-Prtcpl,hebrew,allstrong_def_hebrew:hebrew_def:Hifil/participe,OK_DEF_MATCH,Hifil / Participe
Conj-w | V-Hifil-Prtcpl-msc | 1cs,<p>Conjunctive waw </p><p>+ Verb - Hifil - Participle - masculine singular construct </p><p>+ first person common singular</p>,H8688,V-Hifil-Prtcpl,hebrew,allstrong_def_hebrew:hebrew_def:Hifil/participe,OK_DEF_MATCH,Hifil / Participe
Conj-w | V-Hifil-Prtcpl-msc | 3fs,<p>Conjunctive waw </p><p>+ Verb - Hifil - Participle - masculine singular construct </p><p>+ third person feminine singular</p>,H8688,V-Hifil-Prtcpl,hebrew,allstrong_def_hebrew:hebrew_def:Hifil/participe,OK_DEF_MATCH,Hifil / Participe
Conj-w | V-Hitpael-ConjImperf-1cp,<p>Conjunctive waw </p><p>+ Verb - Hitpael - Conjunctive imperfect - first person common plural</p>,H8691,V-Hitpael-Imperf,hebrew,allstrong_def_hebrew:hebrew_def:Hitpael/imparfait,OK_DEF_MATCH,Hitpael / Imparfait
Conj-w | V-Hitpael-ConjImperf-1cs,<p>Conjunctive waw </p><p>+ Verb - Hitpael - Conjunctive imperfect - first person common singular</p>,H8691,V-Hitpael-Imperf,hebrew,allstrong_def_hebrew:hebrew_def:Hitpael/imparfait,OK_DEF_MATCH,Hitpael / Imparfait
Conj-w | V-Hitpael-ConjImperf-2fs,<p>Conjunctive waw </p><p>+ Verb - Hitpael - Conjunctive imperfect - second person feminine singular</p>,H8691,V-Hitpael-Imperf,hebrew,allstrong_def_hebrew:hebrew_def:Hitpael/imparfait,OK_DEF_MATCH,Hitpael / Imparfait
Conj-w | V-Hitpael-ConjImperf-3fs,<p>Conjunctive waw </p><p>+ Verb - Hitpael - Conjunctive imperfect - third person feminine singular</p>,H8691,V-Hitpael-Imperf,hebrew,allstrong_def_hebrew:hebrew_def:Hitpael/imparfait,OK_DEF_MATCH,Hitpael / Imparfait
Conj-w | V-Hitpael-ConjImperf-3mp,<p>Conjunctive waw </p><p>+ Verb - Hitpael - Conjunctive imperfect - third person masculine plural</p>,H8691,V-Hitpael-Imperf,hebrew,allstrong_def_hebrew:hebrew_def:Hitpael/imparfait,OK_DEF_MATCH,Hitpael / Imparfait
Conj-w | V-Hitpael-ConjImperf-3ms,<p>Conjunctive waw </p><p>+ Verb - Hitpael - Conjunctive imperfect - third person masculine singular</p>,H8691,V-Hitpael-Imperf,hebrew,allstrong_def_hebrew:hebrew_def:Hitpael/imparfait,OK_DEF_MATCH,Hitpael / Imparfait
Conj-w | V-Hitpael-ConjImperf.Cohort-1cp,<p>Conjunctive waw </p><p>+ Verb - Hitpael - Conjunctive imperfect Cohortative - first person common plural</p>,H8691,V-Hitpael-Imperf,hebrew,allstrong_def_hebrew:hebrew_def:Hitpael/imparfait,OK_DEF_MATCH,Hitpael / Imparfait
Conj-w | V-Hitpael-ConjImperf.Cohort-1cs,<p>Conjunctive waw </p><p>+ Verb - Hitpael - Conjunctive imperfect Cohortative - first person common singular</p>,H8691,V-Hitpael-Imperf,hebrew,allstrong_def_hebrew:hebrew_def:Hitpael/imparfait,OK_DEF_MATCH,Hitpael / Imparfait
Conj-w | V-Hitpael-ConjImperf.h-1cp,<p>Conjunctive waw </p><p>+ Verb - Hitpael - Conjunctive imperfect Cohortative if contextual - first person common plural</p>,H8691,V-Hitpael-Imperf,hebrew,allstrong_def_hebrew:hebrew_def:Hitpael/imparfait,OK_DEF_MATCH,Hitpael / Imparfait
Conj-w | V-Hitpael-ConjImperf.h-1cs,<p>Conjunctive waw </p><p>+ Verb - Hitpael - Conjunctive imperfect Cohortative if contextual - first person common singular</p>,H8691,V-Hitpael-Imperf,hebrew,allstrong_def_hebrew:hebrew_def:Hitpael/imparfait,OK_DEF_MATCH,Hitpael / Imparfait
Conj-w | V-Hitpael-ConjImperf.Jus-3ms,<p>Conjunctive waw </p><p>+ Verb - Hitpael - Conjunctive imperfect Jussive - third person masculine singular</p>,H8691,V-Hitpael-Imperf,hebrew,allstrong_def_hebrew:hebrew_def:Hitpael/imparfait,OK_DEF_MATCH,Hitpael / Imparfait
Conj-w | V-Hitpael-ConjPerf-1cs,<p>Conjunctive waw </p><p>+ Verb - Hitpael - Conjunctive perfect - first person common singular</p>,H8694,V-Hitpael-Perf,hebrew,allstrong_def_hebrew:hebrew_def:Hitpael/parfait,OK_DEF_MATCH,Hitpael / Parfait
Conj-w | V-Hitpael-ConjPerf-2fs,<p>Conjunctive waw </p><p>+ Verb - Hitpael - Conjunctive perfect - second person feminine singular</p>,H8694,V-Hitpael-Perf,hebrew,allstrong_def_hebrew:hebrew_def:Hitpael/parfait,OK_DEF_MATCH,Hitpael / Parfait
Conj-w | V-Hitpael-ConjPerf-2mp,<p>Conjunctive waw </p><p>+ Verb - Hitpael - Conjunctive perfect - second person masculine plural</p>,H8694,V-Hitpael-Perf,hebrew,allstrong_def_hebrew:hebrew_def:Hitpael/parfait,OK_DEF_MATCH,Hitpael / Parfait
Conj-w | V-Hitpael-ConjPerf-2ms,<p>Conjunctive waw </p><p>+ Verb - Hitpael - Conjunctive perfect - second person masculine singular</p>,H8694,V-Hitpael-Perf,hebrew,allstrong_def_hebrew:hebrew_def:Hitpael/parfait,OK_DEF_MATCH,Hitpael / Parfait
Conj-w | V-Hitpael-ConjPerf-3cp,<p>Conjunctive waw </p><p>+ Verb - Hitpael - Conjunctive perfect - third person common plural</p>,H8694,V-Hitpael-Perf,hebrew,allstrong_def_hebrew:hebrew_def:Hitpael/parfait,OK_DEF_MATCH,Hitpael / Parfait
Conj-w | V-Hitpael-ConjPerf-3cp | 3mp,<p>Conjunctive waw </p><p>+ Verb - Hitpael - Conjunctive perfect - third person common plural </p><p>+ third person masculine plural</p>,H8694,V-Hitpael-Perf,hebrew,allstrong_def_hebrew:hebrew_def:Hitpael/parfait,OK_DEF_MATCH,Hitpael / Parfait
Conj-w | V-Hitpael-ConjPerf-3fs,<p>Conjunctive waw </p><p>+ Verb - Hitpael - Conjunctive perfect - third person feminine singular</p>,H8694,V-Hitpael-Perf,hebrew,allstrong_def_hebrew:hebrew_def:Hitpael/parfait,OK_DEF_MATCH,Hitpael / Parfait
Conj-w | V-Hitpael-ConjPerf-3ms,<p>Conjunctive waw </p><p>+ Verb - Hitpael - Conjunctive perfect - third person masculine singular</p>,H8694,V-Hitpael-Perf,hebrew,allstrong_def_hebrew:hebrew_def:Hitpael/parfait,OK_DEF_MATCH,Hitpael / Parfait
Conj-w | V-Hitpael-ConsecImperf-1cp,<p>Conjunctive waw </p><p>+ Verb - Hitpael - Consecutive imperfect - first person common plural</p>,H8691,V-Hitpael-Imperf,hebrew,allstrong_def_hebrew:hebrew_def:Hitpael/imparfait,OK_DEF_MATCH,Hitpael / Imparfait
Conj-w | V-Hitpael-ConsecImperf-1cs,<p>Conjunctive waw </p><p>+ Verb - Hitpael - Consecutive imperfect - first person common singular</p>,H8691,V-Hitpael-Imperf,hebrew,allstrong_def_hebrew:hebrew_def:Hitpael/imparfait,OK_DEF_MATCH,Hitpael / Imparfait
Conj-w | V-Hitpael-ConsecImperf-1cs | 3fs,<p>Conjunctive waw </p><p>+ Verb - Hitpael - Consecutive imperfect - first person common singular </p><p>+ third person feminine singular</p>,H8691,V-Hitpael-Imperf,hebrew,allstrong_def_hebrew:hebrew_def:Hitpael/imparfait,OK_DEF_MATCH,Hitpael / Imparfait
Conj-w | V-Hitpael-ConsecImperf-2ms,<p>Conjunctive waw </p><p>+ Verb - Hitpael - Consecutive imperfect - second person masculine singular</p>,H8691,V-Hitpael-Imperf,hebrew,allstrong_def_hebrew:hebrew_def:Hitpael/imparfait,OK_DEF_MATCH,Hitpael / Imparfait
Conj-w | V-Hitpael-ConsecImperf-3fp,<p>Conjunctive waw </p><p>+ Verb - Hitpael - Consecutive imperfect - third person feminine plural</p>,H8691,V-Hitpael-Imperf,hebrew,allstrong_def_hebrew:hebrew_def:Hitpael/imparfait,OK_DEF_MATCH,Hitpael / Imparfait
Conj-w | V-Hitpael-ConsecImperf-3fs,<p>Conjunctive waw </p><p>+ Verb - Hitpael - Consecutive imperfect - third person feminine singular</p>,H8691,V-Hitpael-Imperf,hebrew,allstrong_def_hebrew:hebrew_def:Hitpael/imparfait,OK_DEF_MATCH,Hitpael / Imparfait
Conj-w | V-Hitpael-ConsecImperf-3mp,<p>Conjunctive waw </p><p>+ Verb - Hitpael - Consecutive imperfect - third person masculine plural</p>,H8691,V-Hitpael-Imperf,hebrew,allstrong_def_hebrew:hebrew_def:Hitpael/imparfait,OK_DEF_MATCH,Hitpael / Imparfait
Conj-w | V-Hitpael-ConsecImperf-3ms,<p>Conjunctive waw </p><p>+ Verb - Hitpael - Consecutive imperfect - third person masculine singular</p>,H8691,V-Hitpael-Imperf,hebrew,allstrong_def_hebrew:hebrew_def:Hitpael/imparfait,OK_DEF_MATCH,Hitpael / Imparfait
Conj-w | V-Hitpael-Imp-fp,<p>Conjunctive waw </p><p>+ Verb - Hitpael - Imperative - feminine plural</p>,H8690,V-Hitpael-Imp,hebrew,allstrong_def_hebrew:hebrew_def:Hitpael/impératif,OK_DEF_MATCH,Hitpael / Impératif
Conj-w | V-Hitpael-Imp-fs,<p>Conjunctive waw </p><p>+ Verb - Hitpael - Imperative - feminine singular</p>,H8690,V-Hitpael-Imp,hebrew,allstrong_def_hebrew:hebrew_def:Hitpael/impératif,OK_DEF_MATCH,Hitpael / Impératif
Conj-w | V-Hitpael-Imp-mp,<p>Conjunctive waw </p><p>+ Verb - Hitpael - Imperative - masculine plural</p>,H8690,V-Hitpael-Imp,hebrew,allstrong_def_hebrew:hebrew_def:Hitpael/impératif,OK_DEF_MATCH,Hitpael / Impératif
Conj-w | V-Hitpael-Imp-ms,<p>Conjunctive waw </p><p>+ Verb - Hitpael - Imperative - masculine singular</p>,H8690,V-Hitpael-Imp,hebrew,allstrong_def_hebrew:hebrew_def:Hitpael/impératif,OK_DEF_MATCH,Hitpael / Impératif
Conj-w | V-Hitpael-Inf | 3mp,<p>Conjunctive waw </p><p>+ Verb - Hitpael - Infinitive construct </p><p>+ third person masculine plural</p>,H8692,V-Hitpael-Inf,hebrew,allstrong_def_hebrew:hebrew_def:Hitpael/infinitif,OK_DEF_MATCH,Hitpael / Infinitif
Conj-w | V-Hitpael-Prtcpl-mp,<p>Conjunctive waw </p><p>+ Verb - Hitpael - Participle - masculine plural</p>,H8693,V-Hitpael-Prtcpl,hebrew,allstrong_def_hebrew:hebrew_def:Hitpael/participe,OK_DEF_MATCH,Hitpael / Participe
Conj-w | V-Hitpael-Prtcpl-ms,<p>Conjunctive waw </p><p>+ Verb - Hitpael - Participle - masculine singular</p>,H8693,V-Hitpael-Prtcpl,hebrew,allstrong_def_hebrew:hebrew_def:Hitpael/participe,OK_DEF_MATCH,Hitpael / Participe
Conj-w | V-Hitpael-Prtcpl-msc | 1cs,<p>Conjunctive waw </p><p>+ Verb - Hitpael - Participle - masculine singular construct </p><p>+ first person common singular</p>,H8693,V-Hitpael-Prtcpl,hebrew,allstrong_def_hebrew:hebrew_def:Hitpael/participe,OK_DEF_MATCH,Hitpael / Participe
Conj-w | V-Hofal-ConjImperf-3fs,<p>Conjunctive waw </p><p>+ Verb - Hofal - Conjunctive imperfect - third person feminine singular</p>,H8714,V-Hofal-Imperf,hebrew,allstrong_def_hebrew:hebrew_def:Hofal/imparfait,OK_DEF_MATCH,Hofal / Imparfait
Conj-w | V-Hofal-ConjImperf-3mp,<p>Conjunctive waw </p><p>+ Verb - Hofal - Conjunctive imperfect - third person masculine plural</p>,H8714,V-Hofal-Imperf,hebrew,allstrong_def_hebrew:hebrew_def:Hofal/imparfait,OK_DEF_MATCH,Hofal / Imparfait
Conj-w | V-Hofal-ConjImperf-3ms,<p>Conjunctive waw </p><p>+ Verb - Hofal - Conjunctive imperfect - third person masculine singular</p>,H8714,V-Hofal-Imperf,hebrew,allstrong_def_hebrew:hebrew_def:Hofal/imparfait,OK_DEF_MATCH,Hofal / Imparfait
Conj-w | V-Hofal-ConjImperf.h-1cp | 3mp,<p>Conjunctive waw </p><p>+ Verb - Hofal - Conjunctive imperfect Cohortative if contextual - first person common plural </p><p>+ third person masculine plural</p>,H8714,V-Hofal-Imperf,hebrew,allstrong_def_hebrew:hebrew_def:Hofal/imparfait,OK_DEF_MATCH,Hofal / Imparfait
Conj-w | V-Hofal-ConjPerf-2mp,<p>Conjunctive waw </p><p>+ Verb - Hofal - Conjunctive perfect - second person masculine plural</p>,H8717,V-Hofal-Perf,hebrew,allstrong_def_hebrew:hebrew_def:Hofal/parfait,OK_DEF_MATCH,Hofal / Parfait
Conj-w | V-Hofal-ConjPerf-2ms,<p>Conjunctive waw </p><p>+ Verb - Hofal - Conjunctive perfect - second person masculine singular</p>,H8717,V-Hofal-Perf,hebrew,allstrong_def_hebrew:hebrew_def:Hofal/parfait,OK_DEF_MATCH,Hofal / Parfait
Conj-w | V-Hofal-ConjPerf-3cp,<p>Conjunctive waw </p><p>+ Verb - Hofal - Conjunctive perfect - third person common plural</p>,H8717,V-Hofal-Perf,hebrew,allstrong_def_hebrew:hebrew_def:Hofal/parfait,OK_DEF_MATCH,Hofal / Parfait
Conj-w | V-Hofal-ConjPerf-3fs,<p>Conjunctive waw </p><p>+ Verb - Hofal - Conjunctive perfect - third person feminine singular</p>,H8717,V-Hofal-Perf,hebrew,allstrong_def_hebrew:hebrew_def:Hofal/parfait,OK_DEF_MATCH,Hofal / Parfait
Conj-w | V-Hofal-ConjPerf-3ms,<p>Conjunctive waw </p><p>+ Verb - Hofal - Conjunctive perfect - third person masculine singular</p>,H8717,V-Hofal-Perf,hebrew,allstrong_def_hebrew:hebrew_def:Hofal/parfait,OK_DEF_MATCH,Hofal / Parfait
Conj-w | V-Hofal-ConsecImperf-2fs,<p>Conjunctive waw </p><p>+ Verb - Hofal - Consecutive imperfect - second person feminine singular</p>,H8714,V-Hofal-Imperf,hebrew,allstrong_def_hebrew:hebrew_def:Hofal/imparfait,OK_DEF_MATCH,Hofal / Imparfait
Conj-w | V-Hofal-ConsecImperf-3fs,<p>Conjunctive waw </p><p>+ Verb - Hofal - Consecutive imperfect - third person feminine singular</p>,H8714,V-Hofal-Imperf,hebrew,allstrong_def_hebrew:hebrew_def:Hofal/imparfait,OK_DEF_MATCH,Hofal / Imparfait
Conj-w | V-Hofal-ConsecImperf-3mp,<p>Conjunctive waw </p><p>+ Verb - Hofal - Consecutive imperfect - third person masculine plural</p>,H8714,V-Hofal-Imperf,hebrew,allstrong_def_hebrew:hebrew_def:Hofal/imparfait,OK_DEF_MATCH,Hofal / Imparfait
Conj-w | V-Hofal-ConsecImperf-3ms,<p>Conjunctive waw </p><p>+ Verb - Hofal - Consecutive imperfect - third person masculine singular</p>,H8714,V-Hofal-Imperf,hebrew,allstrong_def_hebrew:hebrew_def:Hofal/imparfait,OK_DEF_MATCH,Hofal / Imparfait
Conj-w | V-Hofal-Imp-ms | 3fs,<p>Conjunctive waw </p><p>+ Verb - Hofal - Imperative - masculine singular </p><p>+ third person feminine singular</p>,H8713,V-Hofal-Imp,hebrew,allstrong_def_hebrew:hebrew_def:Hofal/impératif,OK_DEF_MATCH,Hofal / Impératif
Conj-w | V-Hofal-InfAbs,<p>Conjunctive waw </p><p>+ Verb - Hofal - Infinitive absolute</p>,H8715,V-Hofal-Inf,hebrew,allstrong_def_hebrew:hebrew_def:Hofal/infinitif,OK_DEF_MATCH,Hofal / Infinitif
Conj-w | V-Nifal-ConjImperf-1cp,<p>Conjunctive waw </p><p>+ Verb - Nifal - Conjunctive imperfect - first person common plural</p>,H8735,V-Nifal-Imperf,hebrew,allstrong_def_hebrew:hebrew_def:Nifal/imparfait,OK_DEF_MATCH,Nifal / Imparfait
Conj-w | V-Nifal-ConjImperf-1cs,<p>Conjunctive waw </p><p>+ Verb - Nifal - Conjunctive imperfect - first person common singular</p>,H8735,V-Nifal-Imperf,hebrew,allstrong_def_hebrew:hebrew_def:Nifal/imparfait,OK_DEF_MATCH,Nifal / Imparfait
Conj-w | V-Nifal-ConjImperf-2mp,<p>Conjunctive waw </p><p>+ Verb - Nifal - Conjunctive imperfect - second person masculine plural</p>,H8735,V-Nifal-Imperf,hebrew,allstrong_def_hebrew:hebrew_def:Nifal/imparfait,OK_DEF_MATCH,Nifal / Imparfait
Conj-w | V-Nifal-ConjImperf-3fs,<p>Conjunctive waw </p><p>+ Verb - Nifal - Conjunctive imperfect - third person feminine singular</p>,H8735,V-Nifal-Imperf,hebrew,allstrong_def_hebrew:hebrew_def:Nifal/imparfait,OK_DEF_MATCH,Nifal / Imparfait
Conj-w | V-Nifal-ConjImperf-3mp,<p>Conjunctive waw </p><p>+ Verb - Nifal - Conjunctive imperfect - third person masculine plural</p>,H8735,V-Nifal-Imperf,hebrew,allstrong_def_hebrew:hebrew_def:Nifal/imparfait,OK_DEF_MATCH,Nifal / Imparfait
Conj-w | V-Nifal-ConjImperf-3mp | Pn,<p>Conjunctive waw </p><p>+ Verb - Nifal - Conjunctive imperfect - third person masculine plural </p><p>+ Paragogic nun</p>,H8735,V-Nifal-Imperf,hebrew,allstrong_def_hebrew:hebrew_def:Nifal/imparfait,OK_DEF_MATCH,Nifal / Imparfait
Conj-w | V-Nifal-ConjImperf-3ms,<p>Conjunctive waw </p><p>+ Verb - Nifal - Conjunctive imperfect - third person masculine singular</p>,H8735,V-Nifal-Imperf,hebrew,allstrong_def_hebrew:hebrew_def:Nifal/imparfait,OK_DEF_MATCH,Nifal / Imparfait
Conj-w | V-Nifal-ConjImperf.Cohort-1cp,<p>Conjunctive waw </p><p>+ Verb - Nifal - Conjunctive imperfect Cohortative - first person common plural</p>,H8735,V-Nifal-Imperf,hebrew,allstrong_def_hebrew:hebrew_def:Nifal/imparfait,OK_DEF_MATCH,Nifal / Imparfait
Conj-w | V-Nifal-ConjImperf.Cohort-1cs,<p>Conjunctive waw </p><p>+ Verb - Nifal - Conjunctive imperfect Cohortative - first person common singular</p>,H8735,V-Nifal-Imperf,hebrew,allstrong_def_hebrew:hebrew_def:Nifal/imparfait,OK_DEF_MATCH,Nifal / Imparfait
Conj-w | V-Nifal-ConjImperf.h-1cs,<p>Conjunctive waw </p><p>+ Verb - Nifal - Conjunctive imperfect Cohortative if contextual - first person common singular</p>,H8735,V-Nifal-Imperf,hebrew,allstrong_def_hebrew:hebrew_def:Nifal/imparfait,OK_DEF_MATCH,Nifal / Imparfait
Conj-w | V-Nifal-ConjImperf.Jus-3fs,<p>Conjunctive waw </p><p>+ Verb - Nifal - Conjunctive imperfect Jussive - third person feminine singular</p>,H8735,V-Nifal-Imperf,hebrew,allstrong_def_hebrew:hebrew_def:Nifal/imparfait,OK_DEF_MATCH,Nifal / Imparfait
Conj-w | V-Nifal-ConjImperf.Jus-3ms,<p>Conjunctive waw </p><p>+ Verb - Nifal - Conjunctive imperfect Jussive - third person masculine singular</p>,H8735,V-Nifal-Imperf,hebrew,allstrong_def_hebrew:hebrew_def:Nifal/imparfait,OK_DEF_MATCH,Nifal / Imparfait
Conj-w | V-Nifal-ConjPerf-1cp,<p>Conjunctive waw </p><p>+ Verb - Nifal - Conjunctive perfect - first person common plural</p>,H8738,V-Nifal-Perf,hebrew,allstrong_def_hebrew:hebrew_def:Nifal/parfait,OK_DEF_MATCH,Nifal / Parfait
Conj-w | V-Nifal-ConjPerf-1cs,<p>Conjunctive waw </p><p>+ Verb - Nifal - Conjunctive perfect - first person common singular</p>,H8738,V-Nifal-Perf,hebrew,allstrong_def_hebrew:hebrew_def:Nifal/parfait,OK_DEF_MATCH,Nifal / Parfait
Conj-w | V-Nifal-ConjPerf-2fs,<p>Conjunctive waw </p><p>+ Verb - Nifal - Conjunctive perfect - second person feminine singular</p>,H8738,V-Nifal-Perf,hebrew,allstrong_def_hebrew:hebrew_def:Nifal/parfait,OK_DEF_MATCH,Nifal / Parfait
Conj-w | V-Nifal-ConjPerf-2mp,<p>Conjunctive waw </p><p>+ Verb - Nifal - Conjunctive perfect - second person masculine plural</p>,H8738,V-Nifal-Perf,hebrew,allstrong_def_hebrew:hebrew_def:Nifal/parfait,OK_DEF_MATCH,Nifal / Parfait
Conj-w | V-Nifal-ConjPerf-2ms,<p>Conjunctive waw </p><p>+ Verb - Nifal - Conjunctive perfect - second person masculine singular</p>,H8738,V-Nifal-Perf,hebrew,allstrong_def_hebrew:hebrew_def:Nifal/parfait,OK_DEF_MATCH,Nifal / Parfait
Conj-w | V-Nifal-ConjPerf-3cp,<p>Conjunctive waw </p><p>+ Verb - Nifal - Conjunctive perfect - third person common plural</p>,H8738,V-Nifal-Perf,hebrew,allstrong_def_hebrew:hebrew_def:Nifal/parfait,OK_DEF_MATCH,Nifal / Parfait
Conj-w | V-Nifal-ConjPerf-3fs,<p>Conjunctive waw </p><p>+ Verb - Nifal - Conjunctive perfect - third person feminine singular</p>,H8738,V-Nifal-Perf,hebrew,allstrong_def_hebrew:hebrew_def:Nifal/parfait,OK_DEF_MATCH,Nifal / Parfait
Conj-w | V-Nifal-ConjPerf-3ms,<p>Conjunctive waw </p><p>+ Verb - Nifal - Conjunctive perfect - third person masculine singular</p>,H8738,V-Nifal-Perf,hebrew,allstrong_def_hebrew:hebrew_def:Nifal/parfait,OK_DEF_MATCH,Nifal / Parfait
Conj-w | V-Nifal-ConsecImperf-1cs,<p>Conjunctive waw </p><p>+ Verb - Nifal - Consecutive imperfect - first person common singular</p>,H8735,V-Nifal-Imperf,hebrew,allstrong_def_hebrew:hebrew_def:Nifal/imparfait,OK_DEF_MATCH,Nifal / Imparfait
Conj-w | V-Nifal-ConsecImperf-1cs | 3fs,<p>Conjunctive waw </p><p>+ Verb - Nifal - Consecutive imperfect - first person common singular </p><p>+ third person feminine singular</p>,H8735,V-Nifal-Imperf,hebrew,allstrong_def_hebrew:hebrew_def:Nifal/imparfait,OK_DEF_MATCH,Nifal / Imparfait
Conj-w | V-Nifal-ConsecImperf-2fs,<p>Conjunctive waw </p><p>+ Verb - Nifal - Consecutive imperfect - second person feminine singular</p>,H8735,V-Nifal-Imperf,hebrew,allstrong_def_hebrew:hebrew_def:Nifal/imparfait,OK_DEF_MATCH,Nifal / Imparfait
Conj-w | V-Nifal-ConsecImperf-2mp,<p>Conjunctive waw </p><p>+ Verb - Nifal - Consecutive imperfect - second person masculine plural</p>,H8735,V-Nifal-Imperf,hebrew,allstrong_def_hebrew:hebrew_def:Nifal/imparfait,OK_DEF_MATCH,Nifal / Imparfait
Conj-w | V-Nifal-ConsecImperf-2ms,<p>Conjunctive waw </p><p>+ Verb - Nifal - Consecutive imperfect - second person masculine singular</p>,H8735,V-Nifal-Imperf,hebrew,allstrong_def_hebrew:hebrew_def:Nifal/imparfait,OK_DEF_MATCH,Nifal / Imparfait
Conj-w | V-Nifal-ConsecImperf-3fp,<p>Conjunctive waw </p><p>+ Verb - Nifal - Consecutive imperfect - third person feminine plural</p>,H8735,V-Nifal-Imperf,hebrew,allstrong_def_hebrew:hebrew_def:Nifal/imparfait,OK_DEF_MATCH,Nifal / Imparfait
Conj-w | V-Nifal-ConsecImperf-3fs,<p>Conjunctive waw </p><p>+ Verb - Nifal - Consecutive imperfect - third person feminine singular</p>,H8735,V-Nifal-Imperf,hebrew,allstrong_def_hebrew:hebrew_def:Nifal/imparfait,OK_DEF_MATCH,Nifal / Imparfait
Conj-w | V-Nifal-ConsecImperf-3mp,<p>Conjunctive waw </p><p>+ Verb - Nifal - Consecutive imperfect - third person masculine plural</p>,H8735,V-Nifal-Imperf,hebrew,allstrong_def_hebrew:hebrew_def:Nifal/imparfait,OK_DEF_MATCH,Nifal / Imparfait
Conj-w | V-Nifal-ConsecImperf-3mp | 1cs,<p>Conjunctive waw </p><p>+ Verb - Nifal - Consecutive imperfect - third person masculine plural </p><p>+ first person common singular</p>,H8735,V-Nifal-Imperf,hebrew,allstrong_def_hebrew:hebrew_def:Nifal/imparfait,OK_DEF_MATCH,Nifal / Imparfait
Conj-w | V-Nifal-ConsecImperf-3ms,<p>Conjunctive waw </p><p>+ Verb - Nifal - Consecutive imperfect - third person masculine singular</p>,H8735,V-Nifal-Imperf,hebrew,allstrong_def_hebrew:hebrew_def:Nifal/imparfait,OK_DEF_MATCH,Nifal / Imparfait
Conj-w | V-Nifal-Imp-mp,<p>Conjunctive waw </p><p>+ Verb - Nifal - Imperative - masculine plural</p>,H8734,V-Nifal-Imp,hebrew,allstrong_def_hebrew:hebrew_def:Nifal/impératif,OK_DEF_MATCH,Nifal / Impératif
Conj-w | V-Nifal-Imp-ms,<p>Conjunctive waw </p><p>+ Verb - Nifal - Imperative - masculine singular</p>,H8734,V-Nifal-Imp,hebrew,allstrong_def_hebrew:hebrew_def:Nifal/impératif,OK_DEF_MATCH,Nifal / Impératif
Conj-w | V-Nifal-Inf,<p>Conjunctive waw </p><p>+ Verb - Nifal - Infinitive construct</p>,H8736,V-Nifal-Inf,hebrew,allstrong_def_hebrew:hebrew_def:Nifal/infinitif,OK_DEF_MATCH,Nifal / Infinitif
Conj-w | V-Nifal-InfAbs,<p>Conjunctive waw </p><p>+ Verb - Nifal - Infinitive absolute</p>,H8736,V-Nifal-Inf,hebrew,allstrong_def_hebrew:hebrew_def:Nifal/infinitif,OK_DEF_MATCH,Nifal / Infinitif
Conj-w | V-Nifal-Prtcpl-fp,<p>Conjunctive waw </p><p>+ Verb - Nifal - Participle - feminine plural</p>,H8737,V-Nifal-Prtcpl,hebrew,allstrong_def_hebrew:hebrew_def:Nifal/participe,OK_DEF_MATCH,Nifal / Participe
Conj-w | V-Nifal-Prtcpl-fpc | 3ms,<p>Conjunctive waw </p><p>+ Verb - Nifal - Participle - feminine plural construct </p><p>+ third person masculine singular</p>,H8737,V-Nifal-Prtcpl,hebrew,allstrong_def_hebrew:hebrew_def:Nifal/participe,OK_DEF_MATCH,Nifal / Participe
Conj-w | V-Nifal-Prtcpl-fs,<p>Conjunctive waw </p><p>+ Verb - Nifal - Participle - feminine singular</p>,H8737,V-Nifal-Prtcpl,hebrew,allstrong_def_hebrew:hebrew_def:Nifal/participe,OK_DEF_MATCH,Nifal / Participe
Conj-w | V-Nifal-Prtcpl-mp,<p>Conjunctive waw </p><p>+ Verb - Nifal - Participle - masculine plural</p>,H8737,V-Nifal-Prtcpl,hebrew,allstrong_def_hebrew:hebrew_def:Nifal/participe,OK_DEF_MATCH,Nifal / Participe
Conj-w | V-Nifal-Prtcpl-mpc | 3mp,<p>Conjunctive waw </p><p>+ Verb - Nifal - Participle - masculine plural construct </p><p>+ third person masculine plural</p>,H8737,V-Nifal-Prtcpl,hebrew,allstrong_def_hebrew:hebrew_def:Nifal/participe,OK_DEF_MATCH,Nifal / Participe
Conj-w | V-Nifal-Prtcpl-ms,<p>Conjunctive waw </p><p>+ Verb - Nifal - Participle - masculine singular</p>,H8737,V-Nifal-Prtcpl,hebrew,allstrong_def_hebrew:hebrew_def:Nifal/participe,OK_DEF_MATCH,Nifal / Participe
Conj-w | V-Nifal-Prtcpl-msc,<p>Conjunctive waw </p><p>+ Verb - Nifal - Participle - masculine singular construct</p>,H8737,V-Nifal-Prtcpl,hebrew,allstrong_def_hebrew:hebrew_def:Nifal/participe,OK_DEF_MATCH,Nifal / Participe
Conj-w | V-Nithpael-ConjPerf-3cp,<p>Conjunctive waw </p><p>+ Verb - Nithpael - Conjunctive perfect - third person common plural</p>,H8739,V-Nithpael-Perf,hebrew,FALLBACK_WARNING:bstudy:ref_lex_core_ori_tr:rejected_by_allstrong:H8739:MISMATCH_DEF:expected=Nithpael/parfait; got=Nitpael/Parfait,ACCEPTED_FALLBACK_WARNING,fallback accepted at end of process; authority_check=MISMATCH_DEF:expected=Nithpael/parfait; got=Nitpael/Parfait
Conj-w | V-Nithpael-ConjPerf-3ms,<p>Conjunctive waw </p><p>+ Verb - Nithpael - Conjunctive perfect - third person masculine singular</p>,H8694,V-Nithpael-Perf,hebrew,FALLBACK_WARNING:bstudy:ref_lex_core_ori_tr:rejected_by_allstrong:H8694:MISMATCH_DEF:expected=Nithpael/parfait; got=Hitpael/Parfait,ACCEPTED_FALLBACK_WARNING,fallback accepted at end of process; authority_check=MISMATCH_DEF:expected=Nithpael/parfait; got=Hitpael/Parfait
Conj-w | V-Piel-ConjImperf-1cp,<p>Conjunctive waw </p><p>+ Verb - Piel - Conjunctive imperfect - first person common plural</p>,H8762,V-Piel-Imperf,hebrew,allstrong_def_hebrew:hebrew_def:Piel/imparfait,OK_DEF_MATCH,Piel / Imparfait
Conj-w | V-Piel-ConjImperf-1cs,<p>Conjunctive waw </p><p>+ Verb - Piel - Conjunctive imperfect - first person common singular</p>,H8762,V-Piel-Imperf,hebrew,allstrong_def_hebrew:hebrew_def:Piel/imparfait,OK_DEF_MATCH,Piel / Imparfait
Conj-w | V-Piel-ConjImperf-1cs | 2ms,<p>Conjunctive waw </p><p>+ Verb - Piel - Conjunctive imperfect - first person common singular </p><p>+ second person masculine singular</p>,H8762,V-Piel-Imperf,hebrew,allstrong_def_hebrew:hebrew_def:Piel/imparfait,OK_DEF_MATCH,Piel / Imparfait
Conj-w | V-Piel-ConjImperf-1cs | 3mp,<p>Conjunctive waw </p><p>+ Verb - Piel - Conjunctive imperfect - first person common singular </p><p>+ third person masculine plural</p>,H8762,V-Piel-Imperf,hebrew,allstrong_def_hebrew:hebrew_def:Piel/imparfait,OK_DEF_MATCH,Piel / Imparfait
Conj-w | V-Piel-ConjImperf-1cs | 3ms,<p>Conjunctive waw </p><p>+ Verb - Piel - Conjunctive imperfect - first person common singular </p><p>+ third person masculine singular</p>,H8762,V-Piel-Imperf,hebrew,allstrong_def_hebrew:hebrew_def:Piel/imparfait,OK_DEF_MATCH,Piel / Imparfait
Conj-w | V-Piel-ConjImperf-2fs | 3mp,<p>Conjunctive waw </p><p>+ Verb - Piel - Conjunctive imperfect - second person feminine singular </p><p>+ third person masculine plural</p>,H8762,V-Piel-Imperf,hebrew,allstrong_def_hebrew:hebrew_def:Piel/imparfait,OK_DEF_MATCH,Piel / Imparfait
"Conj-w | V-Piel-ConjImperf-2mp | 1cs, Pn","<p>Conjunctive waw </p><p>+ Verb - Piel - Conjunctive imperfect - second person masculine plural </p><p>+ first person common singular, Paragogic nun</p>",H8762,V-Piel-Imperf,hebrew,allstrong_def_hebrew:hebrew_def:Piel/imparfait,OK_DEF_MATCH,Piel / Imparfait
Conj-w | V-Piel-ConjImperf-2ms,<p>Conjunctive waw </p><p>+ Verb - Piel - Conjunctive imperfect - second person masculine singular</p>,H8762,V-Piel-Imperf,hebrew,allstrong_def_hebrew:hebrew_def:Piel/imparfait,OK_DEF_MATCH,Piel / Imparfait
Conj-w | V-Piel-ConjImperf-2ms | 1cp,<p>Conjunctive waw </p><p>+ Verb - Piel - Conjunctive imperfect - second person masculine singular </p><p>+ first person common plural</p>,H8762,V-Piel-Imperf,hebrew,allstrong_def_hebrew:hebrew_def:Piel/imparfait,OK_DEF_MATCH,Piel / Imparfait
Conj-w | V-Piel-ConjImperf-2ms | 1cs,<p>Conjunctive waw </p><p>+ Verb - Piel - Conjunctive imperfect - second person masculine singular </p><p>+ first person common singular</p>,H8762,V-Piel-Imperf,hebrew,allstrong_def_hebrew:hebrew_def:Piel/imparfait,OK_DEF_MATCH,Piel / Imparfait
Conj-w | V-Piel-ConjImperf-3fp,<p>Conjunctive waw </p><p>+ Verb - Piel - Conjunctive imperfect - third person feminine plural</p>,H8762,V-Piel-Imperf,hebrew,allstrong_def_hebrew:hebrew_def:Piel/imparfait,OK_DEF_MATCH,Piel / Imparfait
Conj-w | V-Piel-ConjImperf-3fs,<p>Conjunctive waw </p><p>+ Verb - Piel - Conjunctive imperfect - third person feminine singular</p>,H8762,V-Piel-Imperf,hebrew,allstrong_def_hebrew:hebrew_def:Piel/imparfait,OK_DEF_MATCH,Piel / Imparfait
Conj-w | V-Piel-ConjImperf-3fs | 1cp,<p>Conjunctive waw </p><p>+ Verb - Piel - Conjunctive imperfect - third person feminine singular </p><p>+ first person common plural</p>,H8762,V-Piel-Imperf,hebrew,allstrong_def_hebrew:hebrew_def:Piel/imparfait,OK_DEF_MATCH,Piel / Imparfait
Conj-w | V-Piel-ConjImperf-3fs | 2ms,<p>Conjunctive waw </p><p>+ Verb - Piel - Conjunctive imperfect - third person feminine singular </p><p>+ second person masculine singular</p>,H8762,V-Piel-Imperf,hebrew,allstrong_def_hebrew:hebrew_def:Piel/imparfait,OK_DEF_MATCH,Piel / Imparfait
Conj-w | V-Piel-ConjImperf-3fs | 3fs,<p>Conjunctive waw </p><p>+ Verb - Piel - Conjunctive imperfect - third person feminine singular </p><p>+ third person feminine singular</p>,H8762,V-Piel-Imperf,hebrew,allstrong_def_hebrew:hebrew_def:Piel/imparfait,OK_DEF_MATCH,Piel / Imparfait
Conj-w | V-Piel-ConjImperf-3mp,<p>Conjunctive waw </p><p>+ Verb - Piel - Conjunctive imperfect - third person masculine plural</p>,H8762,V-Piel-Imperf,hebrew,allstrong_def_hebrew:hebrew_def:Piel/imparfait,OK_DEF_MATCH,Piel / Imparfait
Conj-w | V-Piel-ConjImperf-3mp | 1cs,<p>Conjunctive waw </p><p>+ Verb - Piel - Conjunctive imperfect - third person masculine plural </p><p>+ first person common singular</p>,H8762,V-Piel-Imperf,hebrew,allstrong_def_hebrew:hebrew_def:Piel/imparfait,OK_DEF_MATCH,Piel / Imparfait
Conj-w | V-Piel-ConjImperf-3mp | 2ms,<p>Conjunctive waw </p><p>+ Verb - Piel - Conjunctive imperfect - third person masculine plural </p><p>+ second person masculine singular</p>,H8762,V-Piel-Imperf,hebrew,allstrong_def_hebrew:hebrew_def:Piel/imparfait,OK_DEF_MATCH,Piel / Imparfait
Conj-w | V-Piel-ConjImperf-3mp | 3fs,<p>Conjunctive waw </p><p>+ Verb - Piel - Conjunctive imperfect - third person masculine plural </p><p>+ third person feminine singular</p>,H8762,V-Piel-Imperf,hebrew,allstrong_def_hebrew:hebrew_def:Piel/imparfait,OK_DEF_MATCH,Piel / Imparfait
Conj-w | V-Piel-ConjImperf-3mp | 3ms,<p>Conjunctive waw </p><p>+ Verb - Piel - Conjunctive imperfect - third person masculine plural </p><p>+ third person masculine singular</p>,H8762,V-Piel-Imperf,hebrew,allstrong_def_hebrew:hebrew_def:Piel/imparfait,OK_DEF_MATCH,Piel / Imparfait
Conj-w | V-Piel-ConjImperf-3ms,<p>Conjunctive waw </p><p>+ Verb - Piel - Conjunctive imperfect - third person masculine singular</p>,H8762,V-Piel-Imperf,hebrew,allstrong_def_hebrew:hebrew_def:Piel/imparfait,OK_DEF_MATCH,Piel / Imparfait
Conj-w | V-Piel-ConjImperf-3ms | 1cp,<p>Conjunctive waw </p><p>+ Verb - Piel - Conjunctive imperfect - third person masculine singular </p><p>+ first person common plural</p>,H8762,V-Piel-Imperf,hebrew,allstrong_def_hebrew:hebrew_def:Piel/imparfait,OK_DEF_MATCH,Piel / Imparfait
Conj-w | V-Piel-ConjImperf-3ms | 1cs,<p>Conjunctive waw </p><p>+ Verb - Piel - Conjunctive imperfect - third person masculine singular </p><p>+ first person common singular</p>,H8762,V-Piel-Imperf,hebrew,allstrong_def_hebrew:hebrew_def:Piel/imparfait,OK_DEF_MATCH,Piel / Imparfait
Conj-w | V-Piel-ConjImperf-3ms | 2ms,<p>Conjunctive waw </p><p>+ Verb - Piel - Conjunctive imperfect - third person masculine singular </p><p>+ second person masculine singular</p>,H8762,V-Piel-Imperf,hebrew,allstrong_def_hebrew:hebrew_def:Piel/imparfait,OK_DEF_MATCH,Piel / Imparfait
Conj-w | V-Piel-ConjImperf-3ms | 3mp,<p>Conjunctive waw </p><p>+ Verb - Piel - Conjunctive imperfect - third person masculine singular </p><p>+ third person masculine plural</p>,H8762,V-Piel-Imperf,hebrew,allstrong_def_hebrew:hebrew_def:Piel/imparfait,OK_DEF_MATCH,Piel / Imparfait
Conj-w | V-Piel-ConjImperf-3ms | 3ms,<p>Conjunctive waw </p><p>+ Verb - Piel - Conjunctive imperfect - third person masculine singular </p><p>+ third person masculine singular</p>,H8762,V-Piel-Imperf,hebrew,allstrong_def_hebrew:hebrew_def:Piel/imparfait,OK_DEF_MATCH,Piel / Imparfait
Conj-w | V-Piel-ConjImperf.Cohort-1cp,<p>Conjunctive waw </p><p>+ Verb - Piel - Conjunctive imperfect Cohortative - first person common plural</p>,H8762,V-Piel-Imperf,hebrew,allstrong_def_hebrew:hebrew_def:Piel/imparfait,OK_DEF_MATCH,Piel / Imparfait
Conj-w | V-Piel-ConjImperf.Cohort-1cs,<p>Conjunctive waw </p><p>+ Verb - Piel - Conjunctive imperfect Cohortative - first person common singular</p>,H8762,V-Piel-Imperf,hebrew,allstrong_def_hebrew:hebrew_def:Piel/imparfait,OK_DEF_MATCH,Piel / Imparfait
Conj-w | V-Piel-ConjImperf.h-1cp,<p>Conjunctive waw </p><p>+ Verb - Piel - Conjunctive imperfect Cohortative if contextual - first person common plural</p>,H8762,V-Piel-Imperf,hebrew,allstrong_def_hebrew:hebrew_def:Piel/imparfait,OK_DEF_MATCH,Piel / Imparfait
Conj-w | V-Piel-ConjImperf.h-1cs,<p>Conjunctive waw </p><p>+ Verb - Piel - Conjunctive imperfect Cohortative if contextual - first person common singular</p>,H8762,V-Piel-Imperf,hebrew,allstrong_def_hebrew:hebrew_def:Piel/imparfait,OK_DEF_MATCH,Piel / Imparfait
Conj-w | V-Piel-ConjImperf.h-1cs | 2fs,<p>Conjunctive waw </p><p>+ Verb - Piel - Conjunctive imperfect Cohortative if contextual - first person common singular </p><p>+ second person feminine singular</p>,H8762,V-Piel-Imperf,hebrew,allstrong_def_hebrew:hebrew_def:Piel/imparfait,OK_DEF_MATCH,Piel / Imparfait
Conj-w | V-Piel-ConjImperf.h-1cs | 2ms,<p>Conjunctive waw </p><p>+ Verb - Piel - Conjunctive imperfect Cohortative if contextual - first person common singular </p><p>+ second person masculine singular</p>,H8762,V-Piel-Imperf,hebrew,allstrong_def_hebrew:hebrew_def:Piel/imparfait,OK_DEF_MATCH,Piel / Imparfait
Conj-w | V-Piel-ConjImperf.h-1cs | 3mp,<p>Conjunctive waw </p><p>+ Verb - Piel - Conjunctive imperfect Cohortative if contextual - first person common singular </p><p>+ third person masculine plural</p>,H8762,V-Piel-Imperf,hebrew,allstrong_def_hebrew:hebrew_def:Piel/imparfait,OK_DEF_MATCH,Piel / Imparfait
Conj-w | V-Piel-ConjImperf.h-1cs | 3ms,<p>Conjunctive waw </p><p>+ Verb - Piel - Conjunctive imperfect Cohortative if contextual - first person common singular </p><p>+ third person masculine singular</p>,H8762,V-Piel-Imperf,hebrew,allstrong_def_hebrew:hebrew_def:Piel/imparfait,OK_DEF_MATCH,Piel / Imparfait
Conj-w | V-Piel-ConjImperf.Jus-3fs,<p>Conjunctive waw </p><p>+ Verb - Piel - Conjunctive imperfect Jussive - third person feminine singular</p>,H8762,V-Piel-Imperf,hebrew,allstrong_def_hebrew:hebrew_def:Piel/imparfait,OK_DEF_MATCH,Piel / Imparfait
Conj-w | V-Piel-ConjPerf-1cp,<p>Conjunctive waw </p><p>+ Verb - Piel - Conjunctive perfect - first person common plural</p>,H8765,V-Piel-Perf,hebrew,allstrong_def_hebrew:hebrew_def:Piel/parfait,OK_DEF_MATCH,Piel / Parfait
Conj-w | V-Piel-ConjPerf-1cp | 2ms,<p>Conjunctive waw </p><p>+ Verb - Piel - Conjunctive perfect - first person common plural </p><p>+ second person masculine singular</p>,H8765,V-Piel-Perf,hebrew,allstrong_def_hebrew:hebrew_def:Piel/parfait,OK_DEF_MATCH,Piel / Parfait
Conj-w | V-Piel-ConjPerf-1cs,<p>Conjunctive waw </p><p>+ Verb - Piel - Conjunctive perfect - first person common singular</p>,H8765,V-Piel-Perf,hebrew,allstrong_def_hebrew:hebrew_def:Piel/parfait,OK_DEF_MATCH,Piel / Parfait
Conj-w | V-Piel-ConjPerf-1cs | 2fs,<p>Conjunctive waw </p><p>+ Verb - Piel - Conjunctive perfect - first person common singular </p><p>+ second person feminine singular</p>,H8765,V-Piel-Perf,hebrew,allstrong_def_hebrew:hebrew_def:Piel/parfait,OK_DEF_MATCH,Piel / Parfait
Conj-w | V-Piel-ConjPerf-1cs | 2fs2,<p>Conjunctive waw </p><p>+ Verb - Piel - Conjunctive perfect - first person common singular </p><p>+ second person feminine singular</p>,H8765,V-Piel-Perf,hebrew,allstrong_def_hebrew:hebrew_def:Piel/parfait,OK_DEF_MATCH,Piel / Parfait
Conj-w | V-Piel-ConjPerf-1cs | 2ms,<p>Conjunctive waw </p><p>+ Verb - Piel - Conjunctive perfect - first person common singular </p><p>+ second person masculine singular</p>,H8765,V-Piel-Perf,hebrew,allstrong_def_hebrew:hebrew_def:Piel/parfait,OK_DEF_MATCH,Piel / Parfait
Conj-w | V-Piel-ConjPerf-1cs | 3fs,<p>Conjunctive waw </p><p>+ Verb - Piel - Conjunctive perfect - first person common singular </p><p>+ third person feminine singular</p>,H8765,V-Piel-Perf,hebrew,allstrong_def_hebrew:hebrew_def:Piel/parfait,OK_DEF_MATCH,Piel / Parfait
Conj-w | V-Piel-ConjPerf-1cs | 3mp,<p>Conjunctive waw </p><p>+ Verb - Piel - Conjunctive perfect - first person common singular </p><p>+ third person masculine plural</p>,H8765,V-Piel-Perf,hebrew,allstrong_def_hebrew:hebrew_def:Piel/parfait,OK_DEF_MATCH,Piel / Parfait
Conj-w | V-Piel-ConjPerf-1cs | 3ms,<p>Conjunctive waw </p><p>+ Verb - Piel - Conjunctive perfect - first person common singular </p><p>+ third person masculine singular</p>,H8765,V-Piel-Perf,hebrew,allstrong_def_hebrew:hebrew_def:Piel/parfait,OK_DEF_MATCH,Piel / Parfait
Conj-w | V-Piel-ConjPerf-2fs,<p>Conjunctive waw </p><p>+ Verb - Piel - Conjunctive perfect - second person feminine singular</p>,H8765,V-Piel-Perf,hebrew,allstrong_def_hebrew:hebrew_def:Piel/parfait,OK_DEF_MATCH,Piel / Parfait
Conj-w | V-Piel-ConjPerf-2mp,<p>Conjunctive waw </p><p>+ Verb - Piel - Conjunctive perfect - second person masculine plural</p>,H8765,V-Piel-Perf,hebrew,allstrong_def_hebrew:hebrew_def:Piel/parfait,OK_DEF_MATCH,Piel / Parfait
Conj-w | V-Piel-ConjPerf-2ms,<p>Conjunctive waw </p><p>+ Verb - Piel - Conjunctive perfect - second person masculine singular</p>,H8765,V-Piel-Perf,hebrew,allstrong_def_hebrew:hebrew_def:Piel/parfait,OK_DEF_MATCH,Piel / Parfait
Conj-w | V-Piel-ConjPerf-2ms | 1cs,<p>Conjunctive waw </p><p>+ Verb - Piel - Conjunctive perfect - second person masculine singular </p><p>+ first person common singular</p>,H8765,V-Piel-Perf,hebrew,allstrong_def_hebrew:hebrew_def:Piel/parfait,OK_DEF_MATCH,Piel / Parfait
Conj-w | V-Piel-ConjPerf-2ms | 3fs,<p>Conjunctive waw </p><p>+ Verb - Piel - Conjunctive perfect - second person masculine singular </p><p>+ third person feminine singular</p>,H8765,V-Piel-Perf,hebrew,allstrong_def_hebrew:hebrew_def:Piel/parfait,OK_DEF_MATCH,Piel / Parfait
Conj-w | V-Piel-ConjPerf-2ms | 3mp,<p>Conjunctive waw </p><p>+ Verb - Piel - Conjunctive perfect - second person masculine singular </p><p>+ third person masculine plural</p>,H8765,V-Piel-Perf,hebrew,allstrong_def_hebrew:hebrew_def:Piel/parfait,OK_DEF_MATCH,Piel / Parfait
Conj-w | V-Piel-ConjPerf-2ms | 3ms,<p>Conjunctive waw </p><p>+ Verb - Piel - Conjunctive perfect - second person masculine singular </p><p>+ third person masculine singular</p>,H8765,V-Piel-Perf,hebrew,allstrong_def_hebrew:hebrew_def:Piel/parfait,OK_DEF_MATCH,Piel / Parfait
Conj-w | V-Piel-ConjPerf-3cp,<p>Conjunctive waw </p><p>+ Verb - Piel - Conjunctive perfect - third person common plural</p>,H8765,V-Piel-Perf,hebrew,allstrong_def_hebrew:hebrew_def:Piel/parfait,OK_DEF_MATCH,Piel / Parfait
Conj-w | V-Piel-ConjPerf-3cp | 1cs,<p>Conjunctive waw </p><p>+ Verb - Piel - Conjunctive perfect - third person common plural </p><p>+ first person common singular</p>,H8765,V-Piel-Perf,hebrew,allstrong_def_hebrew:hebrew_def:Piel/parfait,OK_DEF_MATCH,Piel / Parfait
Conj-w | V-Piel-ConjPerf-3cp | 2fs2,<p>Conjunctive waw </p><p>+ Verb - Piel - Conjunctive perfect - third person common plural </p><p>+ second person feminine singular</p>,H8765,V-Piel-Perf,hebrew,allstrong_def_hebrew:hebrew_def:Piel/parfait,OK_DEF_MATCH,Piel / Parfait
Conj-w | V-Piel-ConjPerf-3cp | 3fs,<p>Conjunctive waw </p><p>+ Verb - Piel - Conjunctive perfect - third person common plural </p><p>+ third person feminine singular</p>,H8765,V-Piel-Perf,hebrew,allstrong_def_hebrew:hebrew_def:Piel/parfait,OK_DEF_MATCH,Piel / Parfait
Conj-w | V-Piel-ConjPerf-3cp | 3mp,<p>Conjunctive waw </p><p>+ Verb - Piel - Conjunctive perfect - third person common plural </p><p>+ third person masculine plural</p>,H8765,V-Piel-Perf,hebrew,allstrong_def_hebrew:hebrew_def:Piel/parfait,OK_DEF_MATCH,Piel / Parfait
Conj-w | V-Piel-ConjPerf-3cp | 3ms,<p>Conjunctive waw </p><p>+ Verb - Piel - Conjunctive perfect - third person common plural </p><p>+ third person masculine singular</p>,H8765,V-Piel-Perf,hebrew,allstrong_def_hebrew:hebrew_def:Piel/parfait,OK_DEF_MATCH,Piel / Parfait
Conj-w | V-Piel-ConjPerf-3fs,<p>Conjunctive waw </p><p>+ Verb - Piel - Conjunctive perfect - third person feminine singular</p>,H8765,V-Piel-Perf,hebrew,allstrong_def_hebrew:hebrew_def:Piel/parfait,OK_DEF_MATCH,Piel / Parfait
Conj-w | V-Piel-ConjPerf-3fs | 3fs,<p>Conjunctive waw </p><p>+ Verb - Piel - Conjunctive perfect - third person feminine singular </p><p>+ third person feminine singular</p>,H8765,V-Piel-Perf,hebrew,allstrong_def_hebrew:hebrew_def:Piel/parfait,OK_DEF_MATCH,Piel / Parfait
Conj-w | V-Piel-ConjPerf-3fs | 3mp,<p>Conjunctive waw </p><p>+ Verb - Piel - Conjunctive perfect - third person feminine singular </p><p>+ third person masculine plural</p>,H8765,V-Piel-Perf,hebrew,allstrong_def_hebrew:hebrew_def:Piel/parfait,OK_DEF_MATCH,Piel / Parfait
Conj-w | V-Piel-ConjPerf-3fs | 3ms,<p>Conjunctive waw </p><p>+ Verb - Piel - Conjunctive perfect - third person feminine singular </p><p>+ third person masculine singular</p>,H8765,V-Piel-Perf,hebrew,allstrong_def_hebrew:hebrew_def:Piel/parfait,OK_DEF_MATCH,Piel / Parfait
Conj-w | V-Piel-ConjPerf-3ms,<p>Conjunctive waw </p><p>+ Verb - Piel - Conjunctive perfect - third person masculine singular</p>,H8765,V-Piel-Perf,hebrew,allstrong_def_hebrew:hebrew_def:Piel/parfait,OK_DEF_MATCH,Piel / Parfait
Conj-w | V-Piel-ConjPerf-3ms | 2ms,<p>Conjunctive waw </p><p>+ Verb - Piel - Conjunctive perfect - third person masculine singular </p><p>+ second person masculine singular</p>,H8765,V-Piel-Perf,hebrew,allstrong_def_hebrew:hebrew_def:Piel/parfait,OK_DEF_MATCH,Piel / Parfait
Conj-w | V-Piel-ConjPerf-3ms | 2ms2,<p>Conjunctive waw </p><p>+ Verb - Piel - Conjunctive perfect - third person masculine singular </p><p>+ second person masculine singular</p>,H8765,V-Piel-Perf,hebrew,allstrong_def_hebrew:hebrew_def:Piel/parfait,OK_DEF_MATCH,Piel / Parfait
Conj-w | V-Piel-ConjPerf-3ms | 3fs,<p>Conjunctive waw </p><p>+ Verb - Piel - Conjunctive perfect - third person masculine singular </p><p>+ third person feminine singular</p>,H8765,V-Piel-Perf,hebrew,allstrong_def_hebrew:hebrew_def:Piel/parfait,OK_DEF_MATCH,Piel / Parfait
Conj-w | V-Piel-ConjPerf-3ms | 3mp,<p>Conjunctive waw </p><p>+ Verb - Piel - Conjunctive perfect - third person masculine singular </p><p>+ third person masculine plural</p>,H8765,V-Piel-Perf,hebrew,allstrong_def_hebrew:hebrew_def:Piel/parfait,OK_DEF_MATCH,Piel / Parfait
Conj-w | V-Piel-ConjPerf-3ms | 3ms,<p>Conjunctive waw </p><p>+ Verb - Piel - Conjunctive perfect - third person masculine singular </p><p>+ third person masculine singular</p>,H8765,V-Piel-Perf,hebrew,allstrong_def_hebrew:hebrew_def:Piel/parfait,OK_DEF_MATCH,Piel / Parfait
Conj-w | V-Piel-ConsecImperf-1cp,<p>Conjunctive waw </p><p>+ Verb - Piel - Consecutive imperfect - first person common plural</p>,H8762,V-Piel-Imperf,hebrew,allstrong_def_hebrew:hebrew_def:Piel/imparfait,OK_DEF_MATCH,Piel / Imparfait
Conj-w | V-Piel-ConsecImperf-1cp | 2ms,<p>Conjunctive waw </p><p>+ Verb - Piel - Consecutive imperfect - first person common plural </p><p>+ second person masculine singular</p>,H8762,V-Piel-Imperf,hebrew,allstrong_def_hebrew:hebrew_def:Piel/imparfait,OK_DEF_MATCH,Piel / Imparfait
Conj-w | V-Piel-ConsecImperf-1cp | 3fs,<p>Conjunctive waw </p><p>+ Verb - Piel - Consecutive imperfect - first person common plural </p><p>+ third person feminine singular</p>,H8762,V-Piel-Imperf,hebrew,allstrong_def_hebrew:hebrew_def:Piel/imparfait,OK_DEF_MATCH,Piel / Imparfait
Conj-w | V-Piel-ConsecImperf-1cs,<p>Conjunctive waw </p><p>+ Verb - Piel - Consecutive imperfect - first person common singular</p>,H8762,V-Piel-Imperf,hebrew,allstrong_def_hebrew:hebrew_def:Piel/imparfait,OK_DEF_MATCH,Piel / Imparfait
Conj-w | V-Piel-ConsecImperf-1cs | 2fs,<p>Conjunctive waw </p><p>+ Verb - Piel - Consecutive imperfect - first person common singular </p><p>+ second person feminine singular</p>,H8762,V-Piel-Imperf,hebrew,allstrong_def_hebrew:hebrew_def:Piel/imparfait,OK_DEF_MATCH,Piel / Imparfait
Conj-w | V-Piel-ConsecImperf-1cs | 2ms,<p>Conjunctive waw </p><p>+ Verb - Piel - Consecutive imperfect - first person common singular </p><p>+ second person masculine singular</p>,H8762,V-Piel-Imperf,hebrew,allstrong_def_hebrew:hebrew_def:Piel/imparfait,OK_DEF_MATCH,Piel / Imparfait
Conj-w | V-Piel-ConsecImperf-1cs | 3fs,<p>Conjunctive waw </p><p>+ Verb - Piel - Consecutive imperfect - first person common singular </p><p>+ third person feminine singular</p>,H8762,V-Piel-Imperf,hebrew,allstrong_def_hebrew:hebrew_def:Piel/imparfait,OK_DEF_MATCH,Piel / Imparfait
Conj-w | V-Piel-ConsecImperf-1cs | 3mp,<p>Conjunctive waw </p><p>+ Verb - Piel - Consecutive imperfect - first person common singular </p><p>+ third person masculine plural</p>,H8762,V-Piel-Imperf,hebrew,allstrong_def_hebrew:hebrew_def:Piel/imparfait,OK_DEF_MATCH,Piel / Imparfait
Conj-w | V-Piel-ConsecImperf-1cs | 3ms,<p>Conjunctive waw </p><p>+ Verb - Piel - Consecutive imperfect - first person common singular </p><p>+ third person masculine singular</p>,H8762,V-Piel-Imperf,hebrew,allstrong_def_hebrew:hebrew_def:Piel/imparfait,OK_DEF_MATCH,Piel / Imparfait
Conj-w | V-Piel-ConsecImperf-2fp,<p>Conjunctive waw </p><p>+ Verb - Piel - Consecutive imperfect - second person feminine plural</p>,H8762,V-Piel-Imperf,hebrew,allstrong_def_hebrew:hebrew_def:Piel/imparfait,OK_DEF_MATCH,Piel / Imparfait
Conj-w | V-Piel-ConsecImperf-2fs,<p>Conjunctive waw </p><p>+ Verb - Piel - Consecutive imperfect - second person feminine singular</p>,H8762,V-Piel-Imperf,hebrew,allstrong_def_hebrew:hebrew_def:Piel/imparfait,OK_DEF_MATCH,Piel / Imparfait
Conj-w | V-Piel-ConsecImperf-2fs | 3mp,<p>Conjunctive waw </p><p>+ Verb - Piel - Consecutive imperfect - second person feminine singular </p><p>+ third person masculine plural</p>,H8762,V-Piel-Imperf,hebrew,allstrong_def_hebrew:hebrew_def:Piel/imparfait,OK_DEF_MATCH,Piel / Imparfait
Conj-w | V-Piel-ConsecImperf-2mp,<p>Conjunctive waw </p><p>+ Verb - Piel - Consecutive imperfect - second person masculine plural</p>,H8762,V-Piel-Imperf,hebrew,allstrong_def_hebrew:hebrew_def:Piel/imparfait,OK_DEF_MATCH,Piel / Imparfait
Conj-w | V-Piel-ConsecImperf-2mp | 1cs,<p>Conjunctive waw </p><p>+ Verb - Piel - Consecutive imperfect - second person masculine plural </p><p>+ first person common singular</p>,H8762,V-Piel-Imperf,hebrew,allstrong_def_hebrew:hebrew_def:Piel/imparfait,OK_DEF_MATCH,Piel / Imparfait
Conj-w | V-Piel-ConsecImperf-2ms,<p>Conjunctive waw </p><p>+ Verb - Piel - Consecutive imperfect - second person masculine singular</p>,H8762,V-Piel-Imperf,hebrew,allstrong_def_hebrew:hebrew_def:Piel/imparfait,OK_DEF_MATCH,Piel / Imparfait
Conj-w | V-Piel-ConsecImperf-2ms | 1cs,<p>Conjunctive waw </p><p>+ Verb - Piel - Consecutive imperfect - second person masculine singular </p><p>+ first person common singular</p>,H8762,V-Piel-Imperf,hebrew,allstrong_def_hebrew:hebrew_def:Piel/imparfait,OK_DEF_MATCH,Piel / Imparfait
Conj-w | V-Piel-ConsecImperf-2ms | 3fs,<p>Conjunctive waw </p><p>+ Verb - Piel - Consecutive imperfect - second person masculine singular </p><p>+ third person feminine singular</p>,H8762,V-Piel-Imperf,hebrew,allstrong_def_hebrew:hebrew_def:Piel/imparfait,OK_DEF_MATCH,Piel / Imparfait
Conj-w | V-Piel-ConsecImperf-2ms | 3mp,<p>Conjunctive waw </p><p>+ Verb - Piel - Consecutive imperfect - second person masculine singular </p><p>+ third person masculine plural</p>,H8762,V-Piel-Imperf,hebrew,allstrong_def_hebrew:hebrew_def:Piel/imparfait,OK_DEF_MATCH,Piel / Imparfait
Conj-w | V-Piel-ConsecImperf-2ms | 3ms,<p>Conjunctive waw </p><p>+ Verb - Piel - Consecutive imperfect - second person masculine singular </p><p>+ third person masculine singular</p>,H8762,V-Piel-Imperf,hebrew,allstrong_def_hebrew:hebrew_def:Piel/imparfait,OK_DEF_MATCH,Piel / Imparfait
Conj-w | V-Piel-ConsecImperf-3fp,<p>Conjunctive waw </p><p>+ Verb - Piel - Consecutive imperfect - third person feminine plural</p>,H8762,V-Piel-Imperf,hebrew,allstrong_def_hebrew:hebrew_def:Piel/imparfait,OK_DEF_MATCH,Piel / Imparfait
Conj-w | V-Piel-ConsecImperf-3fs,<p>Conjunctive waw </p><p>+ Verb - Piel - Consecutive imperfect - third person feminine singular</p>,H8762,V-Piel-Imperf,hebrew,allstrong_def_hebrew:hebrew_def:Piel/imparfait,OK_DEF_MATCH,Piel / Imparfait
Conj-w | V-Piel-ConsecImperf-3fs | 1cs,<p>Conjunctive waw </p><p>+ Verb - Piel - Consecutive imperfect - third person feminine singular </p><p>+ first person common singular</p>,H8762,V-Piel-Imperf,hebrew,allstrong_def_hebrew:hebrew_def:Piel/imparfait,OK_DEF_MATCH,Piel / Imparfait
Conj-w | V-Piel-ConsecImperf-3fs | 3fs,<p>Conjunctive waw </p><p>+ Verb - Piel - Consecutive imperfect - third person feminine singular </p><p>+ third person feminine singular</p>,H8762,V-Piel-Imperf,hebrew,allstrong_def_hebrew:hebrew_def:Piel/imparfait,OK_DEF_MATCH,Piel / Imparfait
Conj-w | V-Piel-ConsecImperf-3fs | 3mp,<p>Conjunctive waw </p><p>+ Verb - Piel - Consecutive imperfect - third person feminine singular </p><p>+ third person masculine plural</p>,H8762,V-Piel-Imperf,hebrew,allstrong_def_hebrew:hebrew_def:Piel/imparfait,OK_DEF_MATCH,Piel / Imparfait
Conj-w | V-Piel-ConsecImperf-3fs | 3ms,<p>Conjunctive waw </p><p>+ Verb - Piel - Consecutive imperfect - third person feminine singular </p><p>+ third person masculine singular</p>,H8762,V-Piel-Imperf,hebrew,allstrong_def_hebrew:hebrew_def:Piel/imparfait,OK_DEF_MATCH,Piel / Imparfait
Conj-w | V-Piel-ConsecImperf-3mp,<p>Conjunctive waw </p><p>+ Verb - Piel - Consecutive imperfect - third person masculine plural</p>,H8762,V-Piel-Imperf,hebrew,allstrong_def_hebrew:hebrew_def:Piel/imparfait,OK_DEF_MATCH,Piel / Imparfait
Conj-w | V-Piel-ConsecImperf-3mp | 1cp,<p>Conjunctive waw </p><p>+ Verb - Piel - Consecutive imperfect - third person masculine plural </p><p>+ first person common plural</p>,H8762,V-Piel-Imperf,hebrew,allstrong_def_hebrew:hebrew_def:Piel/imparfait,OK_DEF_MATCH,Piel / Imparfait
Conj-w | V-Piel-ConsecImperf-3mp | 3fs,<p>Conjunctive waw </p><p>+ Verb - Piel - Consecutive imperfect - third person masculine plural </p><p>+ third person feminine singular</p>,H8762,V-Piel-Imperf,hebrew,allstrong_def_hebrew:hebrew_def:Piel/imparfait,OK_DEF_MATCH,Piel / Imparfait
Conj-w | V-Piel-ConsecImperf-3mp | 3mp,<p>Conjunctive waw </p><p>+ Verb - Piel - Consecutive imperfect - third person masculine plural </p><p>+ third person masculine plural</p>,H8762,V-Piel-Imperf,hebrew,allstrong_def_hebrew:hebrew_def:Piel/imparfait,OK_DEF_MATCH,Piel / Imparfait
Conj-w | V-Piel-ConsecImperf-3mp | 3ms,<p>Conjunctive waw </p><p>+ Verb - Piel - Consecutive imperfect - third person masculine plural </p><p>+ third person masculine singular</p>,H8762,V-Piel-Imperf,hebrew,allstrong_def_hebrew:hebrew_def:Piel/imparfait,OK_DEF_MATCH,Piel / Imparfait
Conj-w | V-Piel-ConsecImperf-3ms,<p>Conjunctive waw </p><p>+ Verb - Piel - Consecutive imperfect - third person masculine singular</p>,H8762,V-Piel-Imperf,hebrew,allstrong_def_hebrew:hebrew_def:Piel/imparfait,OK_DEF_MATCH,Piel / Imparfait
Conj-w | V-Piel-ConsecImperf-3ms | 1cp,<p>Conjunctive waw </p><p>+ Verb - Piel - Consecutive imperfect - third person masculine singular </p><p>+ first person common plural</p>,H8762,V-Piel-Imperf,hebrew,allstrong_def_hebrew:hebrew_def:Piel/imparfait,OK_DEF_MATCH,Piel / Imparfait
Conj-w | V-Piel-ConsecImperf-3ms | 1cs,<p>Conjunctive waw </p><p>+ Verb - Piel - Consecutive imperfect - third person masculine singular </p><p>+ first person common singular</p>,H8762,V-Piel-Imperf,hebrew,allstrong_def_hebrew:hebrew_def:Piel/imparfait,OK_DEF_MATCH,Piel / Imparfait
Conj-w | V-Piel-ConsecImperf-3ms | 2ms,<p>Conjunctive waw </p><p>+ Verb - Piel - Consecutive imperfect - third person masculine singular </p><p>+ second person masculine singular</p>,H8762,V-Piel-Imperf,hebrew,allstrong_def_hebrew:hebrew_def:Piel/imparfait,OK_DEF_MATCH,Piel / Imparfait
Conj-w | V-Piel-ConsecImperf-3ms | 3fs,<p>Conjunctive waw </p><p>+ Verb - Piel - Consecutive imperfect - third person masculine singular </p><p>+ third person feminine singular</p>,H8762,V-Piel-Imperf,hebrew,allstrong_def_hebrew:hebrew_def:Piel/imparfait,OK_DEF_MATCH,Piel / Imparfait
Conj-w | V-Piel-ConsecImperf-3ms | 3mp,<p>Conjunctive waw </p><p>+ Verb - Piel - Consecutive imperfect - third person masculine singular </p><p>+ third person masculine plural</p>,H8762,V-Piel-Imperf,hebrew,allstrong_def_hebrew:hebrew_def:Piel/imparfait,OK_DEF_MATCH,Piel / Imparfait
Conj-w | V-Piel-ConsecImperf-3ms | 3ms,<p>Conjunctive waw </p><p>+ Verb - Piel - Consecutive imperfect - third person masculine singular </p><p>+ third person masculine singular</p>,H8762,V-Piel-Imperf,hebrew,allstrong_def_hebrew:hebrew_def:Piel/imparfait,OK_DEF_MATCH,Piel / Imparfait
Conj-w | V-Piel-Imp-fp,<p>Conjunctive waw </p><p>+ Verb - Piel - Imperative - feminine plural</p>,H8761,V-Piel-Imp,hebrew,allstrong_def_hebrew:hebrew_def:Piel/impératif,OK_DEF_MATCH,Piel / Impératif
Conj-w | V-Piel-Imp-fs,<p>Conjunctive waw </p><p>+ Verb - Piel - Imperative - feminine singular</p>,H8761,V-Piel-Imp,hebrew,allstrong_def_hebrew:hebrew_def:Piel/impératif,OK_DEF_MATCH,Piel / Impératif
Conj-w | V-Piel-Imp-mp,<p>Conjunctive waw </p><p>+ Verb - Piel - Imperative - masculine plural</p>,H8761,V-Piel-Imp,hebrew,allstrong_def_hebrew:hebrew_def:Piel/impératif,OK_DEF_MATCH,Piel / Impératif
Conj-w | V-Piel-Imp-mp | 1cs,<p>Conjunctive waw </p><p>+ Verb - Piel - Imperative - masculine plural </p><p>+ first person common singular</p>,H8761,V-Piel-Imp,hebrew,allstrong_def_hebrew:hebrew_def:Piel/impératif,OK_DEF_MATCH,Piel / Impératif
Conj-w | V-Piel-Imp-ms,<p>Conjunctive waw </p><p>+ Verb - Piel - Imperative - masculine singular</p>,H8761,V-Piel-Imp,hebrew,allstrong_def_hebrew:hebrew_def:Piel/impératif,OK_DEF_MATCH,Piel / Impératif
Conj-w | V-Piel-Imp-ms | 1cp,<p>Conjunctive waw </p><p>+ Verb - Piel - Imperative - masculine singular </p><p>+ first person common plural</p>,H8761,V-Piel-Imp,hebrew,allstrong_def_hebrew:hebrew_def:Piel/impératif,OK_DEF_MATCH,Piel / Impératif
Conj-w | V-Piel-Imp-ms | 1cs,<p>Conjunctive waw </p><p>+ Verb - Piel - Imperative - masculine singular </p><p>+ first person common singular</p>,H8761,V-Piel-Imp,hebrew,allstrong_def_hebrew:hebrew_def:Piel/impératif,OK_DEF_MATCH,Piel / Impératif
Conj-w | V-Piel-Imp-ms | 3fs,<p>Conjunctive waw </p><p>+ Verb - Piel - Imperative - masculine singular </p><p>+ third person feminine singular</p>,H8761,V-Piel-Imp,hebrew,allstrong_def_hebrew:hebrew_def:Piel/impératif,OK_DEF_MATCH,Piel / Impératif
Conj-w | V-Piel-Imp-ms | 3mp,<p>Conjunctive waw </p><p>+ Verb - Piel - Imperative - masculine singular </p><p>+ third person masculine plural</p>,H8761,V-Piel-Imp,hebrew,allstrong_def_hebrew:hebrew_def:Piel/impératif,OK_DEF_MATCH,Piel / Impératif
Conj-w | V-Piel-Imp-ms | 3ms,<p>Conjunctive waw </p><p>+ Verb - Piel - Imperative - masculine singular </p><p>+ third person masculine singular</p>,H8761,V-Piel-Imp,hebrew,allstrong_def_hebrew:hebrew_def:Piel/impératif,OK_DEF_MATCH,Piel / Impératif
Conj-w | V-Piel-Inf,<p>Conjunctive waw </p><p>+ Verb - Piel - Infinitive construct</p>,H8763,V-Piel-Inf,hebrew,allstrong_def_hebrew:hebrew_def:Piel/infinitif,OK_DEF_MATCH,Piel / Infinitif
Conj-w | V-Piel-InfAbs,<p>Conjunctive waw </p><p>+ Verb - Piel - Infinitive absolute</p>,H8763,V-Piel-Inf,hebrew,allstrong_def_hebrew:hebrew_def:Piel/infinitif,OK_DEF_MATCH,Piel / Infinitif
Conj-w | V-Piel-Prtcpl-fp,<p>Conjunctive waw </p><p>+ Verb - Piel - Participle - feminine plural</p>,H8764,V-Piel-Prtcpl,hebrew,allstrong_def_hebrew:hebrew_def:Piel/participe,OK_DEF_MATCH,Piel / Participe
Conj-w | V-Piel-Prtcpl-fs,<p>Conjunctive waw </p><p>+ Verb - Piel - Participle - feminine singular</p>,H8764,V-Piel-Prtcpl,hebrew,allstrong_def_hebrew:hebrew_def:Piel/participe,OK_DEF_MATCH,Piel / Participe
Conj-w | V-Piel-Prtcpl-fsc,<p>Conjunctive waw </p><p>+ Verb - Piel - Participle - feminine singular construct</p>,H8764,V-Piel-Prtcpl,hebrew,allstrong_def_hebrew:hebrew_def:Piel/participe,OK_DEF_MATCH,Piel / Participe
Conj-w | V-Piel-Prtcpl-mp,<p>Conjunctive waw </p><p>+ Verb - Piel - Participle - masculine plural</p>,H8764,V-Piel-Prtcpl,hebrew,allstrong_def_hebrew:hebrew_def:Piel/participe,OK_DEF_MATCH,Piel / Participe
Conj-w | V-Piel-Prtcpl-mpc,<p>Conjunctive waw </p><p>+ Verb - Piel - Participle - masculine plural construct</p>,H8764,V-Piel-Prtcpl,hebrew,allstrong_def_hebrew:hebrew_def:Piel/participe,OK_DEF_MATCH,Piel / Participe
Conj-w | V-Piel-Prtcpl-mpc | 1cp,<p>Conjunctive waw </p><p>+ Verb - Piel - Participle - masculine plural construct </p><p>+ first person common plural</p>,H8764,V-Piel-Prtcpl,hebrew,allstrong_def_hebrew:hebrew_def:Piel/participe,OK_DEF_MATCH,Piel / Participe
Conj-w | V-Piel-Prtcpl-mpc | 1cs,<p>Conjunctive waw </p><p>+ Verb - Piel - Participle - masculine plural construct </p><p>+ first person common singular</p>,H8764,V-Piel-Prtcpl,hebrew,allstrong_def_hebrew:hebrew_def:Piel/participe,OK_DEF_MATCH,Piel / Participe
Conj-w | V-Piel-Prtcpl-mpc | 2fs,<p>Conjunctive waw </p><p>+ Verb - Piel - Participle - masculine plural construct </p><p>+ second person feminine singular</p>,H8764,V-Piel-Prtcpl,hebrew,allstrong_def_hebrew:hebrew_def:Piel/participe,OK_DEF_MATCH,Piel / Participe
Conj-w | V-Piel-Prtcpl-mpc | 2ms,<p>Conjunctive waw </p><p>+ Verb - Piel - Participle - masculine plural construct </p><p>+ second person masculine singular</p>,H8764,V-Piel-Prtcpl,hebrew,allstrong_def_hebrew:hebrew_def:Piel/participe,OK_DEF_MATCH,Piel / Participe
Conj-w | V-Piel-Prtcpl-mpc | 3ms,<p>Conjunctive waw </p><p>+ Verb - Piel - Participle - masculine plural construct </p><p>+ third person masculine singular</p>,H8764,V-Piel-Prtcpl,hebrew,allstrong_def_hebrew:hebrew_def:Piel/participe,OK_DEF_MATCH,Piel / Participe
Conj-w | V-Piel-Prtcpl-ms,<p>Conjunctive waw </p><p>+ Verb - Piel - Participle - masculine singular</p>,H8764,V-Piel-Prtcpl,hebrew,allstrong_def_hebrew:hebrew_def:Piel/participe,OK_DEF_MATCH,Piel / Participe
Conj-w | V-Piel-Prtcpl-msc | 1cs,<p>Conjunctive waw </p><p>+ Verb - Piel - Participle - masculine singular construct </p><p>+ first person common singular</p>,H8764,V-Piel-Prtcpl,hebrew,allstrong_def_hebrew:hebrew_def:Piel/participe,OK_DEF_MATCH,Piel / Participe
Conj-w | V-Piel-Prtcpl-msc | 2mp,<p>Conjunctive waw </p><p>+ Verb - Piel - Participle - masculine singular construct </p><p>+ second person masculine plural</p>,H8764,V-Piel-Prtcpl,hebrew,allstrong_def_hebrew:hebrew_def:Piel/participe,OK_DEF_MATCH,Piel / Participe
Conj-w | V-Piel-Prtcpl-msc | 2ms,<p>Conjunctive waw </p><p>+ Verb - Piel - Participle - masculine singular construct </p><p>+ second person masculine singular</p>,H8764,V-Piel-Prtcpl,hebrew,allstrong_def_hebrew:hebrew_def:Piel/participe,OK_DEF_MATCH,Piel / Participe
Conj-w | V-Piel-Prtcpl-msc | 3ms,<p>Conjunctive waw </p><p>+ Verb - Piel - Participle - masculine singular construct </p><p>+ third person masculine singular</p>,H8764,V-Piel-Prtcpl,hebrew,allstrong_def_hebrew:hebrew_def:Piel/participe,OK_DEF_MATCH,Piel / Participe
Conj-w | V-Pual-ConjImperf-2fs,<p>Conjunctive waw </p><p>+ Verb - Pual - Conjunctive imperfect - second person feminine singular</p>,H8792,V-Pual-Imperf,hebrew,allstrong_def_hebrew:hebrew_def:Pual/imparfait,OK_DEF_MATCH,Pual / Imparfait
Conj-w | V-Pual-ConjPerf-3cp,<p>Conjunctive waw </p><p>+ Verb - Pual - Conjunctive perfect - third person common plural</p>,H8795,V-Pual-Perf,hebrew,allstrong_def_hebrew:hebrew_def:Pual/parfait,OK_DEF_MATCH,Pual / Parfait
Conj-w | V-Pual-ConjPerf-3ms,<p>Conjunctive waw </p><p>+ Verb - Pual - Conjunctive perfect - third person masculine singular</p>,H8795,V-Pual-Perf,hebrew,allstrong_def_hebrew:hebrew_def:Pual/parfait,OK_DEF_MATCH,Pual / Parfait
Conj-w | V-Pual-ConsecImperf-3mp,<p>Conjunctive waw </p><p>+ Verb - Pual - Consecutive imperfect - third person masculine plural</p>,H8792,V-Pual-Imperf,hebrew,allstrong_def_hebrew:hebrew_def:Pual/imparfait,OK_DEF_MATCH,Pual / Imparfait
Conj-w | V-Pual-ConsecImperf-3ms,<p>Conjunctive waw </p><p>+ Verb - Pual - Consecutive imperfect - third person masculine singular</p>,H8792,V-Pual-Imperf,hebrew,allstrong_def_hebrew:hebrew_def:Pual/imparfait,OK_DEF_MATCH,Pual / Imparfait
Conj-w | V-Pual-Prtcpl-fp,<p>Conjunctive waw </p><p>+ Verb - Pual - Participle - feminine plural</p>,H8794,V-Pual-Prtcpl,hebrew,allstrong_def_hebrew:hebrew_def:Pual/participe,OK_DEF_MATCH,Pual / Participe
Conj-w | V-Pual-Prtcpl-fs,<p>Conjunctive waw </p><p>+ Verb - Pual - Participle - feminine singular</p>,H8794,V-Pual-Prtcpl,hebrew,allstrong_def_hebrew:hebrew_def:Pual/participe,OK_DEF_MATCH,Pual / Participe
Conj-w | V-Pual-Prtcpl-mp,<p>Conjunctive waw </p><p>+ Verb - Pual - Participle - masculine plural</p>,H8794,V-Pual-Prtcpl,hebrew,allstrong_def_hebrew:hebrew_def:Pual/participe,OK_DEF_MATCH,Pual / Participe
Conj-w | V-Pual-Prtcpl-mpc | 1cs,<p>Conjunctive waw </p><p>+ Verb - Pual - Participle - masculine plural construct </p><p>+ first person common singular</p>,H8794,V-Pual-Prtcpl,hebrew,allstrong_def_hebrew:hebrew_def:Pual/participe,OK_DEF_MATCH,Pual / Participe
Conj-w | V-Pual-Prtcpl-mpc | 3ms,<p>Conjunctive waw </p><p>+ Verb - Pual - Participle - masculine plural construct </p><p>+ third person masculine singular</p>,H8794,V-Pual-Prtcpl,hebrew,allstrong_def_hebrew:hebrew_def:Pual/participe,OK_DEF_MATCH,Pual / Participe
Conj-w | V-Pual-Prtcpl-ms,<p>Conjunctive waw </p><p>+ Verb - Pual - Participle - masculine singular</p>,H8794,V-Pual-Prtcpl,hebrew,allstrong_def_hebrew:hebrew_def:Pual/participe,OK_DEF_MATCH,Pual / Participe
Conj-w | V-Pual-Prtcpl-msc | 1cs,<p>Conjunctive waw </p><p>+ Verb - Pual - Participle - masculine singular construct </p><p>+ first person common singular</p>,H8794,V-Pual-Prtcpl,hebrew,allstrong_def_hebrew:hebrew_def:Pual/participe,OK_DEF_MATCH,Pual / Participe
Conj-w | V-Qal-ConjImperf-1cp,<p>Conjunctive waw </p><p>+ Verb - Qal - Conjunctive imperfect - first person common plural</p>,H8799,V-Qal-Imperf,hebrew,allstrong_def_hebrew:hebrew_def:Qal/imparfait,OK_DEF_MATCH,Qal / Imparfait
Conj-w | V-Qal-ConjImperf-1cp | 3fs,<p>Conjunctive waw </p><p>+ Verb - Qal - Conjunctive imperfect - first person common plural </p><p>+ third person feminine singular</p>,H8799,V-Qal-Imperf,hebrew,allstrong_def_hebrew:hebrew_def:Qal/imparfait,OK_DEF_MATCH,Qal / Imparfait
Conj-w | V-Qal-ConjImperf-1cp | 3mp,<p>Conjunctive waw </p><p>+ Verb - Qal - Conjunctive imperfect - first person common plural </p><p>+ third person masculine plural</p>,H8799,V-Qal-Imperf,hebrew,allstrong_def_hebrew:hebrew_def:Qal/imparfait,OK_DEF_MATCH,Qal / Imparfait
Conj-w | V-Qal-ConjImperf-1cs,<p>Conjunctive waw </p><p>+ Verb - Qal - Conjunctive imperfect - first person common singular</p>,H8799,V-Qal-Imperf,hebrew,allstrong_def_hebrew:hebrew_def:Qal/imparfait,OK_DEF_MATCH,Qal / Imparfait
Conj-w | V-Qal-ConjImperf-1cs | 2fs,<p>Conjunctive waw </p><p>+ Verb - Qal - Conjunctive imperfect - first person common singular </p><p>+ second person feminine singular</p>,H8799,V-Qal-Imperf,hebrew,allstrong_def_hebrew:hebrew_def:Qal/imparfait,OK_DEF_MATCH,Qal / Imparfait
Conj-w | V-Qal-ConjImperf-1cs | 2ms,<p>Conjunctive waw </p><p>+ Verb - Qal - Conjunctive imperfect - first person common singular </p><p>+ second person masculine singular</p>,H8799,V-Qal-Imperf,hebrew,allstrong_def_hebrew:hebrew_def:Qal/imparfait,OK_DEF_MATCH,Qal / Imparfait
Conj-w | V-Qal-ConjImperf-1cs | 3mp,<p>Conjunctive waw </p><p>+ Verb - Qal - Conjunctive imperfect - first person common singular </p><p>+ third person masculine plural</p>,H8799,V-Qal-Imperf,hebrew,allstrong_def_hebrew:hebrew_def:Qal/imparfait,OK_DEF_MATCH,Qal / Imparfait
Conj-w | V-Qal-ConjImperf-1cs | 3ms,<p>Conjunctive waw </p><p>+ Verb - Qal - Conjunctive imperfect - first person common singular </p><p>+ third person masculine singular</p>,H8799,V-Qal-Imperf,hebrew,allstrong_def_hebrew:hebrew_def:Qal/imparfait,OK_DEF_MATCH,Qal / Imparfait
Conj-w | V-Qal-ConjImperf-2mp,<p>Conjunctive waw </p><p>+ Verb - Qal - Conjunctive imperfect - second person masculine plural</p>,H8799,V-Qal-Imperf,hebrew,allstrong_def_hebrew:hebrew_def:Qal/imparfait,OK_DEF_MATCH,Qal / Imparfait
Conj-w | V-Qal-ConjImperf-2ms,<p>Conjunctive waw </p><p>+ Verb - Qal - Conjunctive imperfect - second person masculine singular</p>,H8799,V-Qal-Imperf,hebrew,allstrong_def_hebrew:hebrew_def:Qal/imparfait,OK_DEF_MATCH,Qal / Imparfait
Conj-w | V-Qal-ConjImperf-2ms | 1cs,<p>Conjunctive waw </p><p>+ Verb - Qal - Conjunctive imperfect - second person masculine singular </p><p>+ first person common singular</p>,H8799,V-Qal-Imperf,hebrew,allstrong_def_hebrew:hebrew_def:Qal/imparfait,OK_DEF_MATCH,Qal / Imparfait
Conj-w | V-Qal-ConjImperf-2ms | 3mp,<p>Conjunctive waw </p><p>+ Verb - Qal - Conjunctive imperfect - second person masculine singular </p><p>+ third person masculine plural</p>,H8799,V-Qal-Imperf,hebrew,allstrong_def_hebrew:hebrew_def:Qal/imparfait,OK_DEF_MATCH,Qal / Imparfait
Conj-w | V-Qal-ConjImperf-2ms | 3ms,<p>Conjunctive waw </p><p>+ Verb - Qal - Conjunctive imperfect - second person masculine singular </p><p>+ third person masculine singular</p>,H8799,V-Qal-Imperf,hebrew,allstrong_def_hebrew:hebrew_def:Qal/imparfait,OK_DEF_MATCH,Qal / Imparfait
Conj-w | V-Qal-ConjImperf-3fp,<p>Conjunctive waw </p><p>+ Verb - Qal - Conjunctive imperfect - third person feminine plural</p>,H8799,V-Qal-Imperf,hebrew,allstrong_def_hebrew:hebrew_def:Qal/imparfait,OK_DEF_MATCH,Qal / Imparfait
Conj-w | V-Qal-ConjImperf-3fs,<p>Conjunctive waw </p><p>+ Verb - Qal - Conjunctive imperfect - third person feminine singular</p>,H8799,V-Qal-Imperf,hebrew,allstrong_def_hebrew:hebrew_def:Qal/imparfait,OK_DEF_MATCH,Qal / Imparfait
Conj-w | V-Qal-ConjImperf-3fs | 1cs,<p>Conjunctive waw </p><p>+ Verb - Qal - Conjunctive imperfect - third person feminine singular </p><p>+ first person common singular</p>,H8799,V-Qal-Imperf,hebrew,allstrong_def_hebrew:hebrew_def:Qal/imparfait,OK_DEF_MATCH,Qal / Imparfait
Conj-w | V-Qal-ConjImperf-3fs | 2ms,<p>Conjunctive waw </p><p>+ Verb - Qal - Conjunctive imperfect - third person feminine singular </p><p>+ second person masculine singular</p>,H8799,V-Qal-Imperf,hebrew,allstrong_def_hebrew:hebrew_def:Qal/imparfait,OK_DEF_MATCH,Qal / Imparfait
Conj-w | V-Qal-ConjImperf-3fs | 3mp,<p>Conjunctive waw </p><p>+ Verb - Qal - Conjunctive imperfect - third person feminine singular </p><p>+ third person masculine plural</p>,H8799,V-Qal-Imperf,hebrew,allstrong_def_hebrew:hebrew_def:Qal/imparfait,OK_DEF_MATCH,Qal / Imparfait
Conj-w | V-Qal-ConjImperf-3mp,<p>Conjunctive waw </p><p>+ Verb - Qal - Conjunctive imperfect - third person masculine plural</p>,H8799,V-Qal-Imperf,hebrew,allstrong_def_hebrew:hebrew_def:Qal/imparfait,OK_DEF_MATCH,Qal / Imparfait
Conj-w | V-Qal-ConjImperf-3mp | 1cs,<p>Conjunctive waw </p><p>+ Verb - Qal - Conjunctive imperfect - third person masculine plural </p><p>+ first person common singular</p>,H8799,V-Qal-Imperf,hebrew,allstrong_def_hebrew:hebrew_def:Qal/imparfait,OK_DEF_MATCH,Qal / Imparfait
Conj-w | V-Qal-ConjImperf-3mp | 2mp,<p>Conjunctive waw </p><p>+ Verb - Qal - Conjunctive imperfect - third person masculine plural </p><p>+ second person masculine plural</p>,H8799,V-Qal-Imperf,hebrew,allstrong_def_hebrew:hebrew_def:Qal/imparfait,OK_DEF_MATCH,Qal / Imparfait
Conj-w | V-Qal-ConjImperf-3mp | 3fs,<p>Conjunctive waw </p><p>+ Verb - Qal - Conjunctive imperfect - third person masculine plural </p><p>+ third person feminine singular</p>,H8799,V-Qal-Imperf,hebrew,allstrong_def_hebrew:hebrew_def:Qal/imparfait,OK_DEF_MATCH,Qal / Imparfait
Conj-w | V-Qal-ConjImperf-3mp | 3ms,<p>Conjunctive waw </p><p>+ Verb - Qal - Conjunctive imperfect - third person masculine plural </p><p>+ third person masculine singular</p>,H8799,V-Qal-Imperf,hebrew,allstrong_def_hebrew:hebrew_def:Qal/imparfait,OK_DEF_MATCH,Qal / Imparfait
Conj-w | V-Qal-ConjImperf-3mp | Pn,<p>Conjunctive waw </p><p>+ Verb - Qal - Conjunctive imperfect - third person masculine plural </p><p>+ Paragogic nun</p>,H8799,V-Qal-Imperf,hebrew,allstrong_def_hebrew:hebrew_def:Qal/imparfait,OK_DEF_MATCH,Qal / Imparfait
Conj-w | V-Qal-ConjImperf-3ms,<p>Conjunctive waw </p><p>+ Verb - Qal - Conjunctive imperfect - third person masculine singular</p>,H8799,V-Qal-Imperf,hebrew,allstrong_def_hebrew:hebrew_def:Qal/imparfait,OK_DEF_MATCH,Qal / Imparfait
Conj-w | V-Qal-ConjImperf-3ms | 1cp,<p>Conjunctive waw </p><p>+ Verb - Qal - Conjunctive imperfect - third person masculine singular </p><p>+ first person common plural</p>,H8799,V-Qal-Imperf,hebrew,allstrong_def_hebrew:hebrew_def:Qal/imparfait,OK_DEF_MATCH,Qal / Imparfait
Conj-w | V-Qal-ConjImperf-3ms | 1cs,<p>Conjunctive waw </p><p>+ Verb - Qal - Conjunctive imperfect - third person masculine singular </p><p>+ first person common singular</p>,H8799,V-Qal-Imperf,hebrew,allstrong_def_hebrew:hebrew_def:Qal/imparfait,OK_DEF_MATCH,Qal / Imparfait
Conj-w | V-Qal-ConjImperf-3ms | 2ms,<p>Conjunctive waw </p><p>+ Verb - Qal - Conjunctive imperfect - third person masculine singular </p><p>+ second person masculine singular</p>,H8799,V-Qal-Imperf,hebrew,allstrong_def_hebrew:hebrew_def:Qal/imparfait,OK_DEF_MATCH,Qal / Imparfait
Conj-w | V-Qal-ConjImperf-3ms | 3fs,<p>Conjunctive waw </p><p>+ Verb - Qal - Conjunctive imperfect - third person masculine singular </p><p>+ third person feminine singular</p>,H8799,V-Qal-Imperf,hebrew,allstrong_def_hebrew:hebrew_def:Qal/imparfait,OK_DEF_MATCH,Qal / Imparfait
Conj-w | V-Qal-ConjImperf-3ms | 3mp,<p>Conjunctive waw </p><p>+ Verb - Qal - Conjunctive imperfect - third person masculine singular </p><p>+ third person masculine plural</p>,H8799,V-Qal-Imperf,hebrew,allstrong_def_hebrew:hebrew_def:Qal/imparfait,OK_DEF_MATCH,Qal / Imparfait
Conj-w | V-Qal-ConjImperf-3ms | 3ms,<p>Conjunctive waw </p><p>+ Verb - Qal - Conjunctive imperfect - third person masculine singular </p><p>+ third person masculine singular</p>,H8799,V-Qal-Imperf,hebrew,allstrong_def_hebrew:hebrew_def:Qal/imparfait,OK_DEF_MATCH,Qal / Imparfait
Conj-w | V-Qal-ConjImperf.Cohort-1cp,<p>Conjunctive waw </p><p>+ Verb - Qal - Conjunctive imperfect Cohortative - first person common plural</p>,H8799,V-Qal-Imperf,hebrew,allstrong_def_hebrew:hebrew_def:Qal/imparfait,OK_DEF_MATCH,Qal / Imparfait
Conj-w | V-Qal-ConjImperf.Cohort-1cs,<p>Conjunctive waw </p><p>+ Verb - Qal - Conjunctive imperfect Cohortative - first person common singular</p>,H8799,V-Qal-Imperf,hebrew,allstrong_def_hebrew:hebrew_def:Qal/imparfait,OK_DEF_MATCH,Qal / Imparfait
Conj-w | V-Qal-ConjImperf.h-1cp,<p>Conjunctive waw </p><p>+ Verb - Qal - Conjunctive imperfect Cohortative if contextual - first person common plural</p>,H8799,V-Qal-Imperf,hebrew,allstrong_def_hebrew:hebrew_def:Qal/imparfait,OK_DEF_MATCH,Qal / Imparfait
Conj-w | V-Qal-ConjImperf.h-1cp | 2ms,<p>Conjunctive waw </p><p>+ Verb - Qal - Conjunctive imperfect Cohortative if contextual - first person common plural </p><p>+ second person masculine singular</p>,H8799,V-Qal-Imperf,hebrew,allstrong_def_hebrew:hebrew_def:Qal/imparfait,OK_DEF_MATCH,Qal / Imparfait
Conj-w | V-Qal-ConjImperf.h-1cp | 3fs,<p>Conjunctive waw </p><p>+ Verb - Qal - Conjunctive imperfect Cohortative if contextual - first person common plural </p><p>+ third person feminine singular</p>,H8799,V-Qal-Imperf,hebrew,allstrong_def_hebrew:hebrew_def:Qal/imparfait,OK_DEF_MATCH,Qal / Imparfait
Conj-w | V-Qal-ConjImperf.h-1cp | 3ms,<p>Conjunctive waw </p><p>+ Verb - Qal - Conjunctive imperfect Cohortative if contextual - first person common plural </p><p>+ third person masculine singular</p>,H8799,V-Qal-Imperf,hebrew,allstrong_def_hebrew:hebrew_def:Qal/imparfait,OK_DEF_MATCH,Qal / Imparfait
Conj-w | V-Qal-ConjImperf.h-1cs,<p>Conjunctive waw </p><p>+ Verb - Qal - Conjunctive imperfect Cohortative if contextual - first person common singular</p>,H8799,V-Qal-Imperf,hebrew,allstrong_def_hebrew:hebrew_def:Qal/imparfait,OK_DEF_MATCH,Qal / Imparfait
Conj-w | V-Qal-ConjImperf.h-1cs | 2ms,<p>Conjunctive waw </p><p>+ Verb - Qal - Conjunctive imperfect Cohortative if contextual - first person common singular </p><p>+ second person masculine singular</p>,H8799,V-Qal-Imperf,hebrew,allstrong_def_hebrew:hebrew_def:Qal/imparfait,OK_DEF_MATCH,Qal / Imparfait
Conj-w | V-Qal-ConjImperf.h-1cs | 3fs,<p>Conjunctive waw </p><p>+ Verb - Qal - Conjunctive imperfect Cohortative if contextual - first person common singular </p><p>+ third person feminine singular</p>,H8799,V-Qal-Imperf,hebrew,allstrong_def_hebrew:hebrew_def:Qal/imparfait,OK_DEF_MATCH,Qal / Imparfait
Conj-w | V-Qal-ConjImperf.h-1cs | 3mp,<p>Conjunctive waw </p><p>+ Verb - Qal - Conjunctive imperfect Cohortative if contextual - first person common singular </p><p>+ third person masculine plural</p>,H8799,V-Qal-Imperf,hebrew,allstrong_def_hebrew:hebrew_def:Qal/imparfait,OK_DEF_MATCH,Qal / Imparfait
Conj-w | V-Qal-ConjImperf.h-1cs | 3ms,<p>Conjunctive waw </p><p>+ Verb - Qal - Conjunctive imperfect Cohortative if contextual - first person common singular </p><p>+ third person masculine singular</p>,H8799,V-Qal-Imperf,hebrew,allstrong_def_hebrew:hebrew_def:Qal/imparfait,OK_DEF_MATCH,Qal / Imparfait
Conj-w | V-Qal-ConjImperf.Jus-1cs,<p>Conjunctive waw </p><p>+ Verb - Qal - Conjunctive imperfect Jussive - first person common singular</p>,H8799,V-Qal-Imperf,hebrew,allstrong_def_hebrew:hebrew_def:Qal/imparfait,OK_DEF_MATCH,Qal / Imparfait
Conj-w | V-Qal-ConjImperf.Jus-2ms,<p>Conjunctive waw </p><p>+ Verb - Qal - Conjunctive imperfect Jussive - second person masculine singular</p>,H8799,V-Qal-Imperf,hebrew,allstrong_def_hebrew:hebrew_def:Qal/imparfait,OK_DEF_MATCH,Qal / Imparfait
Conj-w | V-Qal-ConjImperf.Jus-3fs,<p>Conjunctive waw </p><p>+ Verb - Qal - Conjunctive imperfect Jussive - third person feminine singular</p>,H8799,V-Qal-Imperf,hebrew,allstrong_def_hebrew:hebrew_def:Qal/imparfait,OK_DEF_MATCH,Qal / Imparfait
Conj-w | V-Qal-ConjImperf.Jus-3ms,<p>Conjunctive waw </p><p>+ Verb - Qal - Conjunctive imperfect Jussive - third person masculine singular</p>,H8799,V-Qal-Imperf,hebrew,allstrong_def_hebrew:hebrew_def:Qal/imparfait,OK_DEF_MATCH,Qal / Imparfait
Conj-w | V-Qal-ConjPerf-1cp,<p>Conjunctive waw </p><p>+ Verb - Qal - Conjunctive perfect - first person common plural</p>,H8804,V-Qal-Perf,hebrew,allstrong_def_hebrew:hebrew_def:Qal/parfait,OK_DEF_MATCH,Qal / Parfait
Conj-w | V-Qal-ConjPerf-1cp | 2ms,<p>Conjunctive waw </p><p>+ Verb - Qal - Conjunctive perfect - first person common plural </p><p>+ second person masculine singular</p>,H8804,V-Qal-Perf,hebrew,allstrong_def_hebrew:hebrew_def:Qal/parfait,OK_DEF_MATCH,Qal / Parfait
Conj-w | V-Qal-ConjPerf-1cp | 3fs,<p>Conjunctive waw </p><p>+ Verb - Qal - Conjunctive perfect - first person common plural </p><p>+ third person feminine singular</p>,H8804,V-Qal-Perf,hebrew,allstrong_def_hebrew:hebrew_def:Qal/parfait,OK_DEF_MATCH,Qal / Parfait
Conj-w | V-Qal-ConjPerf-1cp | 3mp,<p>Conjunctive waw </p><p>+ Verb - Qal - Conjunctive perfect - first person common plural </p><p>+ third person masculine plural</p>,H8804,V-Qal-Perf,hebrew,allstrong_def_hebrew:hebrew_def:Qal/parfait,OK_DEF_MATCH,Qal / Parfait
Conj-w | V-Qal-ConjPerf-1cp | 3ms,<p>Conjunctive waw </p><p>+ Verb - Qal - Conjunctive perfect - first person common plural </p><p>+ third person masculine singular</p>,H8804,V-Qal-Perf,hebrew,allstrong_def_hebrew:hebrew_def:Qal/parfait,OK_DEF_MATCH,Qal / Parfait
Conj-w | V-Qal-ConjPerf-1cs,<p>Conjunctive waw </p><p>+ Verb - Qal - Conjunctive perfect - first person common singular</p>,H8804,V-Qal-Perf,hebrew,allstrong_def_hebrew:hebrew_def:Qal/parfait,OK_DEF_MATCH,Qal / Parfait
Conj-w | V-Qal-ConjPerf-1cs | 2fs2,<p>Conjunctive waw </p><p>+ Verb - Qal - Conjunctive perfect - first person common singular </p><p>+ second person feminine singular</p>,H8804,V-Qal-Perf,hebrew,allstrong_def_hebrew:hebrew_def:Qal/parfait,OK_DEF_MATCH,Qal / Parfait
Conj-w | V-Qal-ConjPerf-1cs | 2ms,<p>Conjunctive waw </p><p>+ Verb - Qal - Conjunctive perfect - first person common singular </p><p>+ second person masculine singular</p>,H8804,V-Qal-Perf,hebrew,allstrong_def_hebrew:hebrew_def:Qal/parfait,OK_DEF_MATCH,Qal / Parfait
Conj-w | V-Qal-ConjPerf-1cs | 3fs,<p>Conjunctive waw </p><p>+ Verb - Qal - Conjunctive perfect - first person common singular </p><p>+ third person feminine singular</p>,H8804,V-Qal-Perf,hebrew,allstrong_def_hebrew:hebrew_def:Qal/parfait,OK_DEF_MATCH,Qal / Parfait
Conj-w | V-Qal-ConjPerf-1cs | 3mp,<p>Conjunctive waw </p><p>+ Verb - Qal - Conjunctive perfect - first person common singular </p><p>+ third person masculine plural</p>,H8804,V-Qal-Perf,hebrew,allstrong_def_hebrew:hebrew_def:Qal/parfait,OK_DEF_MATCH,Qal / Parfait
Conj-w | V-Qal-ConjPerf-1cs | 3ms,<p>Conjunctive waw </p><p>+ Verb - Qal - Conjunctive perfect - first person common singular </p><p>+ third person masculine singular</p>,H8804,V-Qal-Perf,hebrew,allstrong_def_hebrew:hebrew_def:Qal/parfait,OK_DEF_MATCH,Qal / Parfait
Conj-w | V-Qal-ConjPerf-2fp,<p>Conjunctive waw </p><p>+ Verb - Qal - Conjunctive perfect - second person feminine plural</p>,H8804,V-Qal-Perf,hebrew,allstrong_def_hebrew:hebrew_def:Qal/parfait,OK_DEF_MATCH,Qal / Parfait
Conj-w | V-Qal-ConjPerf-2fs,<p>Conjunctive waw </p><p>+ Verb - Qal - Conjunctive perfect - second person feminine singular</p>,H8804,V-Qal-Perf,hebrew,allstrong_def_hebrew:hebrew_def:Qal/parfait,OK_DEF_MATCH,Qal / Parfait
Conj-w | V-Qal-ConjPerf-2fs | 3ms,<p>Conjunctive waw </p><p>+ Verb - Qal - Conjunctive perfect - second person feminine singular </p><p>+ third person masculine singular</p>,H8804,V-Qal-Perf,hebrew,allstrong_def_hebrew:hebrew_def:Qal/parfait,OK_DEF_MATCH,Qal / Parfait
Conj-w | V-Qal-ConjPerf-2mp,<p>Conjunctive waw </p><p>+ Verb - Qal - Conjunctive perfect - second person masculine plural</p>,H8804,V-Qal-Perf,hebrew,allstrong_def_hebrew:hebrew_def:Qal/parfait,OK_DEF_MATCH,Qal / Parfait
Conj-w | V-Qal-ConjPerf-2ms,<p>Conjunctive waw </p><p>+ Verb - Qal - Conjunctive perfect - second person masculine singular</p>,H8804,V-Qal-Perf,hebrew,allstrong_def_hebrew:hebrew_def:Qal/parfait,OK_DEF_MATCH,Qal / Parfait
Conj-w | V-Qal-ConjPerf-2ms | 1cp2,<p>Conjunctive waw </p><p>+ Verb - Qal - Conjunctive perfect - second person masculine singular </p><p>+ first person common plural</p>,H8804,V-Qal-Perf,hebrew,allstrong_def_hebrew:hebrew_def:Qal/parfait,OK_DEF_MATCH,Qal / Parfait
Conj-w | V-Qal-ConjPerf-2ms | 1cs,<p>Conjunctive waw </p><p>+ Verb - Qal - Conjunctive perfect - second person masculine singular </p><p>+ first person common singular</p>,H8804,V-Qal-Perf,hebrew,allstrong_def_hebrew:hebrew_def:Qal/parfait,OK_DEF_MATCH,Qal / Parfait
Conj-w | V-Qal-ConjPerf-2ms | 3fs,<p>Conjunctive waw </p><p>+ Verb - Qal - Conjunctive perfect - second person masculine singular </p><p>+ third person feminine singular</p>,H8804,V-Qal-Perf,hebrew,allstrong_def_hebrew:hebrew_def:Qal/parfait,OK_DEF_MATCH,Qal / Parfait
Conj-w | V-Qal-ConjPerf-2ms | 3mp,<p>Conjunctive waw </p><p>+ Verb - Qal - Conjunctive perfect - second person masculine singular </p><p>+ third person masculine plural</p>,H8804,V-Qal-Perf,hebrew,allstrong_def_hebrew:hebrew_def:Qal/parfait,OK_DEF_MATCH,Qal / Parfait
Conj-w | V-Qal-ConjPerf-2ms | 3ms,<p>Conjunctive waw </p><p>+ Verb - Qal - Conjunctive perfect - second person masculine singular </p><p>+ third person masculine singular</p>,H8804,V-Qal-Perf,hebrew,allstrong_def_hebrew:hebrew_def:Qal/parfait,OK_DEF_MATCH,Qal / Parfait
Conj-w | V-Qal-ConjPerf-3cp,<p>Conjunctive waw </p><p>+ Verb - Qal - Conjunctive perfect - third person common plural</p>,H8804,V-Qal-Perf,hebrew,allstrong_def_hebrew:hebrew_def:Qal/parfait,OK_DEF_MATCH,Qal / Parfait
Conj-w | V-Qal-ConjPerf-3cp | 1cs,<p>Conjunctive waw </p><p>+ Verb - Qal - Conjunctive perfect - third person common plural </p><p>+ first person common singular</p>,H8804,V-Qal-Perf,hebrew,allstrong_def_hebrew:hebrew_def:Qal/parfait,OK_DEF_MATCH,Qal / Parfait
Conj-w | V-Qal-ConjPerf-3cp | 2fs2,<p>Conjunctive waw </p><p>+ Verb - Qal - Conjunctive perfect - third person common plural </p><p>+ second person feminine singular</p>,H8804,V-Qal-Perf,hebrew,allstrong_def_hebrew:hebrew_def:Qal/parfait,OK_DEF_MATCH,Qal / Parfait
Conj-w | V-Qal-ConjPerf-3cp | 2ms,<p>Conjunctive waw </p><p>+ Verb - Qal - Conjunctive perfect - third person common plural </p><p>+ second person masculine singular</p>,H8804,V-Qal-Perf,hebrew,allstrong_def_hebrew:hebrew_def:Qal/parfait,OK_DEF_MATCH,Qal / Parfait
Conj-w | V-Qal-ConjPerf-3cp | 3fs,<p>Conjunctive waw </p><p>+ Verb - Qal - Conjunctive perfect - third person common plural </p><p>+ third person feminine singular</p>,H8804,V-Qal-Perf,hebrew,allstrong_def_hebrew:hebrew_def:Qal/parfait,OK_DEF_MATCH,Qal / Parfait
Conj-w | V-Qal-ConjPerf-3cp | 3mp,<p>Conjunctive waw </p><p>+ Verb - Qal - Conjunctive perfect - third person common plural </p><p>+ third person masculine plural</p>,H8804,V-Qal-Perf,hebrew,allstrong_def_hebrew:hebrew_def:Qal/parfait,OK_DEF_MATCH,Qal / Parfait
Conj-w | V-Qal-ConjPerf-3cp | 3ms,<p>Conjunctive waw </p><p>+ Verb - Qal - Conjunctive perfect - third person common plural </p><p>+ third person masculine singular</p>,H8804,V-Qal-Perf,hebrew,allstrong_def_hebrew:hebrew_def:Qal/parfait,OK_DEF_MATCH,Qal / Parfait
Conj-w | V-Qal-ConjPerf-3fs,<p>Conjunctive waw </p><p>+ Verb - Qal - Conjunctive perfect - third person feminine singular</p>,H8804,V-Qal-Perf,hebrew,allstrong_def_hebrew:hebrew_def:Qal/parfait,OK_DEF_MATCH,Qal / Parfait
Conj-w | V-Qal-ConjPerf-3fs | 3mp,<p>Conjunctive waw </p><p>+ Verb - Qal - Conjunctive perfect - third person feminine singular </p><p>+ third person masculine plural</p>,H8804,V-Qal-Perf,hebrew,allstrong_def_hebrew:hebrew_def:Qal/parfait,OK_DEF_MATCH,Qal / Parfait
Conj-w | V-Qal-ConjPerf-3ms,<p>Conjunctive waw </p><p>+ Verb - Qal - Conjunctive perfect - third person masculine singular</p>,H8804,V-Qal-Perf,hebrew,allstrong_def_hebrew:hebrew_def:Qal/parfait,OK_DEF_MATCH,Qal / Parfait
Conj-w | V-Qal-ConjPerf-3ms | 1cp2,<p>Conjunctive waw </p><p>+ Verb - Qal - Conjunctive perfect - third person masculine singular </p><p>+ first person common plural</p>,H8804,V-Qal-Perf,hebrew,allstrong_def_hebrew:hebrew_def:Qal/parfait,OK_DEF_MATCH,Qal / Parfait
Conj-w | V-Qal-ConjPerf-3ms | 1cs,<p>Conjunctive waw </p><p>+ Verb - Qal - Conjunctive perfect - third person masculine singular </p><p>+ first person common singular</p>,H8804,V-Qal-Perf,hebrew,allstrong_def_hebrew:hebrew_def:Qal/parfait,OK_DEF_MATCH,Qal / Parfait
Conj-w | V-Qal-ConjPerf-3ms | 2fs2,<p>Conjunctive waw </p><p>+ Verb - Qal - Conjunctive perfect - third person masculine singular </p><p>+ second person feminine singular</p>,H8804,V-Qal-Perf,hebrew,allstrong_def_hebrew:hebrew_def:Qal/parfait,OK_DEF_MATCH,Qal / Parfait
Conj-w | V-Qal-ConjPerf-3ms | 2ms,<p>Conjunctive waw </p><p>+ Verb - Qal - Conjunctive perfect - third person masculine singular </p><p>+ second person masculine singular</p>,H8804,V-Qal-Perf,hebrew,allstrong_def_hebrew:hebrew_def:Qal/parfait,OK_DEF_MATCH,Qal / Parfait
Conj-w | V-Qal-ConjPerf-3ms | 3fs,<p>Conjunctive waw </p><p>+ Verb - Qal - Conjunctive perfect - third person masculine singular </p><p>+ third person feminine singular</p>,H8804,V-Qal-Perf,hebrew,allstrong_def_hebrew:hebrew_def:Qal/parfait,OK_DEF_MATCH,Qal / Parfait
Conj-w | V-Qal-ConjPerf-3ms | 3mp,<p>Conjunctive waw </p><p>+ Verb - Qal - Conjunctive perfect - third person masculine singular </p><p>+ third person masculine plural</p>,H8804,V-Qal-Perf,hebrew,allstrong_def_hebrew:hebrew_def:Qal/parfait,OK_DEF_MATCH,Qal / Parfait
Conj-w | V-Qal-ConjPerf-3ms | 3ms,<p>Conjunctive waw </p><p>+ Verb - Qal - Conjunctive perfect - third person masculine singular </p><p>+ third person masculine singular</p>,H8804,V-Qal-Perf,hebrew,allstrong_def_hebrew:hebrew_def:Qal/parfait,OK_DEF_MATCH,Qal / Parfait
Conj-w | V-Qal-ConsecImperf-1cp,<p>Conjunctive waw </p><p>+ Verb - Qal - Consecutive imperfect - first person common plural</p>,H8799,V-Qal-Imperf,hebrew,allstrong_def_hebrew:hebrew_def:Qal/imparfait,OK_DEF_MATCH,Qal / Imparfait
Conj-w | V-Qal-ConsecImperf-1cp | 3fs,<p>Conjunctive waw </p><p>+ Verb - Qal - Consecutive imperfect - first person common plural </p><p>+ third person feminine singular</p>,H8799,V-Qal-Imperf,hebrew,allstrong_def_hebrew:hebrew_def:Qal/imparfait,OK_DEF_MATCH,Qal / Imparfait
Conj-w | V-Qal-ConsecImperf-1cp | 3mp,<p>Conjunctive waw </p><p>+ Verb - Qal - Consecutive imperfect - first person common plural </p><p>+ third person masculine plural</p>,H8799,V-Qal-Imperf,hebrew,allstrong_def_hebrew:hebrew_def:Qal/imparfait,OK_DEF_MATCH,Qal / Imparfait
Conj-w | V-Qal-ConsecImperf-1cp | 3ms,<p>Conjunctive waw </p><p>+ Verb - Qal - Consecutive imperfect - first person common plural </p><p>+ third person masculine singular</p>,H8799,V-Qal-Imperf,hebrew,allstrong_def_hebrew:hebrew_def:Qal/imparfait,OK_DEF_MATCH,Qal / Imparfait
Conj-w | V-Qal-ConsecImperf-1cs,<p>Conjunctive waw </p><p>+ Verb - Qal - Consecutive imperfect - first person common singular</p>,H8799,V-Qal-Imperf,hebrew,allstrong_def_hebrew:hebrew_def:Qal/imparfait,OK_DEF_MATCH,Qal / Imparfait
Conj-w | V-Qal-ConsecImperf-1cs | 2fs,<p>Conjunctive waw </p><p>+ Verb - Qal - Consecutive imperfect - first person common singular </p><p>+ second person feminine singular</p>,H8799,V-Qal-Imperf,hebrew,allstrong_def_hebrew:hebrew_def:Qal/imparfait,OK_DEF_MATCH,Qal / Imparfait
Conj-w | V-Qal-ConsecImperf-1cs | 2ms,<p>Conjunctive waw </p><p>+ Verb - Qal - Consecutive imperfect - first person common singular </p><p>+ second person masculine singular</p>,H8799,V-Qal-Imperf,hebrew,allstrong_def_hebrew:hebrew_def:Qal/imparfait,OK_DEF_MATCH,Qal / Imparfait
Conj-w | V-Qal-ConsecImperf-1cs | 3fs,<p>Conjunctive waw </p><p>+ Verb - Qal - Consecutive imperfect - first person common singular </p><p>+ third person feminine singular</p>,H8799,V-Qal-Imperf,hebrew,allstrong_def_hebrew:hebrew_def:Qal/imparfait,OK_DEF_MATCH,Qal / Imparfait
Conj-w | V-Qal-ConsecImperf-1cs | 3mp,<p>Conjunctive waw </p><p>+ Verb - Qal - Consecutive imperfect - first person common singular </p><p>+ third person masculine plural</p>,H8799,V-Qal-Imperf,hebrew,allstrong_def_hebrew:hebrew_def:Qal/imparfait,OK_DEF_MATCH,Qal / Imparfait
Conj-w | V-Qal-ConsecImperf-1cs | 3ms,<p>Conjunctive waw </p><p>+ Verb - Qal - Consecutive imperfect - first person common singular </p><p>+ third person masculine singular</p>,H8799,V-Qal-Imperf,hebrew,allstrong_def_hebrew:hebrew_def:Qal/imparfait,OK_DEF_MATCH,Qal / Imparfait
Conj-w | V-Qal-ConsecImperf-2fs,<p>Conjunctive waw </p><p>+ Verb - Qal - Consecutive imperfect - second person feminine singular</p>,H8799,V-Qal-Imperf,hebrew,allstrong_def_hebrew:hebrew_def:Qal/imparfait,OK_DEF_MATCH,Qal / Imparfait
Conj-w | V-Qal-ConsecImperf-2fs | 3mp,<p>Conjunctive waw </p><p>+ Verb - Qal - Consecutive imperfect - second person feminine singular </p><p>+ third person masculine plural</p>,H8799,V-Qal-Imperf,hebrew,allstrong_def_hebrew:hebrew_def:Qal/imparfait,OK_DEF_MATCH,Qal / Imparfait
Conj-w | V-Qal-ConsecImperf-2mp,<p>Conjunctive waw </p><p>+ Verb - Qal - Consecutive imperfect - second person masculine plural</p>,H8799,V-Qal-Imperf,hebrew,allstrong_def_hebrew:hebrew_def:Qal/imparfait,OK_DEF_MATCH,Qal / Imparfait
Conj-w | V-Qal-ConsecImperf-2mp | Pn,<p>Conjunctive waw </p><p>+ Verb - Qal - Consecutive imperfect - second person masculine plural </p><p>+ Paragogic nun</p>,H8799,V-Qal-Imperf,hebrew,allstrong_def_hebrew:hebrew_def:Qal/imparfait,OK_DEF_MATCH,Qal / Imparfait
Conj-w | V-Qal-ConsecImperf-2ms,<p>Conjunctive waw </p><p>+ Verb - Qal - Consecutive imperfect - second person masculine singular</p>,H8799,V-Qal-Imperf,hebrew,allstrong_def_hebrew:hebrew_def:Qal/imparfait,OK_DEF_MATCH,Qal / Imparfait
Conj-w | V-Qal-ConsecImperf-2ms | 1cp,<p>Conjunctive waw </p><p>+ Verb - Qal - Consecutive imperfect - second person masculine singular </p><p>+ first person common plural</p>,H8799,V-Qal-Imperf,hebrew,allstrong_def_hebrew:hebrew_def:Qal/imparfait,OK_DEF_MATCH,Qal / Imparfait
Conj-w | V-Qal-ConsecImperf-2ms | 1cs,<p>Conjunctive waw </p><p>+ Verb - Qal - Consecutive imperfect - second person masculine singular </p><p>+ first person common singular</p>,H8799,V-Qal-Imperf,hebrew,allstrong_def_hebrew:hebrew_def:Qal/imparfait,OK_DEF_MATCH,Qal / Imparfait
Conj-w | V-Qal-ConsecImperf-2ms | 3fs,<p>Conjunctive waw </p><p>+ Verb - Qal - Consecutive imperfect - second person masculine singular </p><p>+ third person feminine singular</p>,H8799,V-Qal-Imperf,hebrew,allstrong_def_hebrew:hebrew_def:Qal/imparfait,OK_DEF_MATCH,Qal / Imparfait
Conj-w | V-Qal-ConsecImperf-2ms | 3mp,<p>Conjunctive waw </p><p>+ Verb - Qal - Consecutive imperfect - second person masculine singular </p><p>+ third person masculine plural</p>,H8799,V-Qal-Imperf,hebrew,allstrong_def_hebrew:hebrew_def:Qal/imparfait,OK_DEF_MATCH,Qal / Imparfait
Conj-w | V-Qal-ConsecImperf-2ms | 3ms,<p>Conjunctive waw </p><p>+ Verb - Qal - Consecutive imperfect - second person masculine singular </p><p>+ third person masculine singular</p>,H8799,V-Qal-Imperf,hebrew,allstrong_def_hebrew:hebrew_def:Qal/imparfait,OK_DEF_MATCH,Qal / Imparfait
Conj-w | V-Qal-ConsecImperf-3fp,<p>Conjunctive waw </p><p>+ Verb - Qal - Consecutive imperfect - third person feminine plural</p>,H8799,V-Qal-Imperf,hebrew,allstrong_def_hebrew:hebrew_def:Qal/imparfait,OK_DEF_MATCH,Qal / Imparfait
Conj-w | V-Qal-ConsecImperf-3fs,<p>Conjunctive waw </p><p>+ Verb - Qal - Consecutive imperfect - third person feminine singular</p>,H8799,V-Qal-Imperf,hebrew,allstrong_def_hebrew:hebrew_def:Qal/imparfait,OK_DEF_MATCH,Qal / Imparfait
Conj-w | V-Qal-ConsecImperf-3fs | 1cs,<p>Conjunctive waw </p><p>+ Verb - Qal - Consecutive imperfect - third person feminine singular </p><p>+ first person common singular</p>,H8799,V-Qal-Imperf,hebrew,allstrong_def_hebrew:hebrew_def:Qal/imparfait,OK_DEF_MATCH,Qal / Imparfait
Conj-w | V-Qal-ConsecImperf-3fs | 3fs,<p>Conjunctive waw </p><p>+ Verb - Qal - Consecutive imperfect - third person feminine singular </p><p>+ third person feminine singular</p>,H8799,V-Qal-Imperf,hebrew,allstrong_def_hebrew:hebrew_def:Qal/imparfait,OK_DEF_MATCH,Qal / Imparfait
Conj-w | V-Qal-ConsecImperf-3fs | 3mp,<p>Conjunctive waw </p><p>+ Verb - Qal - Consecutive imperfect - third person feminine singular </p><p>+ third person masculine plural</p>,H8799,V-Qal-Imperf,hebrew,allstrong_def_hebrew:hebrew_def:Qal/imparfait,OK_DEF_MATCH,Qal / Imparfait
Conj-w | V-Qal-ConsecImperf-3fs | 3ms,<p>Conjunctive waw </p><p>+ Verb - Qal - Consecutive imperfect - third person feminine singular </p><p>+ third person masculine singular</p>,H8799,V-Qal-Imperf,hebrew,allstrong_def_hebrew:hebrew_def:Qal/imparfait,OK_DEF_MATCH,Qal / Imparfait
Conj-w | V-Qal-ConsecImperf-3mp,<p>Conjunctive waw </p><p>+ Verb - Qal - Consecutive imperfect - third person masculine plural</p>,H8799,V-Qal-Imperf,hebrew,allstrong_def_hebrew:hebrew_def:Qal/imparfait,OK_DEF_MATCH,Qal / Imparfait
Conj-w | V-Qal-ConsecImperf-3mp | 1cs,<p>Conjunctive waw </p><p>+ Verb - Qal - Consecutive imperfect - third person masculine plural </p><p>+ first person common singular</p>,H8799,V-Qal-Imperf,hebrew,allstrong_def_hebrew:hebrew_def:Qal/imparfait,OK_DEF_MATCH,Qal / Imparfait
Conj-w | V-Qal-ConsecImperf-3mp | 2ms,<p>Conjunctive waw </p><p>+ Verb - Qal - Consecutive imperfect - third person masculine plural </p><p>+ second person masculine singular</p>,H8799,V-Qal-Imperf,hebrew,allstrong_def_hebrew:hebrew_def:Qal/imparfait,OK_DEF_MATCH,Qal / Imparfait
Conj-w | V-Qal-ConsecImperf-3mp | 3fs,<p>Conjunctive waw </p><p>+ Verb - Qal - Consecutive imperfect - third person masculine plural </p><p>+ third person feminine singular</p>,H8799,V-Qal-Imperf,hebrew,allstrong_def_hebrew:hebrew_def:Qal/imparfait,OK_DEF_MATCH,Qal / Imparfait
Conj-w | V-Qal-ConsecImperf-3mp | 3mp,<p>Conjunctive waw </p><p>+ Verb - Qal - Consecutive imperfect - third person masculine plural </p><p>+ third person masculine plural</p>,H8799,V-Qal-Imperf,hebrew,allstrong_def_hebrew:hebrew_def:Qal/imparfait,OK_DEF_MATCH,Qal / Imparfait
Conj-w | V-Qal-ConsecImperf-3mp | 3ms,<p>Conjunctive waw </p><p>+ Verb - Qal - Consecutive imperfect - third person masculine plural </p><p>+ third person masculine singular</p>,H8799,V-Qal-Imperf,hebrew,allstrong_def_hebrew:hebrew_def:Qal/imparfait,OK_DEF_MATCH,Qal / Imparfait
Conj-w | V-Qal-ConsecImperf-3mp | Pn,<p>Conjunctive waw </p><p>+ Verb - Qal - Consecutive imperfect - third person masculine plural </p><p>+ Paragogic nun</p>,H8799,V-Qal-Imperf,hebrew,allstrong_def_hebrew:hebrew_def:Qal/imparfait,OK_DEF_MATCH,Qal / Imparfait
Conj-w | V-Qal-ConsecImperf-3ms,<p>Conjunctive waw </p><p>+ Verb - Qal - Consecutive imperfect - third person masculine singular</p>,H8799,V-Qal-Imperf,hebrew,allstrong_def_hebrew:hebrew_def:Qal/imparfait,OK_DEF_MATCH,Qal / Imparfait
Conj-w | V-Qal-ConsecImperf-3ms | 1cp,<p>Conjunctive waw </p><p>+ Verb - Qal - Consecutive imperfect - third person masculine singular </p><p>+ first person common plural</p>,H8799,V-Qal-Imperf,hebrew,allstrong_def_hebrew:hebrew_def:Qal/imparfait,OK_DEF_MATCH,Qal / Imparfait
Conj-w | V-Qal-ConsecImperf-3ms | 1cs,<p>Conjunctive waw </p><p>+ Verb - Qal - Consecutive imperfect - third person masculine singular </p><p>+ first person common singular</p>,H8799,V-Qal-Imperf,hebrew,allstrong_def_hebrew:hebrew_def:Qal/imparfait,OK_DEF_MATCH,Qal / Imparfait
Conj-w | V-Qal-ConsecImperf-3ms | 2ms,<p>Conjunctive waw </p><p>+ Verb - Qal - Consecutive imperfect - third person masculine singular </p><p>+ second person masculine singular</p>,H8799,V-Qal-Imperf,hebrew,allstrong_def_hebrew:hebrew_def:Qal/imparfait,OK_DEF_MATCH,Qal / Imparfait
Conj-w | V-Qal-ConsecImperf-3ms | 3fs,<p>Conjunctive waw </p><p>+ Verb - Qal - Consecutive imperfect - third person masculine singular </p><p>+ third person feminine singular</p>,H8799,V-Qal-Imperf,hebrew,allstrong_def_hebrew:hebrew_def:Qal/imparfait,OK_DEF_MATCH,Qal / Imparfait
Conj-w | V-Qal-ConsecImperf-3ms | 3mp,<p>Conjunctive waw </p><p>+ Verb - Qal - Consecutive imperfect - third person masculine singular </p><p>+ third person masculine plural</p>,H8799,V-Qal-Imperf,hebrew,allstrong_def_hebrew:hebrew_def:Qal/imparfait,OK_DEF_MATCH,Qal / Imparfait
Conj-w | V-Qal-ConsecImperf-3ms | 3ms,<p>Conjunctive waw </p><p>+ Verb - Qal - Consecutive imperfect - third person masculine singular </p><p>+ third person masculine singular</p>,H8799,V-Qal-Imperf,hebrew,allstrong_def_hebrew:hebrew_def:Qal/imparfait,OK_DEF_MATCH,Qal / Imparfait
Conj-w | V-Qal-Imp-fp,<p>Conjunctive waw </p><p>+ Verb - Qal - Imperative - feminine plural</p>,H8798,V-Qal-Imp,hebrew,allstrong_def_hebrew:hebrew_def:Qal/impératif,OK_DEF_MATCH,Qal / Impératif
Conj-w | V-Qal-Imp-fs,<p>Conjunctive waw </p><p>+ Verb - Qal - Imperative - feminine singular</p>,H8798,V-Qal-Imp,hebrew,allstrong_def_hebrew:hebrew_def:Qal/impératif,OK_DEF_MATCH,Qal / Impératif
Conj-w | V-Qal-Imp-mp,<p>Conjunctive waw </p><p>+ Verb - Qal - Imperative - masculine plural</p>,H8798,V-Qal-Imp,hebrew,allstrong_def_hebrew:hebrew_def:Qal/impératif,OK_DEF_MATCH,Qal / Impératif
Conj-w | V-Qal-Imp-mp | 1cs,<p>Conjunctive waw </p><p>+ Verb - Qal - Imperative - masculine plural </p><p>+ first person common singular</p>,H8798,V-Qal-Imp,hebrew,allstrong_def_hebrew:hebrew_def:Qal/impératif,OK_DEF_MATCH,Qal / Impératif
Conj-w | V-Qal-Imp-mp | 3fs,<p>Conjunctive waw </p><p>+ Verb - Qal - Imperative - masculine plural </p><p>+ third person feminine singular</p>,H8798,V-Qal-Imp,hebrew,allstrong_def_hebrew:hebrew_def:Qal/impératif,OK_DEF_MATCH,Qal / Impératif
Conj-w | V-Qal-Imp-mp | 3ms,<p>Conjunctive waw </p><p>+ Verb - Qal - Imperative - masculine plural </p><p>+ third person masculine singular</p>,H8798,V-Qal-Imp,hebrew,allstrong_def_hebrew:hebrew_def:Qal/impératif,OK_DEF_MATCH,Qal / Impératif
Conj-w | V-Qal-Imp-ms,<p>Conjunctive waw </p><p>+ Verb - Qal - Imperative - masculine singular</p>,H8798,V-Qal-Imp,hebrew,allstrong_def_hebrew:hebrew_def:Qal/impératif,OK_DEF_MATCH,Qal / Impératif
Conj-w | V-Qal-Imp-ms | 1cp,<p>Conjunctive waw </p><p>+ Verb - Qal - Imperative - masculine singular </p><p>+ first person common plural</p>,H8798,V-Qal-Imp,hebrew,allstrong_def_hebrew:hebrew_def:Qal/impératif,OK_DEF_MATCH,Qal / Impératif
Conj-w | V-Qal-Imp-ms | 1cs,<p>Conjunctive waw </p><p>+ Verb - Qal - Imperative - masculine singular </p><p>+ first person common singular</p>,H8798,V-Qal-Imp,hebrew,allstrong_def_hebrew:hebrew_def:Qal/impératif,OK_DEF_MATCH,Qal / Impératif
Conj-w | V-Qal-Imp-ms | 3fs,<p>Conjunctive waw </p><p>+ Verb - Qal - Imperative - masculine singular </p><p>+ third person feminine singular</p>,H8798,V-Qal-Imp,hebrew,allstrong_def_hebrew:hebrew_def:Qal/impératif,OK_DEF_MATCH,Qal / Impératif
Conj-w | V-Qal-Imp-ms | 3mp,<p>Conjunctive waw </p><p>+ Verb - Qal - Imperative - masculine singular </p><p>+ third person masculine plural</p>,H8798,V-Qal-Imp,hebrew,allstrong_def_hebrew:hebrew_def:Qal/impératif,OK_DEF_MATCH,Qal / Impératif
Conj-w | V-Qal-Imp-ms | 3ms,<p>Conjunctive waw </p><p>+ Verb - Qal - Imperative - masculine singular </p><p>+ third person masculine singular</p>,H8798,V-Qal-Imp,hebrew,allstrong_def_hebrew:hebrew_def:Qal/impératif,OK_DEF_MATCH,Qal / Impératif
Conj-w | V-Qal-Imperf.Cohort-1cp,<p>Conjunctive waw </p><p>+ Verb - Qal - Imperfect Cohortative - first person common plural</p>,H8799,V-Qal-Imperf,hebrew,allstrong_def_hebrew:hebrew_def:Qal/imparfait,OK_DEF_MATCH,Qal / Imparfait
Conj-w | V-Qal-Imperf.Cohort-3fs,<p>Conjunctive waw </p><p>+ Verb - Qal - Imperfect Cohortative - third person feminine singular</p>,H8799,V-Qal-Imperf,hebrew,allstrong_def_hebrew:hebrew_def:Qal/imparfait,OK_DEF_MATCH,Qal / Imparfait
Conj-w | V-Qal-Imperf.Jus-3fs,<p>Conjunctive waw </p><p>+ Verb - Qal - Imperfect Jussive - third person feminine singular</p>,H8799,V-Qal-Imperf,hebrew,allstrong_def_hebrew:hebrew_def:Qal/imparfait,OK_DEF_MATCH,Qal / Imparfait
Conj-w | V-Qal-Inf,<p>Conjunctive waw </p><p>+ Verb - Qal - Infinitive construct</p>,H8800,V-Qal-Inf,hebrew,allstrong_def_hebrew:hebrew_def:Qal/infinitif,OK_DEF_MATCH,Qal / Infinitif
Conj-w | V-Qal-Inf | 1cs,<p>Conjunctive waw </p><p>+ Verb - Qal - Infinitive construct </p><p>+ first person common singular</p>,H8800,V-Qal-Inf,hebrew,allstrong_def_hebrew:hebrew_def:Qal/infinitif,OK_DEF_MATCH,Qal / Infinitif
Conj-w | V-Qal-Inf | 2ms,<p>Conjunctive waw </p><p>+ Verb - Qal - Infinitive construct </p><p>+ second person masculine singular</p>,H8800,V-Qal-Inf,hebrew,allstrong_def_hebrew:hebrew_def:Qal/infinitif,OK_DEF_MATCH,Qal / Infinitif
Conj-w | V-Qal-InfAbs,<p>Conjunctive waw </p><p>+ Verb - Qal - Infinitive absolute</p>,H8800,V-Qal-Inf,hebrew,allstrong_def_hebrew:hebrew_def:Qal/infinitif,OK_DEF_MATCH,Qal / Infinitif
Conj-w | V-Qal-Prtcpl-fp,<p>Conjunctive waw </p><p>+ Verb - Qal - Participle - feminine plural</p>,H8801,V-Qal-Prtcpl,hebrew,allstrong_def_hebrew:hebrew_def:Qal/participe,OK_DEF_MATCH,Qal / Participe
Conj-w | V-Qal-Prtcpl-fpc,<p>Conjunctive waw </p><p>+ Verb - Qal - Participle - feminine plural construct</p>,H8801,V-Qal-Prtcpl,hebrew,allstrong_def_hebrew:hebrew_def:Qal/participe,OK_DEF_MATCH,Qal / Participe
Conj-w | V-Qal-Prtcpl-fpc | 2fs,<p>Conjunctive waw </p><p>+ Verb - Qal - Participle - feminine plural construct </p><p>+ second person feminine singular</p>,H8801,V-Qal-Prtcpl,hebrew,allstrong_def_hebrew:hebrew_def:Qal/participe,OK_DEF_MATCH,Qal / Participe
Conj-w | V-Qal-Prtcpl-fs,<p>Conjunctive waw </p><p>+ Verb - Qal - Participle - feminine singular</p>,H8801,V-Qal-Prtcpl,hebrew,allstrong_def_hebrew:hebrew_def:Qal/participe,OK_DEF_MATCH,Qal / Participe
Conj-w | V-Qal-Prtcpl-fsc,<p>Conjunctive waw </p><p>+ Verb - Qal - Participle - feminine singular construct</p>,H8801,V-Qal-Prtcpl,hebrew,allstrong_def_hebrew:hebrew_def:Qal/participe,OK_DEF_MATCH,Qal / Participe
Conj-w | V-Qal-Prtcpl-mp,<p>Conjunctive waw </p><p>+ Verb - Qal - Participle - masculine plural</p>,H8801,V-Qal-Prtcpl,hebrew,allstrong_def_hebrew:hebrew_def:Qal/participe,OK_DEF_MATCH,Qal / Participe
Conj-w | V-Qal-Prtcpl-mpc,<p>Conjunctive waw </p><p>+ Verb - Qal - Participle - masculine plural construct</p>,H8801,V-Qal-Prtcpl,hebrew,allstrong_def_hebrew:hebrew_def:Qal/participe,OK_DEF_MATCH,Qal / Participe
Conj-w | V-Qal-Prtcpl-mpc | 1cp,<p>Conjunctive waw </p><p>+ Verb - Qal - Participle - masculine plural construct </p><p>+ first person common plural</p>,H8801,V-Qal-Prtcpl,hebrew,allstrong_def_hebrew:hebrew_def:Qal/participe,OK_DEF_MATCH,Qal / Participe
Conj-w | V-Qal-Prtcpl-mpc | 1cs,<p>Conjunctive waw </p><p>+ Verb - Qal - Participle - masculine plural construct </p><p>+ first person common singular</p>,H8801,V-Qal-Prtcpl,hebrew,allstrong_def_hebrew:hebrew_def:Qal/participe,OK_DEF_MATCH,Qal / Participe
Conj-w | V-Qal-Prtcpl-mpc | 2fs,<p>Conjunctive waw </p><p>+ Verb - Qal - Participle - masculine plural construct </p><p>+ second person feminine singular</p>,H8801,V-Qal-Prtcpl,hebrew,allstrong_def_hebrew:hebrew_def:Qal/participe,OK_DEF_MATCH,Qal / Participe
Conj-w | V-Qal-Prtcpl-mpc | 2mp,<p>Conjunctive waw </p><p>+ Verb - Qal - Participle - masculine plural construct </p><p>+ second person masculine plural</p>,H8801,V-Qal-Prtcpl,hebrew,allstrong_def_hebrew:hebrew_def:Qal/participe,OK_DEF_MATCH,Qal / Participe
Conj-w | V-Qal-Prtcpl-mpc | 2ms,<p>Conjunctive waw </p><p>+ Verb - Qal - Participle - masculine plural construct </p><p>+ second person masculine singular</p>,H8801,V-Qal-Prtcpl,hebrew,allstrong_def_hebrew:hebrew_def:Qal/participe,OK_DEF_MATCH,Qal / Participe
Conj-w | V-Qal-Prtcpl-mpc | 3fp,<p>Conjunctive waw </p><p>+ Verb - Qal - Participle - masculine plural construct </p><p>+ third person feminine plural</p>,H8801,V-Qal-Prtcpl,hebrew,allstrong_def_hebrew:hebrew_def:Qal/participe,OK_DEF_MATCH,Qal / Participe
Conj-w | V-Qal-Prtcpl-mpc | 3fs,<p>Conjunctive waw </p><p>+ Verb - Qal - Participle - masculine plural construct </p><p>+ third person feminine singular</p>,H8801,V-Qal-Prtcpl,hebrew,allstrong_def_hebrew:hebrew_def:Qal/participe,OK_DEF_MATCH,Qal / Participe
Conj-w | V-Qal-Prtcpl-mpc | 3mp,<p>Conjunctive waw </p><p>+ Verb - Qal - Participle - masculine plural construct </p><p>+ third person masculine plural</p>,H8801,V-Qal-Prtcpl,hebrew,allstrong_def_hebrew:hebrew_def:Qal/participe,OK_DEF_MATCH,Qal / Participe
Conj-w | V-Qal-Prtcpl-mpc | 3ms,<p>Conjunctive waw </p><p>+ Verb - Qal - Participle - masculine plural construct </p><p>+ third person masculine singular</p>,H8801,V-Qal-Prtcpl,hebrew,allstrong_def_hebrew:hebrew_def:Qal/participe,OK_DEF_MATCH,Qal / Participe
Conj-w | V-Qal-Prtcpl-ms,<p>Conjunctive waw </p><p>+ Verb - Qal - Participle - masculine singular</p>,H8801,V-Qal-Prtcpl,hebrew,allstrong_def_hebrew:hebrew_def:Qal/participe,OK_DEF_MATCH,Qal / Participe
Conj-w | V-Qal-Prtcpl-msc,<p>Conjunctive waw </p><p>+ Verb - Qal - Participle - masculine singular construct</p>,H8801,V-Qal-Prtcpl,hebrew,allstrong_def_hebrew:hebrew_def:Qal/participe,OK_DEF_MATCH,Qal / Participe
Conj-w | V-Qal-Prtcpl-msc | 1cs,<p>Conjunctive waw </p><p>+ Verb - Qal - Participle - masculine singular construct </p><p>+ first person common singular</p>,H8801,V-Qal-Prtcpl,hebrew,allstrong_def_hebrew:hebrew_def:Qal/participe,OK_DEF_MATCH,Qal / Participe
Conj-w | V-Qal-Prtcpl-msc | 2fs,<p>Conjunctive waw </p><p>+ Verb - Qal - Participle - masculine singular construct </p><p>+ second person feminine singular</p>,H8801,V-Qal-Prtcpl,hebrew,allstrong_def_hebrew:hebrew_def:Qal/participe,OK_DEF_MATCH,Qal / Participe
Conj-w | V-Qal-Prtcpl-msc | 2ms,<p>Conjunctive waw </p><p>+ Verb - Qal - Participle - masculine singular construct </p><p>+ second person masculine singular</p>,H8801,V-Qal-Prtcpl,hebrew,allstrong_def_hebrew:hebrew_def:Qal/participe,OK_DEF_MATCH,Qal / Participe
Conj-w | V-Qal-Prtcpl-msc | 3fs,<p>Conjunctive waw </p><p>+ Verb - Qal - Participle - masculine singular construct </p><p>+ third person feminine singular</p>,H8801,V-Qal-Prtcpl,hebrew,allstrong_def_hebrew:hebrew_def:Qal/participe,OK_DEF_MATCH,Qal / Participe
Conj-w | V-Qal-Prtcpl-msc | 3ms,<p>Conjunctive waw </p><p>+ Verb - Qal - Participle - masculine singular construct </p><p>+ third person masculine singular</p>,H8801,V-Qal-Prtcpl,hebrew,allstrong_def_hebrew:hebrew_def:Qal/participe,OK_DEF_MATCH,Qal / Participe
Conj-w | V-Qal-QalPassPrtcpl-fp,<p>Conjunctive waw </p><p>+ Verb - Qal - QalPassParticiple - feminine plural</p>,H8803,V-Qal-QalPassPrtcpl,hebrew,allstrong_def_hebrew:hebrew_def:Qal/participe passif,OK_DEF_MATCH,Qal / Participe Passif
Conj-w | V-Qal-QalPassPrtcpl-fpc,<p>Conjunctive waw </p><p>+ Verb - Qal - QalPassParticiple - feminine plural construct</p>,H8803,V-Qal-QalPassPrtcpl,hebrew,allstrong_def_hebrew:hebrew_def:Qal/participe passif,OK_DEF_MATCH,Qal / Participe Passif
Conj-w | V-Qal-QalPassPrtcpl-fs,<p>Conjunctive waw </p><p>+ Verb - Qal - QalPassParticiple - feminine singular</p>,H8803,V-Qal-QalPassPrtcpl,hebrew,allstrong_def_hebrew:hebrew_def:Qal/participe passif,OK_DEF_MATCH,Qal / Participe Passif
Conj-w | V-Qal-QalPassPrtcpl-fsc,<p>Conjunctive waw </p><p>+ Verb - Qal - QalPassParticiple - feminine singular construct</p>,H8803,V-Qal-QalPassPrtcpl,hebrew,allstrong_def_hebrew:hebrew_def:Qal/participe passif,OK_DEF_MATCH,Qal / Participe Passif
Conj-w | V-Qal-QalPassPrtcpl-mp,<p>Conjunctive waw </p><p>+ Verb - Qal - QalPassParticiple - masculine plural</p>,H8803,V-Qal-QalPassPrtcpl,hebrew,allstrong_def_hebrew:hebrew_def:Qal/participe passif,OK_DEF_MATCH,Qal / Participe Passif
Conj-w | V-Qal-QalPassPrtcpl-mpc,<p>Conjunctive waw </p><p>+ Verb - Qal - QalPassParticiple - masculine plural construct</p>,H8803,V-Qal-QalPassPrtcpl,hebrew,allstrong_def_hebrew:hebrew_def:Qal/participe passif,OK_DEF_MATCH,Qal / Participe Passif
Conj-w | V-Qal-QalPassPrtcpl-mpc | 3mp,<p>Conjunctive waw </p><p>+ Verb - Qal - QalPassParticiple - masculine plural construct </p><p>+ third person masculine plural</p>,H8803,V-Qal-QalPassPrtcpl,hebrew,allstrong_def_hebrew:hebrew_def:Qal/participe passif,OK_DEF_MATCH,Qal / Participe Passif
Conj-w | V-Qal-QalPassPrtcpl-mpc | 3ms,<p>Conjunctive waw </p><p>+ Verb - Qal - QalPassParticiple - masculine plural construct </p><p>+ third person masculine singular</p>,H8803,V-Qal-QalPassPrtcpl,hebrew,allstrong_def_hebrew:hebrew_def:Qal/participe passif,OK_DEF_MATCH,Qal / Participe Passif
Conj-w | V-Qal-QalPassPrtcpl-ms,<p>Conjunctive waw </p><p>+ Verb - Qal - QalPassParticiple - masculine singular</p>,H8803,V-Qal-QalPassPrtcpl,hebrew,allstrong_def_hebrew:hebrew_def:Qal/participe passif,OK_DEF_MATCH,Qal / Participe Passif
Conj-w | V-Qal-QalPassPrtcpl-msc,<p>Conjunctive waw </p><p>+ Verb - Qal - QalPassParticiple - masculine singular construct</p>,H8803,V-Qal-QalPassPrtcpl,hebrew,allstrong_def_hebrew:hebrew_def:Qal/participe passif,OK_DEF_MATCH,Qal / Participe Passif
Conj-w | V-Qal-QalPassPrtcpl-msc | 2ms,<p>Conjunctive waw </p><p>+ Verb - Qal - QalPassParticiple - masculine singular construct </p><p>+ second person masculine singular</p>,H8803,V-Qal-QalPassPrtcpl,hebrew,allstrong_def_hebrew:hebrew_def:Qal/participe passif,OK_DEF_MATCH,Qal / Participe Passif
Conj-w | V-Qal-QalPassPrtcpl-msc | 3ms,<p>Conjunctive waw </p><p>+ Verb - Qal - QalPassParticiple - masculine singular construct </p><p>+ third person masculine singular</p>,H8803,V-Qal-QalPassPrtcpl,hebrew,allstrong_def_hebrew:hebrew_def:Qal/participe passif,OK_DEF_MATCH,Qal / Participe Passif
Conj-w | V-QalPass-ConjPerf-3ms,<p>Conjunctive waw </p><p>+ Verb - QalPass - Conjunctive perfect - third person masculine singular</p>,H8795,V-QalPass-Perf,hebrew,FALLBACK_WARNING:bstudy:ref_lex_core_ori_tr:rejected_by_allstrong:H8795:MISMATCH_DEF:expected=QalPass/parfait; got=Pual/Parfait,ACCEPTED_FALLBACK_WARNING,fallback accepted at end of process; authority_check=MISMATCH_DEF:expected=QalPass/parfait; got=Pual/Parfait
Conj-w | V-QalPass-ConsecImperf-3fs,<p>Conjunctive waw </p><p>+ Verb - QalPass - Consecutive imperfect - third person feminine singular</p>,H8714,V-QalPass-Imperf,hebrew,FALLBACK_WARNING:bstudy:ref_lex_core_ori_tr:rejected_by_allstrong:H8714:MISMATCH_DEF:expected=QalPass/imparfait; got=Hofal/Imparfait,ACCEPTED_FALLBACK_WARNING,fallback accepted at end of process; authority_check=MISMATCH_DEF:expected=QalPass/imparfait; got=Hofal/Imparfait
Conj-w | V-QalPass-ConsecImperf-3ms,<p>Conjunctive waw </p><p>+ Verb - QalPass - Consecutive imperfect - third person masculine singular</p>,H8799,V-QalPass-Imperf,hebrew,FALLBACK_WARNING:bstudy:ref_lex_core_ori_tr:rejected_by_allstrong:H8799:MISMATCH_DEF:expected=QalPass/imparfait; got=Qal/Imparfait,ACCEPTED_FALLBACK_WARNING,fallback accepted at end of process; authority_check=MISMATCH_DEF:expected=QalPass/imparfait; got=Qal/Imparfait
"Conj-w, Art | V-Hifil-Prtcpl-mp","<p>Conjunctive waw, Article </p><p>+ Verb - Hifil - Participle - masculine plural</p>",H8688,V-Hifil-Prtcpl,hebrew,allstrong_def_hebrew:hebrew_def:Hifil/participe,OK_DEF_MATCH,Hifil / Participe
"Conj-w, Art | V-Hifil-Prtcpl-ms","<p>Conjunctive waw, Article </p><p>+ Verb - Hifil - Participle - masculine singular</p>",H8688,V-Hifil-Prtcpl,hebrew,allstrong_def_hebrew:hebrew_def:Hifil/participe,OK_DEF_MATCH,Hifil / Participe
"Conj-w, Art | V-Hitpael-Prtcpl-mp","<p>Conjunctive waw, Article </p><p>+ Verb - Hitpael - Participle - masculine plural</p>",H8693,V-Hitpael-Prtcpl,hebrew,allstrong_def_hebrew:hebrew_def:Hitpael/participe,OK_DEF_MATCH,Hitpael / Participe
"Conj-w, Art | V-Hitpael-Prtcpl-ms","<p>Conjunctive waw, Article </p><p>+ Verb - Hitpael - Participle - masculine singular</p>",H8693,V-Hitpael-Prtcpl,hebrew,allstrong_def_hebrew:hebrew_def:Hitpael/participe,OK_DEF_MATCH,Hitpael / Participe
"Conj-w, Art | V-Nifal-Prtcpl-fp","<p>Conjunctive waw, Article </p><p>+ Verb - Nifal - Participle - feminine plural</p>",H8737,V-Nifal-Prtcpl,hebrew,allstrong_def_hebrew:hebrew_def:Nifal/participe,OK_DEF_MATCH,Nifal / Participe
"Conj-w, Art | V-Nifal-Prtcpl-fs","<p>Conjunctive waw, Article </p><p>+ Verb - Nifal - Participle - feminine singular</p>",H8737,V-Nifal-Prtcpl,hebrew,allstrong_def_hebrew:hebrew_def:Nifal/participe,OK_DEF_MATCH,Nifal / Participe
"Conj-w, Art | V-Nifal-Prtcpl-mp","<p>Conjunctive waw, Article </p><p>+ Verb - Nifal - Participle - masculine plural</p>",H8737,V-Nifal-Prtcpl,hebrew,allstrong_def_hebrew:hebrew_def:Nifal/participe,OK_DEF_MATCH,Nifal / Participe
"Conj-w, Art | V-Nifal-Prtcpl-ms","<p>Conjunctive waw, Article </p><p>+ Verb - Nifal - Participle - masculine singular</p>",H8737,V-Nifal-Prtcpl,hebrew,allstrong_def_hebrew:hebrew_def:Nifal/participe,OK_DEF_MATCH,Nifal / Participe
"Conj-w, Art | V-Piel-Prtcpl-mp","<p>Conjunctive waw, Article </p><p>+ Verb - Piel - Participle - masculine plural</p>",H8764,V-Piel-Prtcpl,hebrew,allstrong_def_hebrew:hebrew_def:Piel/participe,OK_DEF_MATCH,Piel / Participe
"Conj-w, Art | V-Piel-Prtcpl-ms","<p>Conjunctive waw, Article </p><p>+ Verb - Piel - Participle - masculine singular</p>",H8764,V-Piel-Prtcpl,hebrew,allstrong_def_hebrew:hebrew_def:Piel/participe,OK_DEF_MATCH,Piel / Participe
"Conj-w, Art | V-Pual-Prtcpl-fs","<p>Conjunctive waw, Article </p><p>+ Verb - Pual - Participle - feminine singular</p>",H8794,V-Pual-Prtcpl,hebrew,allstrong_def_hebrew:hebrew_def:Pual/participe,OK_DEF_MATCH,Pual / Participe
"Conj-w, Art | V-Qal-Prtcpl-fp","<p>Conjunctive waw, Article </p><p>+ Verb - Qal - Participle - feminine plural</p>",H8801,V-Qal-Prtcpl,hebrew,allstrong_def_hebrew:hebrew_def:Qal/participe,OK_DEF_MATCH,Qal / Participe
"Conj-w, Art | V-Qal-Prtcpl-fs","<p>Conjunctive waw, Article </p><p>+ Verb - Qal - Participle - feminine singular</p>",H8801,V-Qal-Prtcpl,hebrew,allstrong_def_hebrew:hebrew_def:Qal/participe,OK_DEF_MATCH,Qal / Participe
"Conj-w, Art | V-Qal-Prtcpl-mp","<p>Conjunctive waw, Article </p><p>+ Verb - Qal - Participle - masculine plural</p>",H8801,V-Qal-Prtcpl,hebrew,allstrong_def_hebrew:hebrew_def:Qal/participe,OK_DEF_MATCH,Qal / Participe
"Conj-w, Art | V-Qal-Prtcpl-ms","<p>Conjunctive waw, Article </p><p>+ Verb - Qal - Participle - masculine singular</p>",H8801,V-Qal-Prtcpl,hebrew,allstrong_def_hebrew:hebrew_def:Qal/participe,OK_DEF_MATCH,Qal / Participe
"Conj-w, Art | V-Qal-Prtcpl-msc | 2ms","<p>Conjunctive waw, Article </p><p>+ Verb - Qal - Participle - masculine singular construct </p><p>+ second person masculine singular</p>",H8801,V-Qal-Prtcpl,hebrew,allstrong_def_hebrew:hebrew_def:Qal/participe,OK_DEF_MATCH,Qal / Participe
"Conj-w, Art | V-Qal-Prtcpl-msc | 3fs","<p>Conjunctive waw, Article </p><p>+ Verb - Qal - Participle - masculine singular construct </p><p>+ third person feminine singular</p>",H8801,V-Qal-Prtcpl,hebrew,allstrong_def_hebrew:hebrew_def:Qal/participe,OK_DEF_MATCH,Qal / Participe
"Conj-w, Art | V-Qal-QalPassPrtcpl-fp","<p>Conjunctive waw, Article </p><p>+ Verb - Qal - QalPassParticiple - feminine plural</p>",H8803,V-Qal-QalPassPrtcpl,hebrew,allstrong_def_hebrew:hebrew_def:Qal/participe passif,OK_DEF_MATCH,Qal / Participe Passif
"Conj-w, Art | V-Qal-QalPassPrtcpl-fs","<p>Conjunctive waw, Article </p><p>+ Verb - Qal - QalPassParticiple - feminine singular</p>",H8803,V-Qal-QalPassPrtcpl,hebrew,allstrong_def_hebrew:hebrew_def:Qal/participe passif,OK_DEF_MATCH,Qal / Participe Passif
"Conj-w, Art | V-Qal-QalPassPrtcpl-mp","<p>Conjunctive waw, Article </p><p>+ Verb - Qal - QalPassParticiple - masculine plural</p>",H8803,V-Qal-QalPassPrtcpl,hebrew,allstrong_def_hebrew:hebrew_def:Qal/participe passif,OK_DEF_MATCH,Qal / Participe Passif
"Conj-w, Art | V-Qal-QalPassPrtcpl-ms","<p>Conjunctive waw, Article </p><p>+ Verb - Qal - QalPassParticiple - masculine singular</p>",H8803,V-Qal-QalPassPrtcpl,hebrew,allstrong_def_hebrew:hebrew_def:Qal/participe passif,OK_DEF_MATCH,Qal / Participe Passif
"Conj-w, Pr | V-Qal-ConjPerf-1cs","<p>Conjunctive waw, Pr </p><p>+ Verb - Qal - Conjunctive perfect - first person common singular</p>",H8804,V-Qal-Perf,hebrew,allstrong_def_hebrew:hebrew_def:Qal/parfait,OK_DEF_MATCH,Qal / Parfait
"Conj-w, Prep | V-Hifil-Inf","<p>Conjunctive waw, Preposition </p><p>+ Verb - Hifil - Infinitive construct</p>",H8687,V-Hifil-Inf,hebrew,allstrong_def_hebrew:hebrew_def:Hifil/infinitif,OK_DEF_MATCH,Hifil / Infinitif
"Conj-w, Prep | V-Hifil-Prtcpl-mpc","<p>Conjunctive waw, Preposition </p><p>+ Verb - Hifil - Participle - masculine plural construct</p>",H8688,V-Hifil-Prtcpl,hebrew,allstrong_def_hebrew:hebrew_def:Hifil/participe,OK_DEF_MATCH,Hifil / Participe
"Conj-w, Prep | V-Piel-Inf","<p>Conjunctive waw, Preposition </p><p>+ Verb - Piel - Infinitive construct</p>",H8763,V-Piel-Inf,hebrew,allstrong_def_hebrew:hebrew_def:Piel/infinitif,OK_DEF_MATCH,Piel / Infinitif
"Conj-w, Prep | V-Qal-Inf","<p>Conjunctive waw, Preposition </p><p>+ Verb - Qal - Infinitive construct</p>",H8800,V-Qal-Inf,hebrew,allstrong_def_hebrew:hebrew_def:Qal/infinitif,OK_DEF_MATCH,Qal / Infinitif
"Conj-w, Prep | V-Qal-Inf | 3mp","<p>Conjunctive waw, Preposition </p><p>+ Verb - Qal - Infinitive construct </p><p>+ third person masculine plural</p>",H8800,V-Qal-Inf,hebrew,allstrong_def_hebrew:hebrew_def:Qal/infinitif,OK_DEF_MATCH,Qal / Infinitif
"Conj-w, Prep | V-Qal-Prtcpl-mp","<p>Conjunctive waw, Preposition </p><p>+ Verb - Qal - Participle - masculine plural</p>",H8801,V-Qal-Prtcpl,hebrew,allstrong_def_hebrew:hebrew_def:Qal/participe,OK_DEF_MATCH,Qal / Participe
"Conj-w, Prep-b | V-Hifil-Inf","<p>Conjunctive waw, Preposition-b </p><p>+ Verb - Hifil - Infinitive construct</p>",H8687,V-Hifil-Inf,hebrew,allstrong_def_hebrew:hebrew_def:Hifil/infinitif,OK_DEF_MATCH,Hifil / Infinitif
"Conj-w, Prep-b | V-Hifil-Inf | 1cs","<p>Conjunctive waw, Preposition-b </p><p>+ Verb - Hifil - Infinitive construct </p><p>+ first person common singular</p>",H8687,V-Hifil-Inf,hebrew,allstrong_def_hebrew:hebrew_def:Hifil/infinitif,OK_DEF_MATCH,Hifil / Infinitif
"Conj-w, Prep-b | V-Hifil-Inf | 2mp","<p>Conjunctive waw, Preposition-b </p><p>+ Verb - Hifil - Infinitive construct </p><p>+ second person masculine plural</p>",H8687,V-Hifil-Inf,hebrew,allstrong_def_hebrew:hebrew_def:Hifil/infinitif,OK_DEF_MATCH,Hifil / Infinitif
"Conj-w, Prep-b | V-Hifil-Inf | 3mp","<p>Conjunctive waw, Preposition-b </p><p>+ Verb - Hifil - Infinitive construct </p><p>+ third person masculine plural</p>",H8687,V-Hifil-Inf,hebrew,allstrong_def_hebrew:hebrew_def:Hifil/infinitif,OK_DEF_MATCH,Hifil / Infinitif
"Conj-w, Prep-b | V-Nifal-Inf","<p>Conjunctive waw, Preposition-b </p><p>+ Verb - Nifal - Infinitive construct</p>",H8736,V-Nifal-Inf,hebrew,allstrong_def_hebrew:hebrew_def:Nifal/infinitif,OK_DEF_MATCH,Nifal / Infinitif
"Conj-w, Prep-b | V-Nifal-Inf | 2ms","<p>Conjunctive waw, Preposition-b </p><p>+ Verb - Nifal - Infinitive construct </p><p>+ second person masculine singular</p>",H8736,V-Nifal-Inf,hebrew,allstrong_def_hebrew:hebrew_def:Nifal/infinitif,OK_DEF_MATCH,Nifal / Infinitif
"Conj-w, Prep-b | V-Nifal-Inf | 3mp","<p>Conjunctive waw, Preposition-b </p><p>+ Verb - Nifal - Infinitive construct </p><p>+ third person masculine plural</p>",H8736,V-Nifal-Inf,hebrew,allstrong_def_hebrew:hebrew_def:Nifal/infinitif,OK_DEF_MATCH,Nifal / Infinitif
"Conj-w, Prep-b | V-Nifal-Inf | 3ms","<p>Conjunctive waw, Preposition-b </p><p>+ Verb - Nifal - Infinitive construct </p><p>+ third person masculine singular</p>",H8736,V-Nifal-Inf,hebrew,allstrong_def_hebrew:hebrew_def:Nifal/infinitif,OK_DEF_MATCH,Nifal / Infinitif
"Conj-w, Prep-b | V-Nifal-Prtcpl-fp","<p>Conjunctive waw, Preposition-b </p><p>+ Verb - Nifal - Participle - feminine plural</p>",H8737,V-Nifal-Prtcpl,hebrew,allstrong_def_hebrew:hebrew_def:Nifal/participe,OK_DEF_MATCH,Nifal / Participe
"Conj-w, Prep-b | V-Piel-Inf","<p>Conjunctive waw, Preposition-b </p><p>+ Verb - Piel - Infinitive construct</p>",H8763,V-Piel-Inf,hebrew,allstrong_def_hebrew:hebrew_def:Piel/infinitif,OK_DEF_MATCH,Piel / Infinitif
"Conj-w, Prep-b | V-Piel-Inf | 1cs","<p>Conjunctive waw, Preposition-b </p><p>+ Verb - Piel - Infinitive construct </p><p>+ first person common singular</p>",H8763,V-Piel-Inf,hebrew,allstrong_def_hebrew:hebrew_def:Piel/infinitif,OK_DEF_MATCH,Piel / Infinitif
"Conj-w, Prep-b | V-Piel-Inf | 2mp","<p>Conjunctive waw, Preposition-b </p><p>+ Verb - Piel - Infinitive construct </p><p>+ second person masculine plural</p>",H8763,V-Piel-Inf,hebrew,allstrong_def_hebrew:hebrew_def:Piel/infinitif,OK_DEF_MATCH,Piel / Infinitif
"Conj-w, Prep-b | V-Piel-Inf | 3ms","<p>Conjunctive waw, Preposition-b </p><p>+ Verb - Piel - Infinitive construct </p><p>+ third person masculine singular</p>",H8763,V-Piel-Inf,hebrew,allstrong_def_hebrew:hebrew_def:Piel/infinitif,OK_DEF_MATCH,Piel / Infinitif
"Conj-w, Prep-b | V-Qal-Inf","<p>Conjunctive waw, Preposition-b </p><p>+ Verb - Qal - Infinitive construct</p>",H8800,V-Qal-Inf,hebrew,allstrong_def_hebrew:hebrew_def:Qal/infinitif,OK_DEF_MATCH,Qal / Infinitif
"Conj-w, Prep-b | V-Qal-Inf | 1cs","<p>Conjunctive waw, Preposition-b </p><p>+ Verb - Qal - Infinitive construct </p><p>+ first person common singular</p>",H8800,V-Qal-Inf,hebrew,allstrong_def_hebrew:hebrew_def:Qal/infinitif,OK_DEF_MATCH,Qal / Infinitif
"Conj-w, Prep-b | V-Qal-Inf | 2fs","<p>Conjunctive waw, Preposition-b </p><p>+ Verb - Qal - Infinitive construct </p><p>+ second person feminine singular</p>",H8800,V-Qal-Inf,hebrew,allstrong_def_hebrew:hebrew_def:Qal/infinitif,OK_DEF_MATCH,Qal / Infinitif
"Conj-w, Prep-b | V-Qal-Inf | 2mp","<p>Conjunctive waw, Preposition-b </p><p>+ Verb - Qal - Infinitive construct </p><p>+ second person masculine plural</p>",H8800,V-Qal-Inf,hebrew,allstrong_def_hebrew:hebrew_def:Qal/infinitif,OK_DEF_MATCH,Qal / Infinitif
"Conj-w, Prep-b | V-Qal-Inf | 2ms","<p>Conjunctive waw, Preposition-b </p><p>+ Verb - Qal - Infinitive construct </p><p>+ second person masculine singular</p>",H8800,V-Qal-Inf,hebrew,allstrong_def_hebrew:hebrew_def:Qal/infinitif,OK_DEF_MATCH,Qal / Infinitif
"Conj-w, Prep-b | V-Qal-Inf | 3fs","<p>Conjunctive waw, Preposition-b </p><p>+ Verb - Qal - Infinitive construct </p><p>+ third person feminine singular</p>",H8800,V-Qal-Inf,hebrew,allstrong_def_hebrew:hebrew_def:Qal/infinitif,OK_DEF_MATCH,Qal / Infinitif
"Conj-w, Prep-b | V-Qal-Inf | 3mp","<p>Conjunctive waw, Preposition-b </p><p>+ Verb - Qal - Infinitive construct </p><p>+ third person masculine plural</p>",H8800,V-Qal-Inf,hebrew,allstrong_def_hebrew:hebrew_def:Qal/infinitif,OK_DEF_MATCH,Qal / Infinitif
"Conj-w, Prep-b | V-Qal-Inf | 3ms","<p>Conjunctive waw, Preposition-b </p><p>+ Verb - Qal - Infinitive construct </p><p>+ third person masculine singular</p>",H8800,V-Qal-Inf,hebrew,allstrong_def_hebrew:hebrew_def:Qal/infinitif,OK_DEF_MATCH,Qal / Infinitif
"Conj-w, Prep-b | V-Qal-Prtcpl-mpc","<p>Conjunctive waw, Preposition-b </p><p>+ Verb - Qal - Participle - masculine plural construct</p>",H8801,V-Qal-Prtcpl,hebrew,allstrong_def_hebrew:hebrew_def:Qal/participe,OK_DEF_MATCH,Qal / Participe
"Conj-w, Prep-b | V-Qal-Prtcpl-mpc | 1cs","<p>Conjunctive waw, Preposition-b </p><p>+ Verb - Qal - Participle - masculine plural construct </p><p>+ first person common singular</p>",H8801,V-Qal-Prtcpl,hebrew,allstrong_def_hebrew:hebrew_def:Qal/participe,OK_DEF_MATCH,Qal / Participe
"Conj-w, Prep-b | V-Qal-QalPassPrtcpl-ms","<p>Conjunctive waw, Preposition-b </p><p>+ Verb - Qal - QalPassParticiple - masculine singular</p>",H8803,V-Qal-QalPassPrtcpl,hebrew,allstrong_def_hebrew:hebrew_def:Qal/participe passif,OK_DEF_MATCH,Qal / Participe Passif
"Conj-w, Prep-b, Art | V-Nifal-Prtcpl-mp","<p>Conjunctive waw, Preposition-b, Article </p><p>+ Verb - Nifal - Participle - masculine plural</p>",H8737,V-Nifal-Prtcpl,hebrew,allstrong_def_hebrew:hebrew_def:Nifal/participe,OK_DEF_MATCH,Nifal / Participe
"Conj-w, Prep-b, Art | V-Piel-Prtcpl-mp","<p>Conjunctive waw, Preposition-b, Article </p><p>+ Verb - Piel - Participle - masculine plural</p>",H8764,V-Piel-Prtcpl,hebrew,allstrong_def_hebrew:hebrew_def:Piel/participe,OK_DEF_MATCH,Piel / Participe
"Conj-w, Prep-b, Art | V-Qal-Prtcpl-mp","<p>Conjunctive waw, Preposition-b, Article </p><p>+ Verb - Qal - Participle - masculine plural</p>",H8801,V-Qal-Prtcpl,hebrew,allstrong_def_hebrew:hebrew_def:Qal/participe,OK_DEF_MATCH,Qal / Participe
"Conj-w, Prep-b, Art | V-Qal-QalPassPrtcpl-mp","<p>Conjunctive waw, Preposition-b, Article </p><p>+ Verb - Qal - QalPassParticiple - masculine plural</p>",H8803,V-Qal-QalPassPrtcpl,hebrew,allstrong_def_hebrew:hebrew_def:Qal/participe passif,OK_DEF_MATCH,Qal / Participe Passif
"Conj-w, Prep-k | V-Hifil-Inf","<p>Conjunctive waw, Preposition-k </p><p>+ Verb - Hifil - Infinitive construct</p>",H8687,V-Hifil-Inf,hebrew,allstrong_def_hebrew:hebrew_def:Hifil/infinitif,OK_DEF_MATCH,Hifil / Infinitif
"Conj-w, Prep-k | V-Hitpael-Inf","<p>Conjunctive waw, Preposition-k </p><p>+ Verb - Hitpael - Infinitive construct</p>",H8692,V-Hitpael-Inf,hebrew,allstrong_def_hebrew:hebrew_def:Hitpael/infinitif,OK_DEF_MATCH,Hitpael / Infinitif
"Conj-w, Prep-k | V-Hitpael-Inf | 3ms","<p>Conjunctive waw, Preposition-k </p><p>+ Verb - Hitpael - Infinitive construct </p><p>+ third person masculine singular</p>",H8692,V-Hitpael-Inf,hebrew,allstrong_def_hebrew:hebrew_def:Hitpael/infinitif,OK_DEF_MATCH,Hitpael / Infinitif
"Conj-w, Prep-k | V-Piel-Inf","<p>Conjunctive waw, Preposition-k </p><p>+ Verb - Piel - Infinitive construct</p>",H8763,V-Piel-Inf,hebrew,allstrong_def_hebrew:hebrew_def:Piel/infinitif,OK_DEF_MATCH,Piel / Infinitif
"Conj-w, Prep-k | V-Piel-Inf | 3mp","<p>Conjunctive waw, Preposition-k </p><p>+ Verb - Piel - Infinitive construct </p><p>+ third person masculine plural</p>",H8763,V-Piel-Inf,hebrew,allstrong_def_hebrew:hebrew_def:Piel/infinitif,OK_DEF_MATCH,Piel / Infinitif
"Conj-w, Prep-k | V-Qal-Inf","<p>Conjunctive waw, Preposition-k </p><p>+ Verb - Qal - Infinitive construct</p>",H8800,V-Qal-Inf,hebrew,allstrong_def_hebrew:hebrew_def:Qal/infinitif,OK_DEF_MATCH,Qal / Infinitif
"Conj-w, Prep-k | V-Qal-Inf | 1cs","<p>Conjunctive waw, Preposition-k </p><p>+ Verb - Qal - Infinitive construct </p><p>+ first person common singular</p>",H8800,V-Qal-Inf,hebrew,allstrong_def_hebrew:hebrew_def:Qal/infinitif,OK_DEF_MATCH,Qal / Infinitif
"Conj-w, Prep-k | V-Qal-Inf | 3mp","<p>Conjunctive waw, Preposition-k </p><p>+ Verb - Qal - Infinitive construct </p><p>+ third person masculine plural</p>",H8800,V-Qal-Inf,hebrew,allstrong_def_hebrew:hebrew_def:Qal/infinitif,OK_DEF_MATCH,Qal / Infinitif
"Conj-w, Prep-k | V-Qal-Inf | 3ms","<p>Conjunctive waw, Preposition-k </p><p>+ Verb - Qal - Infinitive construct </p><p>+ third person masculine singular</p>",H8800,V-Qal-Inf,hebrew,allstrong_def_hebrew:hebrew_def:Qal/infinitif,OK_DEF_MATCH,Qal / Infinitif
"Conj-w, Prep-k | V-Qal-Prtcpl-fs","<p>Conjunctive waw, Preposition-k </p><p>+ Verb - Qal - Participle - feminine singular</p>",H8801,V-Qal-Prtcpl,hebrew,allstrong_def_hebrew:hebrew_def:Qal/participe,OK_DEF_MATCH,Qal / Participe
"Conj-w, Prep-k | V-Qal-Prtcpl-ms","<p>Conjunctive waw, Preposition-k </p><p>+ Verb - Qal - Participle - masculine singular</p>",H8801,V-Qal-Prtcpl,hebrew,allstrong_def_hebrew:hebrew_def:Qal/participe,OK_DEF_MATCH,Qal / Participe
"Conj-w, Prep-l | V-Hifil-Inf","<p>Conjunctive waw, Preposition-l </p><p>+ Verb - Hifil - Infinitive construct</p>",H8687,V-Hifil-Inf,hebrew,allstrong_def_hebrew:hebrew_def:Hifil/infinitif,OK_DEF_MATCH,Hifil / Infinitif
"Conj-w, Prep-l | V-Hifil-Inf | 2ms","<p>Conjunctive waw, Preposition-l </p><p>+ Verb - Hifil - Infinitive construct </p><p>+ second person masculine singular</p>",H8687,V-Hifil-Inf,hebrew,allstrong_def_hebrew:hebrew_def:Hifil/infinitif,OK_DEF_MATCH,Hifil / Infinitif
"Conj-w, Prep-l | V-Hifil-Inf | 3ms","<p>Conjunctive waw, Preposition-l </p><p>+ Verb - Hifil - Infinitive construct </p><p>+ third person masculine singular</p>",H8687,V-Hifil-Inf,hebrew,allstrong_def_hebrew:hebrew_def:Hifil/infinitif,OK_DEF_MATCH,Hifil / Infinitif
"Conj-w, Prep-l | V-Hitpael-Inf","<p>Conjunctive waw, Preposition-l </p><p>+ Verb - Hitpael - Infinitive construct</p>",H8692,V-Hitpael-Inf,hebrew,allstrong_def_hebrew:hebrew_def:Hitpael/infinitif,OK_DEF_MATCH,Hitpael / Infinitif
"Conj-w, Prep-l | V-Nifal-Inf","<p>Conjunctive waw, Preposition-l </p><p>+ Verb - Nifal - Infinitive construct</p>",H8736,V-Nifal-Inf,hebrew,allstrong_def_hebrew:hebrew_def:Nifal/infinitif,OK_DEF_MATCH,Nifal / Infinitif
"Conj-w, Prep-l | V-Piel-Inf","<p>Conjunctive waw, Preposition-l </p><p>+ Verb - Piel - Infinitive construct</p>",H8763,V-Piel-Inf,hebrew,allstrong_def_hebrew:hebrew_def:Piel/infinitif,OK_DEF_MATCH,Piel / Infinitif
"Conj-w, Prep-l | V-Piel-Inf | 3fs","<p>Conjunctive waw, Preposition-l </p><p>+ Verb - Piel - Infinitive construct </p><p>+ third person feminine singular</p>",H8763,V-Piel-Inf,hebrew,allstrong_def_hebrew:hebrew_def:Piel/infinitif,OK_DEF_MATCH,Piel / Infinitif
"Conj-w, Prep-l | V-Piel-Inf | 3mp","<p>Conjunctive waw, Preposition-l </p><p>+ Verb - Piel - Infinitive construct </p><p>+ third person masculine plural</p>",H8763,V-Piel-Inf,hebrew,allstrong_def_hebrew:hebrew_def:Piel/infinitif,OK_DEF_MATCH,Piel / Infinitif
"Conj-w, Prep-l | V-Piel-Inf | 3ms","<p>Conjunctive waw, Preposition-l </p><p>+ Verb - Piel - Infinitive construct </p><p>+ third person masculine singular</p>",H8763,V-Piel-Inf,hebrew,allstrong_def_hebrew:hebrew_def:Piel/infinitif,OK_DEF_MATCH,Piel / Infinitif
"Conj-w, Prep-l | V-Piel-Prtcpl-mpc | 1cs","<p>Conjunctive waw, Preposition-l </p><p>+ Verb - Piel - Participle - masculine plural construct </p><p>+ first person common singular</p>",H8764,V-Piel-Prtcpl,hebrew,allstrong_def_hebrew:hebrew_def:Piel/participe,OK_DEF_MATCH,Piel / Participe
"Conj-w, Prep-l | V-Qal-Inf","<p>Conjunctive waw, Preposition-l </p><p>+ Verb - Qal - Infinitive construct</p>",H8800,V-Qal-Inf,hebrew,allstrong_def_hebrew:hebrew_def:Qal/infinitif,OK_DEF_MATCH,Qal / Infinitif
"Conj-w, Prep-l | V-Qal-Inf | 1cp","<p>Conjunctive waw, Preposition-l </p><p>+ Verb - Qal - Infinitive construct </p><p>+ first person common plural</p>",H8800,V-Qal-Inf,hebrew,allstrong_def_hebrew:hebrew_def:Qal/infinitif,OK_DEF_MATCH,Qal / Infinitif
"Conj-w, Prep-l | V-Qal-Inf | 2mp","<p>Conjunctive waw, Preposition-l </p><p>+ Verb - Qal - Infinitive construct </p><p>+ second person masculine plural</p>",H8800,V-Qal-Inf,hebrew,allstrong_def_hebrew:hebrew_def:Qal/infinitif,OK_DEF_MATCH,Qal / Infinitif
"Conj-w, Prep-l | V-Qal-Inf | 2ms","<p>Conjunctive waw, Preposition-l </p><p>+ Verb - Qal - Infinitive construct </p><p>+ second person masculine singular</p>",H8800,V-Qal-Inf,hebrew,allstrong_def_hebrew:hebrew_def:Qal/infinitif,OK_DEF_MATCH,Qal / Infinitif
"Conj-w, Prep-l | V-Qal-Inf | 3fs","<p>Conjunctive waw, Preposition-l </p><p>+ Verb - Qal - Infinitive construct </p><p>+ third person feminine singular</p>",H8800,V-Qal-Inf,hebrew,allstrong_def_hebrew:hebrew_def:Qal/infinitif,OK_DEF_MATCH,Qal / Infinitif
"Conj-w, Prep-l | V-Qal-Inf | 3ms","<p>Conjunctive waw, Preposition-l </p><p>+ Verb - Qal - Infinitive construct </p><p>+ third person masculine singular</p>",H8800,V-Qal-Inf,hebrew,allstrong_def_hebrew:hebrew_def:Qal/infinitif,OK_DEF_MATCH,Qal / Infinitif
"Conj-w, Prep-l | V-Qal-Prtcpl-fp","<p>Conjunctive waw, Preposition-l </p><p>+ Verb - Qal - Participle - feminine plural</p>",H8801,V-Qal-Prtcpl,hebrew,allstrong_def_hebrew:hebrew_def:Qal/participe,OK_DEF_MATCH,Qal / Participe
"Conj-w, Prep-l | V-Qal-Prtcpl-mp","<p>Conjunctive waw, Preposition-l </p><p>+ Verb - Qal - Participle - masculine plural</p>",H8801,V-Qal-Prtcpl,hebrew,allstrong_def_hebrew:hebrew_def:Qal/participe,OK_DEF_MATCH,Qal / Participe
"Conj-w, Prep-l | V-Qal-Prtcpl-mpc","<p>Conjunctive waw, Preposition-l </p><p>+ Verb - Qal - Participle - masculine plural construct</p>",H8801,V-Qal-Prtcpl,hebrew,allstrong_def_hebrew:hebrew_def:Qal/participe,OK_DEF_MATCH,Qal / Participe
"Conj-w, Prep-l | V-Qal-Prtcpl-mpc | 3ms","<p>Conjunctive waw, Preposition-l </p><p>+ Verb - Qal - Participle - masculine plural construct </p><p>+ third person masculine singular</p>",H8801,V-Qal-Prtcpl,hebrew,allstrong_def_hebrew:hebrew_def:Qal/participe,OK_DEF_MATCH,Qal / Participe
"Conj-w, Prep-l | V-Qal-Prtcpl-ms","<p>Conjunctive waw, Preposition-l </p><p>+ Verb - Qal - Participle - masculine singular</p>",H8801,V-Qal-Prtcpl,hebrew,allstrong_def_hebrew:hebrew_def:Qal/participe,OK_DEF_MATCH,Qal / Participe
"Conj-w, Prep-l | V-Qal-Prtcpl-msc | 1cs","<p>Conjunctive waw, Preposition-l </p><p>+ Verb - Qal - Participle - masculine singular construct </p><p>+ first person common singular</p>",H8801,V-Qal-Prtcpl,hebrew,allstrong_def_hebrew:hebrew_def:Qal/participe,OK_DEF_MATCH,Qal / Participe
"Conj-w, Prep-l | V-Qal-Prtcpl-msc | 3ms","<p>Conjunctive waw, Preposition-l </p><p>+ Verb - Qal - Participle - masculine singular construct </p><p>+ third person masculine singular</p>",H8801,V-Qal-Prtcpl,hebrew,allstrong_def_hebrew:hebrew_def:Qal/participe,OK_DEF_MATCH,Qal / Participe
"Conj-w, Prep-l | V-Qal-QalPassPrtcpl-mp","<p>Conjunctive waw, Preposition-l </p><p>+ Verb - Qal - QalPassParticiple - masculine plural</p>",H8803,V-Qal-QalPassPrtcpl,hebrew,allstrong_def_hebrew:hebrew_def:Qal/participe passif,OK_DEF_MATCH,Qal / Participe Passif
"Conj-w, Prep-l, Art | V-Hifil-Prtcpl-mp","<p>Conjunctive waw, Preposition-l, Article </p><p>+ Verb - Hifil - Participle - masculine plural</p>",H8688,V-Hifil-Prtcpl,hebrew,allstrong_def_hebrew:hebrew_def:Hifil/participe,OK_DEF_MATCH,Hifil / Participe
"Conj-w, Prep-l, Art | V-Hifil-Prtcpl-ms","<p>Conjunctive waw, Preposition-l, Article </p><p>+ Verb - Hifil - Participle - masculine singular</p>",H8688,V-Hifil-Prtcpl,hebrew,allstrong_def_hebrew:hebrew_def:Hifil/participe,OK_DEF_MATCH,Hifil / Participe
"Conj-w, Prep-l, Art | V-Hofal-Prtcpl-fs","<p>Conjunctive waw, Preposition-l, Article </p><p>+ Verb - Hofal - Participle - feminine singular</p>",H8716,V-Hofal-Prtcpl,hebrew,allstrong_def_hebrew:hebrew_def:Hofal/participe,OK_DEF_MATCH,Hofal / Participe
"Conj-w, Prep-l, Art | V-Nifal-Prtcpl-fs","<p>Conjunctive waw, Preposition-l, Article </p><p>+ Verb - Nifal - Participle - feminine singular</p>",H8737,V-Nifal-Prtcpl,hebrew,allstrong_def_hebrew:hebrew_def:Nifal/participe,OK_DEF_MATCH,Nifal / Participe
"Conj-w, Prep-l, Art | V-Piel-Prtcpl-mp","<p>Conjunctive waw, Preposition-l, Article </p><p>+ Verb - Piel - Participle - masculine plural</p>",H8764,V-Piel-Prtcpl,hebrew,allstrong_def_hebrew:hebrew_def:Piel/participe,OK_DEF_MATCH,Piel / Participe
"Conj-w, Prep-l, Art | V-Qal-Prtcpl-mp","<p>Conjunctive waw, Preposition-l, Article </p><p>+ Verb - Qal - Participle - masculine plural</p>",H8801,V-Qal-Prtcpl,hebrew,allstrong_def_hebrew:hebrew_def:Qal/participe,OK_DEF_MATCH,Qal / Participe
"Conj-w, Prep-l, Art | V-Qal-Prtcpl-ms","<p>Conjunctive waw, Preposition-l, Article </p><p>+ Verb - Qal - Participle - masculine singular</p>",H8801,V-Qal-Prtcpl,hebrew,allstrong_def_hebrew:hebrew_def:Qal/participe,OK_DEF_MATCH,Qal / Participe
"Conj-w, Prep-m | V-Hifil-Prtcpl-mpc","<p>Conjunctive waw, Preposition-m </p><p>+ Verb - Hifil - Participle - masculine plural construct</p>",H8688,V-Hifil-Prtcpl,hebrew,allstrong_def_hebrew:hebrew_def:Hifil/participe,OK_DEF_MATCH,Hifil / Participe
"Conj-w, Prep-m | V-Hitpael-Inf","<p>Conjunctive waw, Preposition-m </p><p>+ Verb - Hitpael - Infinitive construct</p>",H8692,V-Hitpael-Inf,hebrew,allstrong_def_hebrew:hebrew_def:Hitpael/infinitif,OK_DEF_MATCH,Hitpael / Infinitif
"Conj-w, Prep-m | V-Piel-Inf","<p>Conjunctive waw, Preposition-m </p><p>+ Verb - Piel - Infinitive construct</p>",H8763,V-Piel-Inf,hebrew,allstrong_def_hebrew:hebrew_def:Piel/infinitif,OK_DEF_MATCH,Piel / Infinitif
"Conj-w, Prep-m | V-Qal-Inf","<p>Conjunctive waw, Preposition-m </p><p>+ Verb - Qal - Infinitive construct</p>",H8800,V-Qal-Inf,hebrew,allstrong_def_hebrew:hebrew_def:Qal/infinitif,OK_DEF_MATCH,Qal / Infinitif
"Conj-w, Prep-m | V-Qal-Inf | 3ms","<p>Conjunctive waw, Preposition-m </p><p>+ Verb - Qal - Infinitive construct </p><p>+ third person masculine singular</p>",H8800,V-Qal-Inf,hebrew,allstrong_def_hebrew:hebrew_def:Qal/infinitif,OK_DEF_MATCH,Qal / Infinitif
"Conj-w, Prep-m | V-Qal-Prtcpl-fsc","<p>Conjunctive waw, Preposition-m </p><p>+ Verb - Qal - Participle - feminine singular construct</p>",H8801,V-Qal-Prtcpl,hebrew,allstrong_def_hebrew:hebrew_def:Qal/participe,OK_DEF_MATCH,Qal / Participe
"Conj-w, Prep-m | V-Qal-Prtcpl-mpc | 1cs","<p>Conjunctive waw, Preposition-m </p><p>+ Verb - Qal - Participle - masculine plural construct </p><p>+ first person common singular</p>",H8801,V-Qal-Prtcpl,hebrew,allstrong_def_hebrew:hebrew_def:Qal/participe,OK_DEF_MATCH,Qal / Participe
"Conj-w, Prep-m | V-Qal-Prtcpl-ms","<p>Conjunctive waw, Preposition-m </p><p>+ Verb - Qal - Participle - masculine singular</p>",H8801,V-Qal-Prtcpl,hebrew,allstrong_def_hebrew:hebrew_def:Qal/participe,OK_DEF_MATCH,Qal / Participe
Pd | V-Qal-Imperf-2fs,<p>Pd </p><p>+ Verb - Qal - Imperfect - second person feminine singular</p>,H8799,V-Qal-Imperf,hebrew,allstrong_def_hebrew:hebrew_def:Qal/imparfait,OK_DEF_MATCH,Qal / Imparfait
Prep | V-Hifil-Inf,<p>Preposition </p><p>+ Verb - Hifil - Infinitive construct</p>,H8687,V-Hifil-Inf,hebrew,allstrong_def_hebrew:hebrew_def:Hifil/infinitif,OK_DEF_MATCH,Hifil / Infinitif
Prep | V-Nifal-Inf,<p>Preposition </p><p>+ Verb - Nifal - Infinitive construct</p>,H8736,V-Nifal-Inf,hebrew,allstrong_def_hebrew:hebrew_def:Nifal/infinitif,OK_DEF_MATCH,Nifal / Infinitif
Prep | V-Piel-Inf,<p>Preposition </p><p>+ Verb - Piel - Infinitive construct</p>,H8763,V-Piel-Inf,hebrew,allstrong_def_hebrew:hebrew_def:Piel/infinitif,OK_DEF_MATCH,Piel / Infinitif
Prep | V-Qal-Inf,<p>Preposition </p><p>+ Verb - Qal - Infinitive construct</p>,H8800,V-Qal-Inf,hebrew,allstrong_def_hebrew:hebrew_def:Qal/infinitif,OK_DEF_MATCH,Qal / Infinitif
Prep | V-Qal-Inf | 1cp,<p>Preposition </p><p>+ Verb - Qal - Infinitive construct </p><p>+ first person common plural</p>,H8800,V-Qal-Inf,hebrew,allstrong_def_hebrew:hebrew_def:Qal/infinitif,OK_DEF_MATCH,Qal / Infinitif
Prep | V-Qal-Inf | 1cs,<p>Preposition </p><p>+ Verb - Qal - Infinitive construct </p><p>+ first person common singular</p>,H8800,V-Qal-Inf,hebrew,allstrong_def_hebrew:hebrew_def:Qal/infinitif,OK_DEF_MATCH,Qal / Infinitif
Prep-b | V-Hifil-Inf,<p>Preposition-b </p><p>+ Verb - Hifil - Infinitive construct</p>,H8687,V-Hifil-Inf,hebrew,allstrong_def_hebrew:hebrew_def:Hifil/infinitif,OK_DEF_MATCH,Hifil / Infinitif
Prep-b | V-Hifil-Inf | 1cs,<p>Preposition-b </p><p>+ Verb - Hifil - Infinitive construct </p><p>+ first person common singular</p>,H8687,V-Hifil-Inf,hebrew,allstrong_def_hebrew:hebrew_def:Hifil/infinitif,OK_DEF_MATCH,Hifil / Infinitif
Prep-b | V-Hifil-Inf | 2mp,<p>Preposition-b </p><p>+ Verb - Hifil - Infinitive construct </p><p>+ second person masculine plural</p>,H8687,V-Hifil-Inf,hebrew,allstrong_def_hebrew:hebrew_def:Hifil/infinitif,OK_DEF_MATCH,Hifil / Infinitif
Prep-b | V-Hifil-Inf | 2ms,<p>Preposition-b </p><p>+ Verb - Hifil - Infinitive construct </p><p>+ second person masculine singular</p>,H8687,V-Hifil-Inf,hebrew,allstrong_def_hebrew:hebrew_def:Hifil/infinitif,OK_DEF_MATCH,Hifil / Infinitif
Prep-b | V-Hifil-Inf | 3fs,<p>Preposition-b </p><p>+ Verb - Hifil - Infinitive construct </p><p>+ third person feminine singular</p>,H8687,V-Hifil-Inf,hebrew,allstrong_def_hebrew:hebrew_def:Hifil/infinitif,OK_DEF_MATCH,Hifil / Infinitif
Prep-b | V-Hifil-Inf | 3mp,<p>Preposition-b </p><p>+ Verb - Hifil - Infinitive construct </p><p>+ third person masculine plural</p>,H8687,V-Hifil-Inf,hebrew,allstrong_def_hebrew:hebrew_def:Hifil/infinitif,OK_DEF_MATCH,Hifil / Infinitif
Prep-b | V-Hifil-Inf | 3ms,<p>Preposition-b </p><p>+ Verb - Hifil - Infinitive construct </p><p>+ third person masculine singular</p>,H8687,V-Hifil-Inf,hebrew,allstrong_def_hebrew:hebrew_def:Hifil/infinitif,OK_DEF_MATCH,Hifil / Infinitif
Prep-b | V-Hifil-Prtcpl-mpc,<p>Preposition-b </p><p>+ Verb - Hifil - Participle - masculine plural construct</p>,H8688,V-Hifil-Prtcpl,hebrew,allstrong_def_hebrew:hebrew_def:Hifil/participe,OK_DEF_MATCH,Hifil / Participe
Prep-b | V-Hifil-Prtcpl-ms,<p>Preposition-b </p><p>+ Verb - Hifil - Participle - masculine singular</p>,H8688,V-Hifil-Prtcpl,hebrew,allstrong_def_hebrew:hebrew_def:Hifil/participe,OK_DEF_MATCH,Hifil / Participe
Prep-b | V-Hifil-Prtcpl-msc,<p>Preposition-b </p><p>+ Verb - Hifil - Participle - masculine singular construct</p>,H8688,V-Hifil-Prtcpl,hebrew,allstrong_def_hebrew:hebrew_def:Hifil/participe,OK_DEF_MATCH,Hifil / Participe
Prep-b | V-Hitpael-Inf,<p>Preposition-b </p><p>+ Verb - Hitpael - Infinitive construct</p>,H8692,V-Hitpael-Inf,hebrew,allstrong_def_hebrew:hebrew_def:Hitpael/infinitif,OK_DEF_MATCH,Hitpael / Infinitif
Prep-b | V-Hitpael-Inf | 1cs,<p>Preposition-b </p><p>+ Verb - Hitpael - Infinitive construct </p><p>+ first person common singular</p>,H8692,V-Hitpael-Inf,hebrew,allstrong_def_hebrew:hebrew_def:Hitpael/infinitif,OK_DEF_MATCH,Hitpael / Infinitif
Prep-b | V-Hitpael-Inf | 2ms,<p>Preposition-b </p><p>+ Verb - Hitpael - Infinitive construct </p><p>+ second person masculine singular</p>,H8692,V-Hitpael-Inf,hebrew,allstrong_def_hebrew:hebrew_def:Hitpael/infinitif,OK_DEF_MATCH,Hitpael / Infinitif
Prep-b | V-Hitpael-Inf | 3mp,<p>Preposition-b </p><p>+ Verb - Hitpael - Infinitive construct </p><p>+ third person masculine plural</p>,H8692,V-Hitpael-Inf,hebrew,allstrong_def_hebrew:hebrew_def:Hitpael/infinitif,OK_DEF_MATCH,Hitpael / Infinitif
Prep-b | V-Hitpael-Inf | 3ms,<p>Preposition-b </p><p>+ Verb - Hitpael - Infinitive construct </p><p>+ third person masculine singular</p>,H8692,V-Hitpael-Inf,hebrew,allstrong_def_hebrew:hebrew_def:Hitpael/infinitif,OK_DEF_MATCH,Hitpael / Infinitif
Prep-b | V-Hofal-Inf | 3fs,<p>Preposition-b </p><p>+ Verb - Hofal - Infinitive construct </p><p>+ third person feminine singular</p>,H8715,V-Hofal-Inf,hebrew,allstrong_def_hebrew:hebrew_def:Hofal/infinitif,OK_DEF_MATCH,Hofal / Infinitif
Prep-b | V-Nifal-Inf,<p>Preposition-b </p><p>+ Verb - Nifal - Infinitive construct</p>,H8736,V-Nifal-Inf,hebrew,allstrong_def_hebrew:hebrew_def:Nifal/infinitif,OK_DEF_MATCH,Nifal / Infinitif
Prep-b | V-Nifal-Inf | 1cs,<p>Preposition-b </p><p>+ Verb - Nifal - Infinitive construct </p><p>+ first person common singular</p>,H8736,V-Nifal-Inf,hebrew,allstrong_def_hebrew:hebrew_def:Nifal/infinitif,OK_DEF_MATCH,Nifal / Infinitif
Prep-b | V-Nifal-Inf | 2mp,<p>Preposition-b </p><p>+ Verb - Nifal - Infinitive construct </p><p>+ second person masculine plural</p>,H8736,V-Nifal-Inf,hebrew,allstrong_def_hebrew:hebrew_def:Nifal/infinitif,OK_DEF_MATCH,Nifal / Infinitif
Prep-b | V-Nifal-Inf | 2ms,<p>Preposition-b </p><p>+ Verb - Nifal - Infinitive construct </p><p>+ second person masculine singular</p>,H8736,V-Nifal-Inf,hebrew,allstrong_def_hebrew:hebrew_def:Nifal/infinitif,OK_DEF_MATCH,Nifal / Infinitif
Prep-b | V-Nifal-Inf | 3mp,<p>Preposition-b </p><p>+ Verb - Nifal - Infinitive construct </p><p>+ third person masculine plural</p>,H8736,V-Nifal-Inf,hebrew,allstrong_def_hebrew:hebrew_def:Nifal/infinitif,OK_DEF_MATCH,Nifal / Infinitif
Prep-b | V-Nifal-Inf | 3ms,<p>Preposition-b </p><p>+ Verb - Nifal - Infinitive construct </p><p>+ third person masculine singular</p>,H8736,V-Nifal-Inf,hebrew,allstrong_def_hebrew:hebrew_def:Nifal/infinitif,OK_DEF_MATCH,Nifal / Infinitif
Prep-b | V-Nifal-Prtcpl-fpc | 2ms,<p>Preposition-b </p><p>+ Verb - Nifal - Participle - feminine plural construct </p><p>+ second person masculine singular</p>,H8737,V-Nifal-Prtcpl,hebrew,allstrong_def_hebrew:hebrew_def:Nifal/participe,OK_DEF_MATCH,Nifal / Participe
Prep-b | V-Nifal-Prtcpl-fpc | 3ms,<p>Preposition-b </p><p>+ Verb - Nifal - Participle - feminine plural construct </p><p>+ third person masculine singular</p>,H8737,V-Nifal-Prtcpl,hebrew,allstrong_def_hebrew:hebrew_def:Nifal/participe,OK_DEF_MATCH,Nifal / Participe
Prep-b | V-Nifal-Prtcpl-mpc,<p>Preposition-b </p><p>+ Verb - Nifal - Participle - masculine plural construct</p>,H8737,V-Nifal-Prtcpl,hebrew,allstrong_def_hebrew:hebrew_def:Nifal/participe,OK_DEF_MATCH,Nifal / Participe
Prep-b | V-Piel-Inf,<p>Preposition-b </p><p>+ Verb - Piel - Infinitive construct</p>,H8763,V-Piel-Inf,hebrew,allstrong_def_hebrew:hebrew_def:Piel/infinitif,OK_DEF_MATCH,Piel / Infinitif
Prep-b | V-Piel-Inf | 1cs,<p>Preposition-b </p><p>+ Verb - Piel - Infinitive construct </p><p>+ first person common singular</p>,H8763,V-Piel-Inf,hebrew,allstrong_def_hebrew:hebrew_def:Piel/infinitif,OK_DEF_MATCH,Piel / Infinitif
Prep-b | V-Piel-Inf | 2fp,<p>Preposition-b </p><p>+ Verb - Piel - Infinitive construct </p><p>+ second person feminine plural</p>,H8763,V-Piel-Inf,hebrew,allstrong_def_hebrew:hebrew_def:Piel/infinitif,OK_DEF_MATCH,Piel / Infinitif
Prep-b | V-Piel-Inf | 2fs,<p>Preposition-b </p><p>+ Verb - Piel - Infinitive construct </p><p>+ second person feminine singular</p>,H8763,V-Piel-Inf,hebrew,allstrong_def_hebrew:hebrew_def:Piel/infinitif,OK_DEF_MATCH,Piel / Infinitif
Prep-b | V-Piel-Inf | 2mp,<p>Preposition-b </p><p>+ Verb - Piel - Infinitive construct </p><p>+ second person masculine plural</p>,H8763,V-Piel-Inf,hebrew,allstrong_def_hebrew:hebrew_def:Piel/infinitif,OK_DEF_MATCH,Piel / Infinitif
Prep-b | V-Piel-Inf | 2ms,<p>Preposition-b </p><p>+ Verb - Piel - Infinitive construct </p><p>+ second person masculine singular</p>,H8763,V-Piel-Inf,hebrew,allstrong_def_hebrew:hebrew_def:Piel/infinitif,OK_DEF_MATCH,Piel / Infinitif
Prep-b | V-Piel-Inf | 3fs,<p>Preposition-b </p><p>+ Verb - Piel - Infinitive construct </p><p>+ third person feminine singular</p>,H8763,V-Piel-Inf,hebrew,allstrong_def_hebrew:hebrew_def:Piel/infinitif,OK_DEF_MATCH,Piel / Infinitif
Prep-b | V-Piel-Inf | 3mp,<p>Preposition-b </p><p>+ Verb - Piel - Infinitive construct </p><p>+ third person masculine plural</p>,H8763,V-Piel-Inf,hebrew,allstrong_def_hebrew:hebrew_def:Piel/infinitif,OK_DEF_MATCH,Piel / Infinitif
Prep-b | V-Piel-Inf | 3ms,<p>Preposition-b </p><p>+ Verb - Piel - Infinitive construct </p><p>+ third person masculine singular</p>,H8763,V-Piel-Inf,hebrew,allstrong_def_hebrew:hebrew_def:Piel/infinitif,OK_DEF_MATCH,Piel / Infinitif
Prep-b | V-Piel-Prtcpl-mpc,<p>Preposition-b </p><p>+ Verb - Piel - Participle - masculine plural construct</p>,H8764,V-Piel-Prtcpl,hebrew,allstrong_def_hebrew:hebrew_def:Piel/participe,OK_DEF_MATCH,Piel / Participe
Prep-b | V-Piel-Prtcpl-ms,<p>Preposition-b </p><p>+ Verb - Piel - Participle - masculine singular</p>,H8764,V-Piel-Prtcpl,hebrew,allstrong_def_hebrew:hebrew_def:Piel/participe,OK_DEF_MATCH,Piel / Participe
Prep-b | V-Qal-Inf,<p>Preposition-b </p><p>+ Verb - Qal - Infinitive construct</p>,H8800,V-Qal-Inf,hebrew,allstrong_def_hebrew:hebrew_def:Qal/infinitif,OK_DEF_MATCH,Qal / Infinitif
Prep-b | V-Qal-Inf | 1cp,<p>Preposition-b </p><p>+ Verb - Qal - Infinitive construct </p><p>+ first person common plural</p>,H8800,V-Qal-Inf,hebrew,allstrong_def_hebrew:hebrew_def:Qal/infinitif,OK_DEF_MATCH,Qal / Infinitif
Prep-b | V-Qal-Inf | 1cs,<p>Preposition-b </p><p>+ Verb - Qal - Infinitive construct </p><p>+ first person common singular</p>,H8800,V-Qal-Inf,hebrew,allstrong_def_hebrew:hebrew_def:Qal/infinitif,OK_DEF_MATCH,Qal / Infinitif
Prep-b | V-Qal-Inf | 2fs,<p>Preposition-b </p><p>+ Verb - Qal - Infinitive construct </p><p>+ second person feminine singular</p>,H8800,V-Qal-Inf,hebrew,allstrong_def_hebrew:hebrew_def:Qal/infinitif,OK_DEF_MATCH,Qal / Infinitif
Prep-b | V-Qal-Inf | 2mp,<p>Preposition-b </p><p>+ Verb - Qal - Infinitive construct </p><p>+ second person masculine plural</p>,H8800,V-Qal-Inf,hebrew,allstrong_def_hebrew:hebrew_def:Qal/infinitif,OK_DEF_MATCH,Qal / Infinitif
Prep-b | V-Qal-Inf | 2ms,<p>Preposition-b </p><p>+ Verb - Qal - Infinitive construct </p><p>+ second person masculine singular</p>,H8800,V-Qal-Inf,hebrew,allstrong_def_hebrew:hebrew_def:Qal/infinitif,OK_DEF_MATCH,Qal / Infinitif
Prep-b | V-Qal-Inf | 3fp,<p>Preposition-b </p><p>+ Verb - Qal - Infinitive construct </p><p>+ third person feminine plural</p>,H8800,V-Qal-Inf,hebrew,allstrong_def_hebrew:hebrew_def:Qal/infinitif,OK_DEF_MATCH,Qal / Infinitif
Prep-b | V-Qal-Inf | 3fs,<p>Preposition-b </p><p>+ Verb - Qal - Infinitive construct </p><p>+ third person feminine singular</p>,H8800,V-Qal-Inf,hebrew,allstrong_def_hebrew:hebrew_def:Qal/infinitif,OK_DEF_MATCH,Qal / Infinitif
Prep-b | V-Qal-Inf | 3mp,<p>Preposition-b </p><p>+ Verb - Qal - Infinitive construct </p><p>+ third person masculine plural</p>,H8800,V-Qal-Inf,hebrew,allstrong_def_hebrew:hebrew_def:Qal/infinitif,OK_DEF_MATCH,Qal / Infinitif
Prep-b | V-Qal-Inf | 3ms,<p>Preposition-b </p><p>+ Verb - Qal - Infinitive construct </p><p>+ third person masculine singular</p>,H8800,V-Qal-Inf,hebrew,allstrong_def_hebrew:hebrew_def:Qal/infinitif,OK_DEF_MATCH,Qal / Infinitif
Prep-b | V-Qal-Prtcpl-mp,<p>Preposition-b </p><p>+ Verb - Qal - Participle - masculine plural</p>,H8801,V-Qal-Prtcpl,hebrew,allstrong_def_hebrew:hebrew_def:Qal/participe,OK_DEF_MATCH,Qal / Participe
Prep-b | V-Qal-Prtcpl-mpc,<p>Preposition-b </p><p>+ Verb - Qal - Participle - masculine plural construct</p>,H8801,V-Qal-Prtcpl,hebrew,allstrong_def_hebrew:hebrew_def:Qal/participe,OK_DEF_MATCH,Qal / Participe
Prep-b | V-Qal-Prtcpl-mpc | 1cs,<p>Preposition-b </p><p>+ Verb - Qal - Participle - masculine plural construct </p><p>+ first person common singular</p>,H8801,V-Qal-Prtcpl,hebrew,allstrong_def_hebrew:hebrew_def:Qal/participe,OK_DEF_MATCH,Qal / Participe
Prep-b | V-Qal-Prtcpl-mpc | 3mp,<p>Preposition-b </p><p>+ Verb - Qal - Participle - masculine plural construct </p><p>+ third person masculine plural</p>,H8801,V-Qal-Prtcpl,hebrew,allstrong_def_hebrew:hebrew_def:Qal/participe,OK_DEF_MATCH,Qal / Participe
Prep-b | V-Qal-Prtcpl-mpc | 3ms,<p>Preposition-b </p><p>+ Verb - Qal - Participle - masculine plural construct </p><p>+ third person masculine singular</p>,H8801,V-Qal-Prtcpl,hebrew,allstrong_def_hebrew:hebrew_def:Qal/participe,OK_DEF_MATCH,Qal / Participe
Prep-b | V-Qal-Prtcpl-ms,<p>Preposition-b </p><p>+ Verb - Qal - Participle - masculine singular</p>,H8801,V-Qal-Prtcpl,hebrew,allstrong_def_hebrew:hebrew_def:Qal/participe,OK_DEF_MATCH,Qal / Participe
Prep-b | V-Qal-Prtcpl-msc,<p>Preposition-b </p><p>+ Verb - Qal - Participle - masculine singular construct</p>,H8801,V-Qal-Prtcpl,hebrew,allstrong_def_hebrew:hebrew_def:Qal/participe,OK_DEF_MATCH,Qal / Participe
"Prep-b, Art | V-Hifil-Perf-3ms","<p>Preposition-b, Article </p><p>+ Verb - Hifil - Perfect - third person masculine singular</p>",H8689,V-Hifil-Perf,hebrew,allstrong_def_hebrew:hebrew_def:Hifil/parfait,OK_DEF_MATCH,Hifil / Parfait
"Prep-b, Art | V-Hifil-Prtcpl-mp","<p>Preposition-b, Article </p><p>+ Verb - Hifil - Participle - masculine plural</p>",H8688,V-Hifil-Prtcpl,hebrew,allstrong_def_hebrew:hebrew_def:Hifil/participe,OK_DEF_MATCH,Hifil / Participe
"Prep-b, Art | V-Nifal-Prtcpl-ms","<p>Preposition-b, Article </p><p>+ Verb - Nifal - Participle - masculine singular</p>",H8737,V-Nifal-Prtcpl,hebrew,allstrong_def_hebrew:hebrew_def:Nifal/participe,OK_DEF_MATCH,Nifal / Participe
"Prep-b, Art | V-Piel-Prtcpl-mp","<p>Preposition-b, Article </p><p>+ Verb - Piel - Participle - masculine plural</p>",H8764,V-Piel-Prtcpl,hebrew,allstrong_def_hebrew:hebrew_def:Piel/participe,OK_DEF_MATCH,Piel / Participe
"Prep-b, Art | V-Qal-Prtcpl-mp","<p>Preposition-b, Article </p><p>+ Verb - Qal - Participle - masculine plural</p>",H8801,V-Qal-Prtcpl,hebrew,allstrong_def_hebrew:hebrew_def:Qal/participe,OK_DEF_MATCH,Qal / Participe
"Prep-b, Art | V-Qal-Prtcpl-ms","<p>Preposition-b, Article </p><p>+ Verb - Qal - Participle - masculine singular</p>",H8801,V-Qal-Prtcpl,hebrew,allstrong_def_hebrew:hebrew_def:Qal/participe,OK_DEF_MATCH,Qal / Participe
"Prep-b, Art | V-Qal-QalPassPrtcpl-mp","<p>Preposition-b, Article </p><p>+ Verb - Qal - QalPassParticiple - masculine plural</p>",H8803,V-Qal-QalPassPrtcpl,hebrew,allstrong_def_hebrew:hebrew_def:Qal/participe passif,OK_DEF_MATCH,Qal / Participe Passif
"Prep-b, Art | V-Qal-QalPassPrtcpl-ms","<p>Preposition-b, Article </p><p>+ Verb - Qal - QalPassParticiple - masculine singular</p>",H8803,V-Qal-QalPassPrtcpl,hebrew,allstrong_def_hebrew:hebrew_def:Qal/participe passif,OK_DEF_MATCH,Qal / Participe Passif
"Prep-b, Art | V-Qal-QalPassPrtcpl-msc | 3ms","<p>Preposition-b, Article </p><p>+ Verb - Qal - QalPassParticiple - masculine singular construct </p><p>+ third person masculine singular</p>",H8803,V-Qal-QalPassPrtcpl,hebrew,allstrong_def_hebrew:hebrew_def:Qal/participe passif,OK_DEF_MATCH,Qal / Participe Passif
Prep-k | V-Hifil-Inf,<p>Preposition-k </p><p>+ Verb - Hifil - Infinitive construct</p>,H8687,V-Hifil-Inf,hebrew,allstrong_def_hebrew:hebrew_def:Hifil/infinitif,OK_DEF_MATCH,Hifil / Infinitif
Prep-k | V-Hifil-Inf | 1cs,<p>Preposition-k </p><p>+ Verb - Hifil - Infinitive construct </p><p>+ first person common singular</p>,H8687,V-Hifil-Inf,hebrew,allstrong_def_hebrew:hebrew_def:Hifil/infinitif,OK_DEF_MATCH,Hifil / Infinitif
Prep-k | V-Hifil-Inf | 2ms,<p>Preposition-k </p><p>+ Verb - Hifil - Infinitive construct </p><p>+ second person masculine singular</p>,H8687,V-Hifil-Inf,hebrew,allstrong_def_hebrew:hebrew_def:Hifil/infinitif,OK_DEF_MATCH,Hifil / Infinitif
Prep-k | V-Hifil-Inf | 3mp,<p>Preposition-k </p><p>+ Verb - Hifil - Infinitive construct </p><p>+ third person masculine plural</p>,H8687,V-Hifil-Inf,hebrew,allstrong_def_hebrew:hebrew_def:Hifil/infinitif,OK_DEF_MATCH,Hifil / Infinitif
Prep-k | V-Hifil-Inf | 3ms,<p>Preposition-k </p><p>+ Verb - Hifil - Infinitive construct </p><p>+ third person masculine singular</p>,H8687,V-Hifil-Inf,hebrew,allstrong_def_hebrew:hebrew_def:Hifil/infinitif,OK_DEF_MATCH,Hifil / Infinitif
Prep-k | V-Hifil-Prtcpl-fs,<p>Preposition-k </p><p>+ Verb - Hifil - Participle - feminine singular</p>,H8688,V-Hifil-Prtcpl,hebrew,allstrong_def_hebrew:hebrew_def:Hifil/participe,OK_DEF_MATCH,Hifil / Participe
Prep-k | V-Hifil-Prtcpl-mpc,<p>Preposition-k </p><p>+ Verb - Hifil - Participle - masculine plural construct</p>,H8688,V-Hifil-Prtcpl,hebrew,allstrong_def_hebrew:hebrew_def:Hifil/participe,OK_DEF_MATCH,Hifil / Participe
Prep-k | V-Hifil-Prtcpl-ms,<p>Preposition-k </p><p>+ Verb - Hifil - Participle - masculine singular</p>,H8688,V-Hifil-Prtcpl,hebrew,allstrong_def_hebrew:hebrew_def:Hifil/participe,OK_DEF_MATCH,Hifil / Participe
Prep-k | V-Hitpael-Inf,<p>Preposition-k </p><p>+ Verb - Hitpael - Infinitive construct</p>,H8692,V-Hitpael-Inf,hebrew,allstrong_def_hebrew:hebrew_def:Hitpael/infinitif,OK_DEF_MATCH,Hitpael / Infinitif
Prep-k | V-Hitpael-Inf | 2ms,<p>Preposition-k </p><p>+ Verb - Hitpael - Infinitive construct </p><p>+ second person masculine singular</p>,H8692,V-Hitpael-Inf,hebrew,allstrong_def_hebrew:hebrew_def:Hitpael/infinitif,OK_DEF_MATCH,Hitpael / Infinitif
Prep-k | V-Hitpael-Prtcpl-mp,<p>Preposition-k </p><p>+ Verb - Hitpael - Participle - masculine plural</p>,H8693,V-Hitpael-Prtcpl,hebrew,allstrong_def_hebrew:hebrew_def:Hitpael/participe,OK_DEF_MATCH,Hitpael / Participe
Prep-k | V-Hitpael-Prtcpl-ms,<p>Preposition-k </p><p>+ Verb - Hitpael - Participle - masculine singular</p>,H8693,V-Hitpael-Prtcpl,hebrew,allstrong_def_hebrew:hebrew_def:Hitpael/participe,OK_DEF_MATCH,Hitpael / Participe
Prep-k | V-Nifal-Inf,<p>Preposition-k </p><p>+ Verb - Nifal - Infinitive construct</p>,H8736,V-Nifal-Inf,hebrew,allstrong_def_hebrew:hebrew_def:Nifal/infinitif,OK_DEF_MATCH,Nifal / Infinitif
Prep-k | V-Nifal-Inf | 1cs,<p>Preposition-k </p><p>+ Verb - Nifal - Infinitive construct </p><p>+ first person common singular</p>,H8736,V-Nifal-Inf,hebrew,allstrong_def_hebrew:hebrew_def:Nifal/infinitif,OK_DEF_MATCH,Nifal / Infinitif
Prep-k | V-Piel-Inf,<p>Preposition-k </p><p>+ Verb - Piel - Infinitive construct</p>,H8763,V-Piel-Inf,hebrew,allstrong_def_hebrew:hebrew_def:Piel/infinitif,OK_DEF_MATCH,Piel / Infinitif
Prep-k | V-Piel-Inf | 2mp,<p>Preposition-k </p><p>+ Verb - Piel - Infinitive construct </p><p>+ second person masculine plural</p>,H8763,V-Piel-Inf,hebrew,allstrong_def_hebrew:hebrew_def:Piel/infinitif,OK_DEF_MATCH,Piel / Infinitif
Prep-k | V-Piel-Inf | 2ms,<p>Preposition-k </p><p>+ Verb - Piel - Infinitive construct </p><p>+ second person masculine singular</p>,H8763,V-Piel-Inf,hebrew,allstrong_def_hebrew:hebrew_def:Piel/infinitif,OK_DEF_MATCH,Piel / Infinitif
Prep-k | V-Piel-Inf | 3fs,<p>Preposition-k </p><p>+ Verb - Piel - Infinitive construct </p><p>+ third person feminine singular</p>,H8763,V-Piel-Inf,hebrew,allstrong_def_hebrew:hebrew_def:Piel/infinitif,OK_DEF_MATCH,Piel / Infinitif
Prep-k | V-Piel-Inf | 3ms,<p>Preposition-k </p><p>+ Verb - Piel - Infinitive construct </p><p>+ third person masculine singular</p>,H8763,V-Piel-Inf,hebrew,allstrong_def_hebrew:hebrew_def:Piel/infinitif,OK_DEF_MATCH,Piel / Infinitif
Prep-k | V-Piel-Prtcpl-mp,<p>Preposition-k </p><p>+ Verb - Piel - Participle - masculine plural</p>,H8764,V-Piel-Prtcpl,hebrew,allstrong_def_hebrew:hebrew_def:Piel/participe,OK_DEF_MATCH,Piel / Participe
Prep-k | V-Piel-Prtcpl-mpc,<p>Preposition-k </p><p>+ Verb - Piel - Participle - masculine plural construct</p>,H8764,V-Piel-Prtcpl,hebrew,allstrong_def_hebrew:hebrew_def:Piel/participe,OK_DEF_MATCH,Piel / Participe
Prep-k | V-Piel-Prtcpl-ms,<p>Preposition-k </p><p>+ Verb - Piel - Participle - masculine singular</p>,H8764,V-Piel-Prtcpl,hebrew,allstrong_def_hebrew:hebrew_def:Piel/participe,OK_DEF_MATCH,Piel / Participe
Prep-k | V-Pual-Prtcpl-ms,<p>Preposition-k </p><p>+ Verb - Pual - Participle - masculine singular</p>,H8794,V-Pual-Prtcpl,hebrew,allstrong_def_hebrew:hebrew_def:Pual/participe,OK_DEF_MATCH,Pual / Participe
Prep-k | V-Qal-Inf,<p>Preposition-k </p><p>+ Verb - Qal - Infinitive construct</p>,H8800,V-Qal-Inf,hebrew,allstrong_def_hebrew:hebrew_def:Qal/infinitif,OK_DEF_MATCH,Qal / Infinitif
Prep-k | V-Qal-Inf | 1cs,<p>Preposition-k </p><p>+ Verb - Qal - Infinitive construct </p><p>+ first person common singular</p>,H8800,V-Qal-Inf,hebrew,allstrong_def_hebrew:hebrew_def:Qal/infinitif,OK_DEF_MATCH,Qal / Infinitif
Prep-k | V-Qal-Inf | 2mp,<p>Preposition-k </p><p>+ Verb - Qal - Infinitive construct </p><p>+ second person masculine plural</p>,H8800,V-Qal-Inf,hebrew,allstrong_def_hebrew:hebrew_def:Qal/infinitif,OK_DEF_MATCH,Qal / Infinitif
Prep-k | V-Qal-Inf | 2ms,<p>Preposition-k </p><p>+ Verb - Qal - Infinitive construct </p><p>+ second person masculine singular</p>,H8800,V-Qal-Inf,hebrew,allstrong_def_hebrew:hebrew_def:Qal/infinitif,OK_DEF_MATCH,Qal / Infinitif
Prep-k | V-Qal-Inf | 3fp,<p>Preposition-k </p><p>+ Verb - Qal - Infinitive construct </p><p>+ third person feminine plural</p>,H8800,V-Qal-Inf,hebrew,allstrong_def_hebrew:hebrew_def:Qal/infinitif,OK_DEF_MATCH,Qal / Infinitif
Prep-k | V-Qal-Inf | 3fs,<p>Preposition-k </p><p>+ Verb - Qal - Infinitive construct </p><p>+ third person feminine singular</p>,H8800,V-Qal-Inf,hebrew,allstrong_def_hebrew:hebrew_def:Qal/infinitif,OK_DEF_MATCH,Qal / Infinitif
Prep-k | V-Qal-Inf | 3mp,<p>Preposition-k </p><p>+ Verb - Qal - Infinitive construct </p><p>+ third person masculine plural</p>,H8800,V-Qal-Inf,hebrew,allstrong_def_hebrew:hebrew_def:Qal/infinitif,OK_DEF_MATCH,Qal / Infinitif
Prep-k | V-Qal-Inf | 3ms,<p>Preposition-k </p><p>+ Verb - Qal - Infinitive construct </p><p>+ third person masculine singular</p>,H8800,V-Qal-Inf,hebrew,allstrong_def_hebrew:hebrew_def:Qal/infinitif,OK_DEF_MATCH,Qal / Infinitif
Prep-k | V-Qal-Prtcpl-fs,<p>Preposition-k </p><p>+ Verb - Qal - Participle - feminine singular</p>,H8801,V-Qal-Prtcpl,hebrew,allstrong_def_hebrew:hebrew_def:Qal/participe,OK_DEF_MATCH,Qal / Participe
Prep-k | V-Qal-Prtcpl-mp,<p>Preposition-k </p><p>+ Verb - Qal - Participle - masculine plural</p>,H8801,V-Qal-Prtcpl,hebrew,allstrong_def_hebrew:hebrew_def:Qal/participe,OK_DEF_MATCH,Qal / Participe
Prep-k | V-Qal-Prtcpl-mpc,<p>Preposition-k </p><p>+ Verb - Qal - Participle - masculine plural construct</p>,H8801,V-Qal-Prtcpl,hebrew,allstrong_def_hebrew:hebrew_def:Qal/participe,OK_DEF_MATCH,Qal / Participe
Prep-k | V-Qal-Prtcpl-ms,<p>Preposition-k </p><p>+ Verb - Qal - Participle - masculine singular</p>,H8801,V-Qal-Prtcpl,hebrew,allstrong_def_hebrew:hebrew_def:Qal/participe,OK_DEF_MATCH,Qal / Participe
Prep-k | V-Qal-Prtcpl-msc,<p>Preposition-k </p><p>+ Verb - Qal - Participle - masculine singular construct</p>,H8801,V-Qal-Prtcpl,hebrew,allstrong_def_hebrew:hebrew_def:Qal/participe,OK_DEF_MATCH,Qal / Participe
Prep-k | V-Qal-QalPassPrtcpl-fpc,<p>Preposition-k </p><p>+ Verb - Qal - QalPassParticiple - feminine plural construct</p>,H8803,V-Qal-QalPassPrtcpl,hebrew,allstrong_def_hebrew:hebrew_def:Qal/participe passif,OK_DEF_MATCH,Qal / Participe Passif
Prep-k | V-Qal-QalPassPrtcpl-fsc,<p>Preposition-k </p><p>+ Verb - Qal - QalPassParticiple - feminine singular construct</p>,H8803,V-Qal-QalPassPrtcpl,hebrew,allstrong_def_hebrew:hebrew_def:Qal/participe passif,OK_DEF_MATCH,Qal / Participe Passif
Prep-k | V-Qal-QalPassPrtcpl-ms,<p>Preposition-k </p><p>+ Verb - Qal - QalPassParticiple - masculine singular</p>,H8803,V-Qal-QalPassPrtcpl,hebrew,allstrong_def_hebrew:hebrew_def:Qal/participe passif,OK_DEF_MATCH,Qal / Participe Passif
"Prep-k, Art | V-Hifil-Prtcpl-ms","<p>Preposition-k, Article </p><p>+ Verb - Hifil - Participle - masculine singular</p>",H8688,V-Hifil-Prtcpl,hebrew,allstrong_def_hebrew:hebrew_def:Hifil/participe,OK_DEF_MATCH,Hifil / Participe
"Prep-k, Art | V-Qal-Prtcpl-fs","<p>Preposition-k, Article </p><p>+ Verb - Qal - Participle - feminine singular</p>",H8801,V-Qal-Prtcpl,hebrew,allstrong_def_hebrew:hebrew_def:Qal/participe,OK_DEF_MATCH,Qal / Participe
"Prep-k, Art | V-Qal-Prtcpl-mp","<p>Preposition-k, Article </p><p>+ Verb - Qal - Participle - masculine plural</p>",H8801,V-Qal-Prtcpl,hebrew,allstrong_def_hebrew:hebrew_def:Qal/participe,OK_DEF_MATCH,Qal / Participe
"Prep-k, Art | V-Qal-Prtcpl-ms","<p>Preposition-k, Article </p><p>+ Verb - Qal - Participle - masculine singular</p>",H8801,V-Qal-Prtcpl,hebrew,allstrong_def_hebrew:hebrew_def:Qal/participe,OK_DEF_MATCH,Qal / Participe
"Prep-k, Art | V-Qal-QalPassPrtcpl-ms","<p>Preposition-k, Article </p><p>+ Verb - Qal - QalPassParticiple - masculine singular</p>",H8803,V-Qal-QalPassPrtcpl,hebrew,allstrong_def_hebrew:hebrew_def:Qal/participe passif,OK_DEF_MATCH,Qal / Participe Passif
"Prep-k, Pro-r | V-Qal-Imperf-3fs","<p>Preposition-k, Pronoun - relative </p><p>+ Verb - Qal - Imperfect - third person feminine singular</p>",H8799,V-Qal-Imperf,hebrew,allstrong_def_hebrew:hebrew_def:Qal/imparfait,OK_DEF_MATCH,Qal / Imparfait
"Prep-k, Pro-r | V-Qal-Perf-3ms","<p>Preposition-k, Pronoun - relative </p><p>+ Verb - Qal - Perfect - third person masculine singular</p>",H8804,V-Qal-Perf,hebrew,allstrong_def_hebrew:hebrew_def:Qal/parfait,OK_DEF_MATCH,Qal / Parfait
Prep-l | V-Hifil-Inf,<p>Preposition-l </p><p>+ Verb - Hifil - Infinitive construct</p>,H8687,V-Hifil-Inf,hebrew,allstrong_def_hebrew:hebrew_def:Hifil/infinitif,OK_DEF_MATCH,Hifil / Infinitif
Prep-l | V-Hifil-Inf | 1cp,<p>Preposition-l </p><p>+ Verb - Hifil - Infinitive construct </p><p>+ first person common plural</p>,H8687,V-Hifil-Inf,hebrew,allstrong_def_hebrew:hebrew_def:Hifil/infinitif,OK_DEF_MATCH,Hifil / Infinitif
Prep-l | V-Hifil-Inf | 1cs,<p>Preposition-l </p><p>+ Verb - Hifil - Infinitive construct </p><p>+ first person common singular</p>,H8687,V-Hifil-Inf,hebrew,allstrong_def_hebrew:hebrew_def:Hifil/infinitif,OK_DEF_MATCH,Hifil / Infinitif
Prep-l | V-Hifil-Inf | 2fs,<p>Preposition-l </p><p>+ Verb - Hifil - Infinitive construct </p><p>+ second person feminine singular</p>,H8687,V-Hifil-Inf,hebrew,allstrong_def_hebrew:hebrew_def:Hifil/infinitif,OK_DEF_MATCH,Hifil / Infinitif
Prep-l | V-Hifil-Inf | 2mp,<p>Preposition-l </p><p>+ Verb - Hifil - Infinitive construct </p><p>+ second person masculine plural</p>,H8687,V-Hifil-Inf,hebrew,allstrong_def_hebrew:hebrew_def:Hifil/infinitif,OK_DEF_MATCH,Hifil / Infinitif
Prep-l | V-Hifil-Inf | 2ms,<p>Preposition-l </p><p>+ Verb - Hifil - Infinitive construct </p><p>+ second person masculine singular</p>,H8687,V-Hifil-Inf,hebrew,allstrong_def_hebrew:hebrew_def:Hifil/infinitif,OK_DEF_MATCH,Hifil / Infinitif
Prep-l | V-Hifil-Inf | 3fs,<p>Preposition-l </p><p>+ Verb - Hifil - Infinitive construct </p><p>+ third person feminine singular</p>,H8687,V-Hifil-Inf,hebrew,allstrong_def_hebrew:hebrew_def:Hifil/infinitif,OK_DEF_MATCH,Hifil / Infinitif
Prep-l | V-Hifil-Inf | 3mp,<p>Preposition-l </p><p>+ Verb - Hifil - Infinitive construct </p><p>+ third person masculine plural</p>,H8687,V-Hifil-Inf,hebrew,allstrong_def_hebrew:hebrew_def:Hifil/infinitif,OK_DEF_MATCH,Hifil / Infinitif
Prep-l | V-Hifil-Inf | 3ms,<p>Preposition-l </p><p>+ Verb - Hifil - Infinitive construct </p><p>+ third person masculine singular</p>,H8687,V-Hifil-Inf,hebrew,allstrong_def_hebrew:hebrew_def:Hifil/infinitif,OK_DEF_MATCH,Hifil / Infinitif
Prep-l | V-Hifil-InfAbs,<p>Preposition-l </p><p>+ Verb - Hifil - Infinitive absolute</p>,H8687,V-Hifil-Inf,hebrew,allstrong_def_hebrew:hebrew_def:Hifil/infinitif,OK_DEF_MATCH,Hifil / Infinitif
Prep-l | V-Hifil-Prtcpl-fs,<p>Preposition-l </p><p>+ Verb - Hifil - Participle - feminine singular</p>,H8688,V-Hifil-Prtcpl,hebrew,allstrong_def_hebrew:hebrew_def:Hifil/participe,OK_DEF_MATCH,Hifil / Participe
Prep-l | V-Hifil-Prtcpl-mp,<p>Preposition-l </p><p>+ Verb - Hifil - Participle - masculine plural</p>,H8688,V-Hifil-Prtcpl,hebrew,allstrong_def_hebrew:hebrew_def:Hifil/participe,OK_DEF_MATCH,Hifil / Participe
Prep-l | V-Hifil-Prtcpl-mpc,<p>Preposition-l </p><p>+ Verb - Hifil - Participle - masculine plural construct</p>,H8688,V-Hifil-Prtcpl,hebrew,allstrong_def_hebrew:hebrew_def:Hifil/participe,OK_DEF_MATCH,Hifil / Participe
Prep-l | V-Hifil-Prtcpl-ms,<p>Preposition-l </p><p>+ Verb - Hifil - Participle - masculine singular</p>,H8688,V-Hifil-Prtcpl,hebrew,allstrong_def_hebrew:hebrew_def:Hifil/participe,OK_DEF_MATCH,Hifil / Participe
Prep-l | V-Hifil-Prtcpl-msc,<p>Preposition-l </p><p>+ Verb - Hifil - Participle - masculine singular construct</p>,H8688,V-Hifil-Prtcpl,hebrew,allstrong_def_hebrew:hebrew_def:Hifil/participe,OK_DEF_MATCH,Hifil / Participe
Prep-l | V-Hifil-Prtcpl-msc | 3ms,<p>Preposition-l </p><p>+ Verb - Hifil - Participle - masculine singular construct </p><p>+ third person masculine singular</p>,H8688,V-Hifil-Prtcpl,hebrew,allstrong_def_hebrew:hebrew_def:Hifil/participe,OK_DEF_MATCH,Hifil / Participe
Prep-l | V-Hitpael-Inf,<p>Preposition-l </p><p>+ Verb - Hitpael - Infinitive construct</p>,H8692,V-Hitpael-Inf,hebrew,allstrong_def_hebrew:hebrew_def:Hitpael/infinitif,OK_DEF_MATCH,Hitpael / Infinitif
Prep-l | V-Nifal-Inf,<p>Preposition-l </p><p>+ Verb - Nifal - Infinitive construct</p>,H8736,V-Nifal-Inf,hebrew,allstrong_def_hebrew:hebrew_def:Nifal/infinitif,OK_DEF_MATCH,Nifal / Infinitif
Prep-l | V-Nifal-Inf | 3mp,<p>Preposition-l </p><p>+ Verb - Nifal - Infinitive construct </p><p>+ third person masculine plural</p>,H8736,V-Nifal-Inf,hebrew,allstrong_def_hebrew:hebrew_def:Nifal/infinitif,OK_DEF_MATCH,Nifal / Infinitif
Prep-l | V-Nifal-Inf | 3ms,<p>Preposition-l </p><p>+ Verb - Nifal - Infinitive construct </p><p>+ third person masculine singular</p>,H8736,V-Nifal-Inf,hebrew,allstrong_def_hebrew:hebrew_def:Nifal/infinitif,OK_DEF_MATCH,Nifal / Infinitif
Prep-l | V-Nifal-Prtcpl-fpc | 3ms,<p>Preposition-l </p><p>+ Verb - Nifal - Participle - feminine plural construct </p><p>+ third person masculine singular</p>,H8737,V-Nifal-Prtcpl,hebrew,allstrong_def_hebrew:hebrew_def:Nifal/participe,OK_DEF_MATCH,Nifal / Participe
Prep-l | V-Nifal-Prtcpl-mp,<p>Preposition-l </p><p>+ Verb - Nifal - Participle - masculine plural</p>,H8737,V-Nifal-Prtcpl,hebrew,allstrong_def_hebrew:hebrew_def:Nifal/participe,OK_DEF_MATCH,Nifal / Participe
Prep-l | V-Nifal-Prtcpl-mpc,<p>Preposition-l </p><p>+ Verb - Nifal - Participle - masculine plural construct</p>,H8737,V-Nifal-Prtcpl,hebrew,allstrong_def_hebrew:hebrew_def:Nifal/participe,OK_DEF_MATCH,Nifal / Participe
Prep-l | V-Nifal-Prtcpl-mpc | 3ms,<p>Preposition-l </p><p>+ Verb - Nifal - Participle - masculine plural construct </p><p>+ third person masculine singular</p>,H8737,V-Nifal-Prtcpl,hebrew,allstrong_def_hebrew:hebrew_def:Nifal/participe,OK_DEF_MATCH,Nifal / Participe
Prep-l | V-Nifal-Prtcpl-ms,<p>Preposition-l </p><p>+ Verb - Nifal - Participle - masculine singular</p>,H8737,V-Nifal-Prtcpl,hebrew,allstrong_def_hebrew:hebrew_def:Nifal/participe,OK_DEF_MATCH,Nifal / Participe
Prep-l | V-Piel-Inf,<p>Preposition-l </p><p>+ Verb - Piel - Infinitive construct</p>,H8763,V-Piel-Inf,hebrew,allstrong_def_hebrew:hebrew_def:Piel/infinitif,OK_DEF_MATCH,Piel / Infinitif
Prep-l | V-Piel-Inf | 1cp,<p>Preposition-l </p><p>+ Verb - Piel - Infinitive construct </p><p>+ first person common plural</p>,H8763,V-Piel-Inf,hebrew,allstrong_def_hebrew:hebrew_def:Piel/infinitif,OK_DEF_MATCH,Piel / Infinitif
Prep-l | V-Piel-Inf | 1cs,<p>Preposition-l </p><p>+ Verb - Piel - Infinitive construct </p><p>+ first person common singular</p>,H8763,V-Piel-Inf,hebrew,allstrong_def_hebrew:hebrew_def:Piel/infinitif,OK_DEF_MATCH,Piel / Infinitif
Prep-l | V-Piel-Inf | 2mp,<p>Preposition-l </p><p>+ Verb - Piel - Infinitive construct </p><p>+ second person masculine plural</p>,H8763,V-Piel-Inf,hebrew,allstrong_def_hebrew:hebrew_def:Piel/infinitif,OK_DEF_MATCH,Piel / Infinitif
Prep-l | V-Piel-Inf | 2ms,<p>Preposition-l </p><p>+ Verb - Piel - Infinitive construct </p><p>+ second person masculine singular</p>,H8763,V-Piel-Inf,hebrew,allstrong_def_hebrew:hebrew_def:Piel/infinitif,OK_DEF_MATCH,Piel / Infinitif
Prep-l | V-Piel-Inf | 3fs,<p>Preposition-l </p><p>+ Verb - Piel - Infinitive construct </p><p>+ third person feminine singular</p>,H8763,V-Piel-Inf,hebrew,allstrong_def_hebrew:hebrew_def:Piel/infinitif,OK_DEF_MATCH,Piel / Infinitif
Prep-l | V-Piel-Inf | 3mp,<p>Preposition-l </p><p>+ Verb - Piel - Infinitive construct </p><p>+ third person masculine plural</p>,H8763,V-Piel-Inf,hebrew,allstrong_def_hebrew:hebrew_def:Piel/infinitif,OK_DEF_MATCH,Piel / Infinitif
Prep-l | V-Piel-Inf | 3ms,<p>Preposition-l </p><p>+ Verb - Piel - Infinitive construct </p><p>+ third person masculine singular</p>,H8763,V-Piel-Inf,hebrew,allstrong_def_hebrew:hebrew_def:Piel/infinitif,OK_DEF_MATCH,Piel / Infinitif
Prep-l | V-Piel-Prtcpl-fp,<p>Preposition-l </p><p>+ Verb - Piel - Participle - feminine plural</p>,H8764,V-Piel-Prtcpl,hebrew,allstrong_def_hebrew:hebrew_def:Piel/participe,OK_DEF_MATCH,Piel / Participe
Prep-l | V-Piel-Prtcpl-mpc | 1cs,<p>Preposition-l </p><p>+ Verb - Piel - Participle - masculine plural construct </p><p>+ first person common singular</p>,H8764,V-Piel-Prtcpl,hebrew,allstrong_def_hebrew:hebrew_def:Piel/participe,OK_DEF_MATCH,Piel / Participe
Prep-l | V-Piel-Prtcpl-msc,<p>Preposition-l </p><p>+ Verb - Piel - Participle - masculine singular construct</p>,H8764,V-Piel-Prtcpl,hebrew,allstrong_def_hebrew:hebrew_def:Piel/participe,OK_DEF_MATCH,Piel / Participe
Prep-l | V-Piel-Prtcpl-msc | 1cs,<p>Preposition-l </p><p>+ Verb - Piel - Participle - masculine singular construct </p><p>+ first person common singular</p>,H8764,V-Piel-Prtcpl,hebrew,allstrong_def_hebrew:hebrew_def:Piel/participe,OK_DEF_MATCH,Piel / Participe
Prep-l | V-Pual-Prtcpl-mpc | 1cs,<p>Preposition-l </p><p>+ Verb - Pual - Participle - masculine plural construct </p><p>+ first person common singular</p>,H8794,V-Pual-Prtcpl,hebrew,allstrong_def_hebrew:hebrew_def:Pual/participe,OK_DEF_MATCH,Pual / Participe
Prep-l | V-Qal-Inf,<p>Preposition-l </p><p>+ Verb - Qal - Infinitive construct</p>,H8800,V-Qal-Inf,hebrew,allstrong_def_hebrew:hebrew_def:Qal/infinitif,OK_DEF_MATCH,Qal / Infinitif
Prep-l | V-Qal-Inf | 1cp,<p>Preposition-l </p><p>+ Verb - Qal - Infinitive construct </p><p>+ first person common plural</p>,H8800,V-Qal-Inf,hebrew,allstrong_def_hebrew:hebrew_def:Qal/infinitif,OK_DEF_MATCH,Qal / Infinitif
Prep-l | V-Qal-Inf | 1cs,<p>Preposition-l </p><p>+ Verb - Qal - Infinitive construct </p><p>+ first person common singular</p>,H8800,V-Qal-Inf,hebrew,allstrong_def_hebrew:hebrew_def:Qal/infinitif,OK_DEF_MATCH,Qal / Infinitif
Prep-l | V-Qal-Inf | 2fs,<p>Preposition-l </p><p>+ Verb - Qal - Infinitive construct </p><p>+ second person feminine singular</p>,H8800,V-Qal-Inf,hebrew,allstrong_def_hebrew:hebrew_def:Qal/infinitif,OK_DEF_MATCH,Qal / Infinitif
Prep-l | V-Qal-Inf | 2mp,<p>Preposition-l </p><p>+ Verb - Qal - Infinitive construct </p><p>+ second person masculine plural</p>,H8800,V-Qal-Inf,hebrew,allstrong_def_hebrew:hebrew_def:Qal/infinitif,OK_DEF_MATCH,Qal / Infinitif
Prep-l | V-Qal-Inf | 2ms,<p>Preposition-l </p><p>+ Verb - Qal - Infinitive construct </p><p>+ second person masculine singular</p>,H8800,V-Qal-Inf,hebrew,allstrong_def_hebrew:hebrew_def:Qal/infinitif,OK_DEF_MATCH,Qal / Infinitif
Prep-l | V-Qal-Inf | 3fs,<p>Preposition-l </p><p>+ Verb - Qal - Infinitive construct </p><p>+ third person feminine singular</p>,H8800,V-Qal-Inf,hebrew,allstrong_def_hebrew:hebrew_def:Qal/infinitif,OK_DEF_MATCH,Qal / Infinitif
Prep-l | V-Qal-Inf | 3mp,<p>Preposition-l </p><p>+ Verb - Qal - Infinitive construct </p><p>+ third person masculine plural</p>,H8800,V-Qal-Inf,hebrew,allstrong_def_hebrew:hebrew_def:Qal/infinitif,OK_DEF_MATCH,Qal / Infinitif
Prep-l | V-Qal-Inf | 3ms,<p>Preposition-l </p><p>+ Verb - Qal - Infinitive construct </p><p>+ third person masculine singular</p>,H8800,V-Qal-Inf,hebrew,allstrong_def_hebrew:hebrew_def:Qal/infinitif,OK_DEF_MATCH,Qal / Infinitif
Prep-l | V-Qal-Prtcpl-fp,<p>Preposition-l </p><p>+ Verb - Qal - Participle - feminine plural</p>,H8801,V-Qal-Prtcpl,hebrew,allstrong_def_hebrew:hebrew_def:Qal/participe,OK_DEF_MATCH,Qal / Participe
Prep-l | V-Qal-Prtcpl-fs,<p>Preposition-l </p><p>+ Verb - Qal - Participle - feminine singular</p>,H8801,V-Qal-Prtcpl,hebrew,allstrong_def_hebrew:hebrew_def:Qal/participe,OK_DEF_MATCH,Qal / Participe
Prep-l | V-Qal-Prtcpl-fsc | 3ms,<p>Preposition-l </p><p>+ Verb - Qal - Participle - feminine singular construct </p><p>+ third person masculine singular</p>,H8801,V-Qal-Prtcpl,hebrew,allstrong_def_hebrew:hebrew_def:Qal/participe,OK_DEF_MATCH,Qal / Participe
Prep-l | V-Qal-Prtcpl-mp,<p>Preposition-l </p><p>+ Verb - Qal - Participle - masculine plural</p>,H8801,V-Qal-Prtcpl,hebrew,allstrong_def_hebrew:hebrew_def:Qal/participe,OK_DEF_MATCH,Qal / Participe
Prep-l | V-Qal-Prtcpl-mpc,<p>Preposition-l </p><p>+ Verb - Qal - Participle - masculine plural construct</p>,H8801,V-Qal-Prtcpl,hebrew,allstrong_def_hebrew:hebrew_def:Qal/participe,OK_DEF_MATCH,Qal / Participe
Prep-l | V-Qal-Prtcpl-mpc | 1cp,<p>Preposition-l </p><p>+ Verb - Qal - Participle - masculine plural construct </p><p>+ first person common plural</p>,H8801,V-Qal-Prtcpl,hebrew,allstrong_def_hebrew:hebrew_def:Qal/participe,OK_DEF_MATCH,Qal / Participe
Prep-l | V-Qal-Prtcpl-mpc | 1cs,<p>Preposition-l </p><p>+ Verb - Qal - Participle - masculine plural construct </p><p>+ first person common singular</p>,H8801,V-Qal-Prtcpl,hebrew,allstrong_def_hebrew:hebrew_def:Qal/participe,OK_DEF_MATCH,Qal / Participe
Prep-l | V-Qal-Prtcpl-mpc | 2fs,<p>Preposition-l </p><p>+ Verb - Qal - Participle - masculine plural construct </p><p>+ second person feminine singular</p>,H8801,V-Qal-Prtcpl,hebrew,allstrong_def_hebrew:hebrew_def:Qal/participe,OK_DEF_MATCH,Qal / Participe
Prep-l | V-Qal-Prtcpl-mpc | 2ms,<p>Preposition-l </p><p>+ Verb - Qal - Participle - masculine plural construct </p><p>+ second person masculine singular</p>,H8801,V-Qal-Prtcpl,hebrew,allstrong_def_hebrew:hebrew_def:Qal/participe,OK_DEF_MATCH,Qal / Participe
Prep-l | V-Qal-Prtcpl-mpc | 3mp,<p>Preposition-l </p><p>+ Verb - Qal - Participle - masculine plural construct </p><p>+ third person masculine plural</p>,H8801,V-Qal-Prtcpl,hebrew,allstrong_def_hebrew:hebrew_def:Qal/participe,OK_DEF_MATCH,Qal / Participe
Prep-l | V-Qal-Prtcpl-mpc | 3ms,<p>Preposition-l </p><p>+ Verb - Qal - Participle - masculine plural construct </p><p>+ third person masculine singular</p>,H8801,V-Qal-Prtcpl,hebrew,allstrong_def_hebrew:hebrew_def:Qal/participe,OK_DEF_MATCH,Qal / Participe
Prep-l | V-Qal-Prtcpl-ms,<p>Preposition-l </p><p>+ Verb - Qal - Participle - masculine singular</p>,H8801,V-Qal-Prtcpl,hebrew,allstrong_def_hebrew:hebrew_def:Qal/participe,OK_DEF_MATCH,Qal / Participe
Prep-l | V-Qal-Prtcpl-msc,<p>Preposition-l </p><p>+ Verb - Qal - Participle - masculine singular construct</p>,H8801,V-Qal-Prtcpl,hebrew,allstrong_def_hebrew:hebrew_def:Qal/participe,OK_DEF_MATCH,Qal / Participe
Prep-l | V-Qal-Prtcpl-msc | 2ms,<p>Preposition-l </p><p>+ Verb - Qal - Participle - masculine singular construct </p><p>+ second person masculine singular</p>,H8801,V-Qal-Prtcpl,hebrew,allstrong_def_hebrew:hebrew_def:Qal/participe,OK_DEF_MATCH,Qal / Participe
Prep-l | V-Qal-Prtcpl-msc | 3ms,<p>Preposition-l </p><p>+ Verb - Qal - Participle - masculine singular construct </p><p>+ third person masculine singular</p>,H8801,V-Qal-Prtcpl,hebrew,allstrong_def_hebrew:hebrew_def:Qal/participe,OK_DEF_MATCH,Qal / Participe
Prep-l | V-Qal-QalPassPrtcpl-mp,<p>Preposition-l </p><p>+ Verb - Qal - QalPassParticiple - masculine plural</p>,H8803,V-Qal-QalPassPrtcpl,hebrew,allstrong_def_hebrew:hebrew_def:Qal/participe passif,OK_DEF_MATCH,Qal / Participe Passif
Prep-l | V-Qal-QalPassPrtcpl-mpc,<p>Preposition-l </p><p>+ Verb - Qal - QalPassParticiple - masculine plural construct</p>,H8803,V-Qal-QalPassPrtcpl,hebrew,allstrong_def_hebrew:hebrew_def:Qal/participe passif,OK_DEF_MATCH,Qal / Participe Passif
Prep-l | V-Qal-QalPassPrtcpl-mpc | 3mp,<p>Preposition-l </p><p>+ Verb - Qal - QalPassParticiple - masculine plural construct </p><p>+ third person masculine plural</p>,H8803,V-Qal-QalPassPrtcpl,hebrew,allstrong_def_hebrew:hebrew_def:Qal/participe passif,OK_DEF_MATCH,Qal / Participe Passif
Prep-l | V-Qal-QalPassPrtcpl-mpc | 3ms,<p>Preposition-l </p><p>+ Verb - Qal - QalPassParticiple - masculine plural construct </p><p>+ third person masculine singular</p>,H8803,V-Qal-QalPassPrtcpl,hebrew,allstrong_def_hebrew:hebrew_def:Qal/participe passif,OK_DEF_MATCH,Qal / Participe Passif
"Prep-l, Art | V-Hifil-Prtcpl-mp","<p>Preposition-l, Article </p><p>+ Verb - Hifil - Participle - masculine plural</p>",H8688,V-Hifil-Prtcpl,hebrew,allstrong_def_hebrew:hebrew_def:Hifil/participe,OK_DEF_MATCH,Hifil / Participe
"Prep-l, Art | V-Hifil-Prtcpl-ms","<p>Preposition-l, Article </p><p>+ Verb - Hifil - Participle - masculine singular</p>",H8688,V-Hifil-Prtcpl,hebrew,allstrong_def_hebrew:hebrew_def:Hifil/participe,OK_DEF_MATCH,Hifil / Participe
"Prep-l, Art | V-Hitpael-Prtcpl-ms","<p>Preposition-l, Article </p><p>+ Verb - Hitpael - Participle - masculine singular</p>",H8693,V-Hitpael-Prtcpl,hebrew,allstrong_def_hebrew:hebrew_def:Hitpael/participe,OK_DEF_MATCH,Hitpael / Participe
"Prep-l, Art | V-Hofal-Prtcpl-ms","<p>Preposition-l, Article </p><p>+ Verb - Hofal - Participle - masculine singular</p>",H8716,V-Hofal-Prtcpl,hebrew,allstrong_def_hebrew:hebrew_def:Hofal/participe,OK_DEF_MATCH,Hofal / Participe
"Prep-l, Art | V-Nifal-Prtcpl-mp","<p>Preposition-l, Article </p><p>+ Verb - Nifal - Participle - masculine plural</p>",H8737,V-Nifal-Prtcpl,hebrew,allstrong_def_hebrew:hebrew_def:Nifal/participe,OK_DEF_MATCH,Nifal / Participe
"Prep-l, Art | V-Piel-Prtcpl-fp","<p>Preposition-l, Article </p><p>+ Verb - Piel - Participle - feminine plural</p>",H8764,V-Piel-Prtcpl,hebrew,allstrong_def_hebrew:hebrew_def:Piel/participe,OK_DEF_MATCH,Piel / Participe
"Prep-l, Art | V-Piel-Prtcpl-mp","<p>Preposition-l, Article </p><p>+ Verb - Piel - Participle - masculine plural</p>",H8764,V-Piel-Prtcpl,hebrew,allstrong_def_hebrew:hebrew_def:Piel/participe,OK_DEF_MATCH,Piel / Participe
"Prep-l, Art | V-Piel-Prtcpl-mpc | 1cs","<p>Preposition-l, Article </p><p>+ Verb - Piel - Participle - masculine plural construct </p><p>+ first person common singular</p>",H8764,V-Piel-Prtcpl,hebrew,allstrong_def_hebrew:hebrew_def:Piel/participe,OK_DEF_MATCH,Piel / Participe
"Prep-l, Art | V-Piel-Prtcpl-ms","<p>Preposition-l, Article </p><p>+ Verb - Piel - Participle - masculine singular</p>",H8764,V-Piel-Prtcpl,hebrew,allstrong_def_hebrew:hebrew_def:Piel/participe,OK_DEF_MATCH,Piel / Participe
"Prep-l, Art | V-Qal-Prtcpl-mp","<p>Preposition-l, Article </p><p>+ Verb - Qal - Participle - masculine plural</p>",H8801,V-Qal-Prtcpl,hebrew,allstrong_def_hebrew:hebrew_def:Qal/participe,OK_DEF_MATCH,Qal / Participe
"Prep-l, Art | V-Qal-Prtcpl-ms","<p>Preposition-l, Article </p><p>+ Verb - Qal - Participle - masculine singular</p>",H8801,V-Qal-Prtcpl,hebrew,allstrong_def_hebrew:hebrew_def:Qal/participe,OK_DEF_MATCH,Qal / Participe
"Prep-l, Art | V-Qal-QalPassPrtcpl-mp","<p>Preposition-l, Article </p><p>+ Verb - Qal - QalPassParticiple - masculine plural</p>",H8803,V-Qal-QalPassPrtcpl,hebrew,allstrong_def_hebrew:hebrew_def:Qal/participe passif,OK_DEF_MATCH,Qal / Participe Passif
Prep-m | V-Hifil-Inf,<p>Preposition-m </p><p>+ Verb - Hifil - Infinitive construct</p>,H8687,V-Hifil-Inf,hebrew,allstrong_def_hebrew:hebrew_def:Hifil/infinitif,OK_DEF_MATCH,Hifil / Infinitif
Prep-m | V-Hifil-Inf | 2ms,<p>Preposition-m </p><p>+ Verb - Hifil - Infinitive construct </p><p>+ second person masculine singular</p>,H8687,V-Hifil-Inf,hebrew,allstrong_def_hebrew:hebrew_def:Hifil/infinitif,OK_DEF_MATCH,Hifil / Infinitif
Prep-m | V-Hifil-Inf | 3mp,<p>Preposition-m </p><p>+ Verb - Hifil - Infinitive construct </p><p>+ third person masculine plural</p>,H8687,V-Hifil-Inf,hebrew,allstrong_def_hebrew:hebrew_def:Hifil/infinitif,OK_DEF_MATCH,Hifil / Infinitif
Prep-m | V-Hifil-Inf | 3ms,<p>Preposition-m </p><p>+ Verb - Hifil - Infinitive construct </p><p>+ third person masculine singular</p>,H8687,V-Hifil-Inf,hebrew,allstrong_def_hebrew:hebrew_def:Hifil/infinitif,OK_DEF_MATCH,Hifil / Infinitif
Prep-m | V-Hifil-InfAbs,<p>Preposition-m </p><p>+ Verb - Hifil - Infinitive absolute</p>,H8687,V-Hifil-Inf,hebrew,allstrong_def_hebrew:hebrew_def:Hifil/infinitif,OK_DEF_MATCH,Hifil / Infinitif
Prep-m | V-Hifil-Prtcpl-mpc,<p>Preposition-m </p><p>+ Verb - Hifil - Participle - masculine plural construct</p>,H8688,V-Hifil-Prtcpl,hebrew,allstrong_def_hebrew:hebrew_def:Hifil/participe,OK_DEF_MATCH,Hifil / Participe
Prep-m | V-Hifil-Prtcpl-ms,<p>Preposition-m </p><p>+ Verb - Hifil - Participle - masculine singular</p>,H8688,V-Hifil-Prtcpl,hebrew,allstrong_def_hebrew:hebrew_def:Hifil/participe,OK_DEF_MATCH,Hifil / Participe
Prep-m | V-Hitpael-Inf,<p>Preposition-m </p><p>+ Verb - Hitpael - Infinitive construct</p>,H8692,V-Hitpael-Inf,hebrew,allstrong_def_hebrew:hebrew_def:Hitpael/infinitif,OK_DEF_MATCH,Hitpael / Infinitif
Prep-m | V-Hitpael-Prtcpl-mp,<p>Preposition-m </p><p>+ Verb - Hitpael - Participle - masculine plural</p>,H8693,V-Hitpael-Prtcpl,hebrew,allstrong_def_hebrew:hebrew_def:Hitpael/participe,OK_DEF_MATCH,Hitpael / Participe
Prep-m | V-Hitpael-Prtcpl-mpc | 1cs,<p>Preposition-m </p><p>+ Verb - Hitpael - Participle - masculine plural construct </p><p>+ first person common singular</p>,H8693,V-Hitpael-Prtcpl,hebrew,allstrong_def_hebrew:hebrew_def:Hitpael/participe,OK_DEF_MATCH,Hitpael / Participe
Prep-m | V-Hitpael-Prtcpl-ms,<p>Preposition-m </p><p>+ Verb - Hitpael - Participle - masculine singular</p>,H8693,V-Hitpael-Prtcpl,hebrew,allstrong_def_hebrew:hebrew_def:Hitpael/participe,OK_DEF_MATCH,Hitpael / Participe
Prep-m | V-Nifal-Prtcpl-fp,<p>Preposition-m </p><p>+ Verb - Nifal - Participle - feminine plural</p>,H8737,V-Nifal-Prtcpl,hebrew,allstrong_def_hebrew:hebrew_def:Nifal/participe,OK_DEF_MATCH,Nifal / Participe
Prep-m | V-Piel-Inf,<p>Preposition-m </p><p>+ Verb - Piel - Infinitive construct</p>,H8763,V-Piel-Inf,hebrew,allstrong_def_hebrew:hebrew_def:Piel/infinitif,OK_DEF_MATCH,Piel / Infinitif
Prep-m | V-Piel-Inf | 3mp,<p>Preposition-m </p><p>+ Verb - Piel - Infinitive construct </p><p>+ third person masculine plural</p>,H8763,V-Piel-Inf,hebrew,allstrong_def_hebrew:hebrew_def:Piel/infinitif,OK_DEF_MATCH,Piel / Infinitif
Prep-m | V-Piel-Inf | 3ms,<p>Preposition-m </p><p>+ Verb - Piel - Infinitive construct </p><p>+ third person masculine singular</p>,H8763,V-Piel-Inf,hebrew,allstrong_def_hebrew:hebrew_def:Piel/infinitif,OK_DEF_MATCH,Piel / Infinitif
Prep-m | V-Qal-Inf,<p>Preposition-m </p><p>+ Verb - Qal - Infinitive construct</p>,H8800,V-Qal-Inf,hebrew,allstrong_def_hebrew:hebrew_def:Qal/infinitif,OK_DEF_MATCH,Qal / Infinitif
Prep-m | V-Qal-Inf | 1cp,<p>Preposition-m </p><p>+ Verb - Qal - Infinitive construct </p><p>+ first person common plural</p>,H8800,V-Qal-Inf,hebrew,allstrong_def_hebrew:hebrew_def:Qal/infinitif,OK_DEF_MATCH,Qal / Infinitif
Prep-m | V-Qal-Inf | 1cs,<p>Preposition-m </p><p>+ Verb - Qal - Infinitive construct </p><p>+ first person common singular</p>,H8800,V-Qal-Inf,hebrew,allstrong_def_hebrew:hebrew_def:Qal/infinitif,OK_DEF_MATCH,Qal / Infinitif
Prep-m | V-Qal-Inf | 2fs,<p>Preposition-m </p><p>+ Verb - Qal - Infinitive construct </p><p>+ second person feminine singular</p>,H8800,V-Qal-Inf,hebrew,allstrong_def_hebrew:hebrew_def:Qal/infinitif,OK_DEF_MATCH,Qal / Infinitif
Prep-m | V-Qal-Inf | 2mp,<p>Preposition-m </p><p>+ Verb - Qal - Infinitive construct </p><p>+ second person masculine plural</p>,H8800,V-Qal-Inf,hebrew,allstrong_def_hebrew:hebrew_def:Qal/infinitif,OK_DEF_MATCH,Qal / Infinitif
Prep-m | V-Qal-Inf | 2ms,<p>Preposition-m </p><p>+ Verb - Qal - Infinitive construct </p><p>+ second person masculine singular</p>,H8800,V-Qal-Inf,hebrew,allstrong_def_hebrew:hebrew_def:Qal/infinitif,OK_DEF_MATCH,Qal / Infinitif
Prep-m | V-Qal-Inf | 3fs,<p>Preposition-m </p><p>+ Verb - Qal - Infinitive construct </p><p>+ third person feminine singular</p>,H8800,V-Qal-Inf,hebrew,allstrong_def_hebrew:hebrew_def:Qal/infinitif,OK_DEF_MATCH,Qal / Infinitif
Prep-m | V-Qal-Inf | 3mp,<p>Preposition-m </p><p>+ Verb - Qal - Infinitive construct </p><p>+ third person masculine plural</p>,H8800,V-Qal-Inf,hebrew,allstrong_def_hebrew:hebrew_def:Qal/infinitif,OK_DEF_MATCH,Qal / Infinitif
Prep-m | V-Qal-Inf | 3ms,<p>Preposition-m </p><p>+ Verb - Qal - Infinitive construct </p><p>+ third person masculine singular</p>,H8800,V-Qal-Inf,hebrew,allstrong_def_hebrew:hebrew_def:Qal/infinitif,OK_DEF_MATCH,Qal / Infinitif
Prep-m | V-Qal-Prtcpl-fs,<p>Preposition-m </p><p>+ Verb - Qal - Participle - feminine singular</p>,H8801,V-Qal-Prtcpl,hebrew,allstrong_def_hebrew:hebrew_def:Qal/participe,OK_DEF_MATCH,Qal / Participe
Prep-m | V-Qal-Prtcpl-fsc,<p>Preposition-m </p><p>+ Verb - Qal - Participle - feminine singular construct</p>,H8801,V-Qal-Prtcpl,hebrew,allstrong_def_hebrew:hebrew_def:Qal/participe,OK_DEF_MATCH,Qal / Participe
Prep-m | V-Qal-Prtcpl-mp,<p>Preposition-m </p><p>+ Verb - Qal - Participle - masculine plural</p>,H8801,V-Qal-Prtcpl,hebrew,allstrong_def_hebrew:hebrew_def:Qal/participe,OK_DEF_MATCH,Qal / Participe
Prep-m | V-Qal-Prtcpl-mpc,<p>Preposition-m </p><p>+ Verb - Qal - Participle - masculine plural construct</p>,H8801,V-Qal-Prtcpl,hebrew,allstrong_def_hebrew:hebrew_def:Qal/participe,OK_DEF_MATCH,Qal / Participe
Prep-m | V-Qal-Prtcpl-mpc | 1cs,<p>Preposition-m </p><p>+ Verb - Qal - Participle - masculine plural construct </p><p>+ first person common singular</p>,H8801,V-Qal-Prtcpl,hebrew,allstrong_def_hebrew:hebrew_def:Qal/participe,OK_DEF_MATCH,Qal / Participe
Prep-m | V-Qal-Prtcpl-mpc | 2mp,<p>Preposition-m </p><p>+ Verb - Qal - Participle - masculine plural construct </p><p>+ second person masculine plural</p>,H8801,V-Qal-Prtcpl,hebrew,allstrong_def_hebrew:hebrew_def:Qal/participe,OK_DEF_MATCH,Qal / Participe
Prep-m | V-Qal-Prtcpl-mpc | 2ms,<p>Preposition-m </p><p>+ Verb - Qal - Participle - masculine plural construct </p><p>+ second person masculine singular</p>,H8801,V-Qal-Prtcpl,hebrew,allstrong_def_hebrew:hebrew_def:Qal/participe,OK_DEF_MATCH,Qal / Participe
Prep-m | V-Qal-Prtcpl-mpc | 3mp,<p>Preposition-m </p><p>+ Verb - Qal - Participle - masculine plural construct </p><p>+ third person masculine plural</p>,H8801,V-Qal-Prtcpl,hebrew,allstrong_def_hebrew:hebrew_def:Qal/participe,OK_DEF_MATCH,Qal / Participe
Prep-m | V-Qal-Prtcpl-ms,<p>Preposition-m </p><p>+ Verb - Qal - Participle - masculine singular</p>,H8801,V-Qal-Prtcpl,hebrew,allstrong_def_hebrew:hebrew_def:Qal/participe,OK_DEF_MATCH,Qal / Participe
Prep-m | V-Qal-Prtcpl-msc,<p>Preposition-m </p><p>+ Verb - Qal - Participle - masculine singular construct</p>,H8801,V-Qal-Prtcpl,hebrew,allstrong_def_hebrew:hebrew_def:Qal/participe,OK_DEF_MATCH,Qal / Participe
Prep-m | V-Qal-Prtcpl-msc | 1cp,<p>Preposition-m </p><p>+ Verb - Qal - Participle - masculine singular construct </p><p>+ first person common plural</p>,H8801,V-Qal-Prtcpl,hebrew,allstrong_def_hebrew:hebrew_def:Qal/participe,OK_DEF_MATCH,Qal / Participe
Prep-m | V-Qal-Prtcpl-msc | 1cs,<p>Preposition-m </p><p>+ Verb - Qal - Participle - masculine singular construct </p><p>+ first person common singular</p>,H8801,V-Qal-Prtcpl,hebrew,allstrong_def_hebrew:hebrew_def:Qal/participe,OK_DEF_MATCH,Qal / Participe
Prep-m | V-Qal-Prtcpl-msc | 3ms,<p>Preposition-m </p><p>+ Verb - Qal - Participle - masculine singular construct </p><p>+ third person masculine singular</p>,H8801,V-Qal-Prtcpl,hebrew,allstrong_def_hebrew:hebrew_def:Qal/participe,OK_DEF_MATCH,Qal / Participe
Prep-m | V-Qal-QalPassPrtcpl-mpc,<p>Preposition-m </p><p>+ Verb - Qal - QalPassParticiple - masculine plural construct</p>,H8803,V-Qal-QalPassPrtcpl,hebrew,allstrong_def_hebrew:hebrew_def:Qal/participe passif,OK_DEF_MATCH,Qal / Participe Passif
"Prep-m, Art | V-Qal-Prtcpl-ms","<p>Preposition-m, Article </p><p>+ Verb - Qal - Participle - masculine singular</p>",H8801,V-Qal-Prtcpl,hebrew,allstrong_def_hebrew:hebrew_def:Qal/participe,OK_DEF_MATCH,Qal / Participe
"Prep-m, Prep-l | V-Qal-Inf","<p>Preposition-m, Preposition-l </p><p>+ Verb - Qal - Infinitive construct</p>",H8800,V-Qal-Inf,hebrew,allstrong_def_hebrew:hebrew_def:Qal/infinitif,OK_DEF_MATCH,Qal / Infinitif
"Prep-m, Pro-r | V-Qal-Imperf-2ms","<p>Preposition-m, Pronoun - relative </p><p>+ Verb - Qal - Imperfect - second person masculine singular</p>",H8799,V-Qal-Imperf,hebrew,allstrong_def_hebrew:hebrew_def:Qal/imparfait,OK_DEF_MATCH,Qal / Imparfait
Pro-r | V-Hifil-Imperf-1cs | 3ms,<p>Pronoun - relative </p><p>+ Verb - Hifil - Imperfect - first person common singular </p><p>+ third person masculine singular</p>,H8686,V-Hifil-Imperf,hebrew,allstrong_def_hebrew:hebrew_def:Hifil/imparfait,OK_DEF_MATCH,Hifil / Imparfait
Pro-r | V-Hifil-Imperf.Jus-3ms,<p>Pronoun - relative </p><p>+ Verb - Hifil - Imperfect Jussive - third person masculine singular</p>,H8686,V-Hifil-Imperf,hebrew,allstrong_def_hebrew:hebrew_def:Hifil/imparfait,OK_DEF_MATCH,Hifil / Imparfait
Pro-r | V-Hifil-Perf-3ms,<p>Pronoun - relative </p><p>+ Verb - Hifil - Perfect - third person masculine singular</p>,H8689,V-Hifil-Perf,hebrew,allstrong_def_hebrew:hebrew_def:Hifil/parfait,OK_DEF_MATCH,Hifil / Parfait
Pro-r | V-Hifil-Prtcpl-ms,<p>Pronoun - relative </p><p>+ Verb - Hifil - Participle - masculine singular</p>,H8688,V-Hifil-Prtcpl,hebrew,allstrong_def_hebrew:hebrew_def:Hifil/participe,OK_DEF_MATCH,Hifil / Participe
Pro-r | V-Nifal-Imperf-3ms,<p>Pronoun - relative </p><p>+ Verb - Nifal - Imperfect - third person masculine singular</p>,H8735,V-Nifal-Imperf,hebrew,allstrong_def_hebrew:hebrew_def:Nifal/imparfait,OK_DEF_MATCH,Nifal / Imparfait
Pro-r | V-Nifal-Perf-3cp,<p>Pronoun - relative </p><p>+ Verb - Nifal - Perfect - third person common plural</p>,H8738,V-Nifal-Perf,hebrew,allstrong_def_hebrew:hebrew_def:Nifal/parfait,OK_DEF_MATCH,Nifal / Parfait
Pro-r | V-Nifal-Perf-3ms,<p>Pronoun - relative </p><p>+ Verb - Nifal - Perfect - third person masculine singular</p>,H8738,V-Nifal-Perf,hebrew,allstrong_def_hebrew:hebrew_def:Nifal/parfait,OK_DEF_MATCH,Nifal / Parfait
Pro-r | V-Nifal-Prtcpl-mp,<p>Pronoun - relative </p><p>+ Verb - Nifal - Participle - masculine plural</p>,H8737,V-Nifal-Prtcpl,hebrew,allstrong_def_hebrew:hebrew_def:Nifal/participe,OK_DEF_MATCH,Nifal / Participe
Pro-r | V-Piel-Imperf-3ms,<p>Pronoun - relative </p><p>+ Verb - Piel - Imperfect - third person masculine singular</p>,H8762,V-Piel-Imperf,hebrew,allstrong_def_hebrew:hebrew_def:Piel/imparfait,OK_DEF_MATCH,Piel / Imparfait
Pro-r | V-Piel-Perf-1cp | 3ms,<p>Pronoun - relative </p><p>+ Verb - Piel - Perfect - first person common plural </p><p>+ third person masculine singular</p>,H8765,V-Piel-Perf,hebrew,allstrong_def_hebrew:hebrew_def:Piel/parfait,OK_DEF_MATCH,Piel / Parfait
Pro-r | V-Pual-Perf-3fs,<p>Pronoun - relative </p><p>+ Verb - Pual - Perfect - third person feminine singular</p>,H8795,V-Pual-Perf,hebrew,allstrong_def_hebrew:hebrew_def:Pual/parfait,OK_DEF_MATCH,Pual / Parfait
Pro-r | V-Qal-Imperf-3mp,<p>Pronoun - relative </p><p>+ Verb - Qal - Imperfect - third person masculine plural</p>,H8799,V-Qal-Imperf,hebrew,allstrong_def_hebrew:hebrew_def:Qal/imparfait,OK_DEF_MATCH,Qal / Imparfait
Pro-r | V-Qal-Imperf-3ms,<p>Pronoun - relative </p><p>+ Verb - Qal - Imperfect - third person masculine singular</p>,H8799,V-Qal-Imperf,hebrew,allstrong_def_hebrew:hebrew_def:Qal/imparfait,OK_DEF_MATCH,Qal / Imparfait
Pro-r | V-Qal-Imperf-3ms | 1cp,<p>Pronoun - relative </p><p>+ Verb - Qal - Imperfect - third person masculine singular </p><p>+ first person common plural</p>,H8799,V-Qal-Imperf,hebrew,allstrong_def_hebrew:hebrew_def:Qal/imparfait,OK_DEF_MATCH,Qal / Imparfait
Pro-r | V-Qal-Perf-1cs,<p>Pronoun - relative </p><p>+ Verb - Qal - Perfect - first person common singular</p>,H8804,V-Qal-Perf,hebrew,allstrong_def_hebrew:hebrew_def:Qal/parfait,OK_DEF_MATCH,Qal / Parfait
Pro-r | V-Qal-Perf-2fs,<p>Pronoun - relative </p><p>+ Verb - Qal - Perfect - second person feminine singular</p>,H8804,V-Qal-Perf,hebrew,allstrong_def_hebrew:hebrew_def:Qal/parfait,OK_DEF_MATCH,Qal / Parfait
Pro-r | V-Qal-Perf-3cp,<p>Pronoun - relative </p><p>+ Verb - Qal - Perfect - third person common plural</p>,H8804,V-Qal-Perf,hebrew,allstrong_def_hebrew:hebrew_def:Qal/parfait,OK_DEF_MATCH,Qal / Parfait
Pro-r | V-Qal-Perf-3ms,<p>Pronoun - relative </p><p>+ Verb - Qal - Perfect - third person masculine singular</p>,H8804,V-Qal-Perf,hebrew,allstrong_def_hebrew:hebrew_def:Qal/parfait,OK_DEF_MATCH,Qal / Parfait
Pro-r | V-Qal-Perf-3ms | 3ms,<p>Pronoun - relative </p><p>+ Verb - Qal - Perfect - third person masculine singular </p><p>+ third person masculine singular</p>,H8804,V-Qal-Perf,hebrew,allstrong_def_hebrew:hebrew_def:Qal/parfait,OK_DEF_MATCH,Qal / Parfait
Pro-r | V-Qal-Prtcpl-fs,<p>Pronoun - relative </p><p>+ Verb - Qal - Participle - feminine singular</p>,H8801,V-Qal-Prtcpl,hebrew,allstrong_def_hebrew:hebrew_def:Qal/participe,OK_DEF_MATCH,Qal / Participe
Pro-r | V-Qal-Prtcpl-mp,<p>Pronoun - relative </p><p>+ Verb - Qal - Participle - masculine plural</p>,H8801,V-Qal-Prtcpl,hebrew,allstrong_def_hebrew:hebrew_def:Qal/participe,OK_DEF_MATCH,Qal / Participe
Pro-r | V-Qal-Prtcpl-ms,<p>Pronoun - relative </p><p>+ Verb - Qal - Participle - masculine singular</p>,H8801,V-Qal-Prtcpl,hebrew,allstrong_def_hebrew:hebrew_def:Qal/participe,OK_DEF_MATCH,Qal / Participe
V-AIA-1P,<p>Verb - Aorist Indicative Active - 1st Person Plural</p>,G5656,V-AIA,greek,allstrong_def_greek:Aoriste / Active / Indicatif,OK_DEF_MATCH,Aoriste / Active / Indicatif
V-AIA-1S,<p>Verb - Aorist Indicative Active - 1st Person Singular</p>,G5656,V-AIA,greek,allstrong_def_greek:Aoriste / Active / Indicatif,OK_DEF_MATCH,Aoriste / Active / Indicatif
V-AIA-2P,<p>Verb - Aorist Indicative Active - 2nd Person Plural</p>,G5656,V-AIA,greek,allstrong_def_greek:Aoriste / Active / Indicatif,OK_DEF_MATCH,Aoriste / Active / Indicatif
V-AIA-2S,<p>Verb - Aorist Indicative Active - 2nd Person Singular</p>,G5656,V-AIA,greek,allstrong_def_greek:Aoriste / Active / Indicatif,OK_DEF_MATCH,Aoriste / Active / Indicatif
V-AIA-3P,<p>Verb - Aorist Indicative Active - 3rd Person Plural</p>,G5656,V-AIA,greek,allstrong_def_greek:Aoriste / Active / Indicatif,OK_DEF_MATCH,Aoriste / Active / Indicatif
V-AIA-3S,<p>Verb - Aorist Indicative Active - 3rd Person Singular</p>,G5656,V-AIA,greek,allstrong_def_greek:Aoriste / Active / Indicatif,OK_DEF_MATCH,Aoriste / Active / Indicatif
V-AIM-1P,<p>Verb - Aorist Indicative Middle - 1st Person Plural</p>,G5668,V-AIM,greek,greek_table:V-AMI:confirmed_by_allstrong,OK_DEF_MATCH,Aoriste / Moyenne / Indicatif
V-AIM-1S,<p>Verb - Aorist Indicative Middle - 1st Person Singular</p>,G5668,V-AIM,greek,greek_table:V-AMI:confirmed_by_allstrong,OK_DEF_MATCH,Aoriste / Moyenne / Indicatif
V-AIM-2P,<p>Verb - Aorist Indicative Middle - 2nd Person Plural</p>,G5668,V-AIM,greek,greek_table:V-AMI:confirmed_by_allstrong,OK_DEF_MATCH,Aoriste / Moyenne / Indicatif
V-AIM-2S,<p>Verb - Aorist Indicative Middle - 2nd Person Singular</p>,G5668,V-AIM,greek,greek_table:V-AMI:confirmed_by_allstrong,OK_DEF_MATCH,Aoriste / Moyenne / Indicatif
V-AIM-3P,<p>Verb - Aorist Indicative Middle - 3rd Person Plural</p>,G5668,V-AIM,greek,greek_table:V-AMI:confirmed_by_allstrong,OK_DEF_MATCH,Aoriste / Moyenne / Indicatif
V-AIM-3S,<p>Verb - Aorist Indicative Middle - 3rd Person Singular</p>,G5668,V-AIM,greek,greek_table:V-AMI:confirmed_by_allstrong,OK_DEF_MATCH,Aoriste / Moyenne / Indicatif
V-AIP-1P,<p>Verb - Aorist Indicative Passive - 1st Person Plural</p>,G5681,V-AIP,greek,greek_table:V-API:confirmed_by_allstrong,OK_DEF_MATCH,Aoriste / Passive / Indicatif
V-AIP-1S,<p>Verb - Aorist Indicative Passive - 1st Person Singular</p>,G5681,V-AIP,greek,greek_table:V-API:confirmed_by_allstrong,OK_DEF_MATCH,Aoriste / Passive / Indicatif
V-AIP-2P,<p>Verb - Aorist Indicative Passive - 2nd Person Plural</p>,G5681,V-AIP,greek,greek_table:V-API:confirmed_by_allstrong,OK_DEF_MATCH,Aoriste / Passive / Indicatif
V-AIP-2S,<p>Verb - Aorist Indicative Passive - 2nd Person Singular</p>,G5681,V-AIP,greek,greek_table:V-API:confirmed_by_allstrong,OK_DEF_MATCH,Aoriste / Passive / Indicatif
V-AIP-3P,<p>Verb - Aorist Indicative Passive - 3rd Person Plural</p>,G5681,V-AIP,greek,greek_table:V-API:confirmed_by_allstrong,OK_DEF_MATCH,Aoriste / Passive / Indicatif
V-AIP-3S,<p>Verb - Aorist Indicative Passive - 3rd Person Singular</p>,G5681,V-AIP,greek,greek_table:V-API:confirmed_by_allstrong,OK_DEF_MATCH,Aoriste / Passive / Indicatif
V-AMA-2P,<p>Verb - Aorist Imperative Active - 2nd Person Plural</p>,G5657,V-AMA,greek,allstrong_def_greek:Aoriste / Active / Impératif,OK_DEF_MATCH,Aoriste / Active / Impératif
V-AMA-2S,<p>Verb - Aorist Imperative Active - 2nd Person Singular</p>,G5657,V-AMA,greek,allstrong_def_greek:Aoriste / Active / Impératif,OK_DEF_MATCH,Aoriste / Active / Impératif
V-AMA-3P,<p>Verb - Aorist Imperative Active - 3rd Person Plural</p>,G5657,V-AMA,greek,allstrong_def_greek:Aoriste / Active / Impératif,OK_DEF_MATCH,Aoriste / Active / Impératif
V-AMA-3S,<p>Verb - Aorist Imperative Active - 3rd Person Singular</p>,G5657,V-AMA,greek,allstrong_def_greek:Aoriste / Active / Impératif,OK_DEF_MATCH,Aoriste / Active / Impératif
V-AMM-2P,<p>Verb - Aorist Imperative Middle - 2nd Person Plural</p>,G5669,V-AMM,greek,greek_table:V-AMM:confirmed_by_allstrong,OK_DEF_MATCH,Aoriste / Moyenne / Impératif
V-AMM-2S,<p>Verb - Aorist Imperative Middle - 2nd Person Singular</p>,G5669,V-AMM,greek,greek_table:V-AMM:confirmed_by_allstrong,OK_DEF_MATCH,Aoriste / Moyenne / Impératif
V-AMM-3P,<p>Verb - Aorist Imperative Middle - 3rd Person Plural</p>,G5669,V-AMM,greek,greek_table:V-AMM:confirmed_by_allstrong,OK_DEF_MATCH,Aoriste / Moyenne / Impératif
V-AMM-3S,<p>Verb - Aorist Imperative Middle - 3rd Person Singular</p>,G5669,V-AMM,greek,greek_table:V-AMM:confirmed_by_allstrong,OK_DEF_MATCH,Aoriste / Moyenne / Impératif
V-AMP-2P,<p>Verb - Aorist Imperative Passive - 2nd Person Plural</p>,G5682,V-AMP,greek,greek_table:V-APM:confirmed_by_allstrong,OK_DEF_MATCH,Aoriste / Passive / Impératif
V-AMP-2S,<p>Verb - Aorist Imperative Passive - 2nd Person Singular</p>,G5682,V-AMP,greek,greek_table:V-APM:confirmed_by_allstrong,OK_DEF_MATCH,Aoriste / Passive / Impératif
V-AMP-3P,<p>Verb - Aorist Imperative Passive - 3rd Person Plural</p>,G5682,V-AMP,greek,greek_table:V-APM:confirmed_by_allstrong,OK_DEF_MATCH,Aoriste / Passive / Impératif
V-AMP-3S,<p>Verb - Aorist Imperative Passive - 3rd Person Singular</p>,G5682,V-AMP,greek,greek_table:V-APM:confirmed_by_allstrong,OK_DEF_MATCH,Aoriste / Passive / Impératif
V-ANA,<p>Verb - Aorist Infinitive Active</p>,G5658,V-ANA,greek,allstrong_def_greek:Aoriste / Active / Infinitif,OK_DEF_MATCH,Aoriste / Active / Infinitif
V-ANM,<p>Verb - Aorist Infinitive Middle</p>,G5670,V-ANM,greek,greek_table:V-AMN:confirmed_by_allstrong,OK_DEF_MATCH,Aoriste / Moyenne / Infinitif
V-ANM/P,<p>Verb - Aorist Infinitive Middle or Passive</p>,G5745,V-ANM/P,greek,"FALLBACK_WARNING:bstudy:ref_lex_core:rejected_by_allstrong:G5745:MISMATCH_DEF:expected=aoriste/['moyenne', 'passive', 'soit moyenne', 'soit passive']/infinitif; got=Présent/Passive/Infinitif; prior=allstrong_def_greek_no_match; greek_table_missing:V-AM/PN",ACCEPTED_FALLBACK_WARNING,"fallback accepted at end of process; authority_check=MISMATCH_DEF:expected=aoriste/['moyenne', 'passive', 'soit moyenne', 'soit passive']/infinitif; got=Présent/Passive/Infinitif"
V-ANP,<p>Verb - Aorist Infinitive Passive</p>,G5683,V-ANP,greek,greek_table:V-APN:confirmed_by_allstrong,OK_DEF_MATCH,Aoriste / Passive / Infinitif
V-AOA-3P,<p>Verb - Aorist Optative Active - 3rd Person Plural</p>,G5659,V-AOA,greek,allstrong_def_greek:Aoriste / Active / Optatif,OK_DEF_MATCH,Aoriste / Active / Optatif
V-AOA-3S,<p>Verb - Aorist Optative Active - 3rd Person Singular</p>,G5659,V-AOA,greek,allstrong_def_greek:Aoriste / Active / Optatif,OK_DEF_MATCH,Aoriste / Active / Optatif
V-AOM-1S,<p>Verb - Aorist Optative Middle - 1st Person Singular</p>,G5665,V-AOM,greek,allstrong_def_greek:Aoriste / Moyenne Déponente / Optatif,OK_DEF_MATCH,Aoriste / Moyenne Déponente / Optatif
V-AOM-3S,<p>Verb - Aorist Optative Middle - 3rd Person Singular</p>,G5665,V-AOM,greek,allstrong_def_greek:Aoriste / Moyenne Déponente / Optatif,OK_DEF_MATCH,Aoriste / Moyenne Déponente / Optatif
V-AOP-3S,<p>Verb - Aorist Optative Passive - 3rd Person Singular</p>,G5684,V-AOP,greek,greek_table:V-APO:confirmed_by_allstrong,OK_DEF_MATCH,Aoriste / Passive / Optatif
V-APA-AFP,<p>Verb - Aorist Participle Active - Accusative Feminine Plural</p>,G5660,V-APA,greek,allstrong_def_greek:Aoriste / Active / Participe,OK_DEF_MATCH,Aoriste / Active / Participe
V-APA-AFS,<p>Verb - Aorist Participle Active - Accusative Feminine Singular</p>,G5660,V-APA,greek,allstrong_def_greek:Aoriste / Active / Participe,OK_DEF_MATCH,Aoriste / Active / Participe
V-APA-AMP,<p>Verb - Aorist Participle Active - Accusative Masculine Plural</p>,G5660,V-APA,greek,allstrong_def_greek:Aoriste / Active / Participe,OK_DEF_MATCH,Aoriste / Active / Participe
V-APA-AMS,<p>Verb - Aorist Participle Active - Accusative Masculine Singular</p>,G5660,V-APA,greek,allstrong_def_greek:Aoriste / Active / Participe,OK_DEF_MATCH,Aoriste / Active / Participe
V-APA-ANP,<p>Verb - Aorist Participle Active - Accusative Neuter Plural</p>,G5660,V-APA,greek,allstrong_def_greek:Aoriste / Active / Participe,OK_DEF_MATCH,Aoriste / Active / Participe
V-APA-ANS,<p>Verb - Aorist Participle Active - Accusative Neuter Singular</p>,G5660,V-APA,greek,allstrong_def_greek:Aoriste / Active / Participe,OK_DEF_MATCH,Aoriste / Active / Participe
V-APA-DFP,<p>Verb - Aorist Participle Active - Dative Feminine Plural</p>,G5660,V-APA,greek,allstrong_def_greek:Aoriste / Active / Participe,OK_DEF_MATCH,Aoriste / Active / Participe
V-APA-DFS,<p>Verb - Aorist Participle Active - Dative Feminine Singular</p>,G5660,V-APA,greek,allstrong_def_greek:Aoriste / Active / Participe,OK_DEF_MATCH,Aoriste / Active / Participe
V-APA-DMP,<p>Verb - Aorist Participle Active - Dative Masculine Plural</p>,G5660,V-APA,greek,allstrong_def_greek:Aoriste / Active / Participe,OK_DEF_MATCH,Aoriste / Active / Participe
V-APA-DMS,<p>Verb - Aorist Participle Active - Dative Masculine Singular</p>,G5660,V-APA,greek,allstrong_def_greek:Aoriste / Active / Participe,OK_DEF_MATCH,Aoriste / Active / Participe
V-APA-GFS,<p>Verb - Aorist Participle Active - Genitive Feminine Singular</p>,G5660,V-APA,greek,allstrong_def_greek:Aoriste / Active / Participe,OK_DEF_MATCH,Aoriste / Active / Participe
V-APA-GMP,<p>Verb - Aorist Participle Active - Genitive Masculine Plural</p>,G5660,V-APA,greek,allstrong_def_greek:Aoriste / Active / Participe,OK_DEF_MATCH,Aoriste / Active / Participe
V-APA-GMS,<p>Verb - Aorist Participle Active - Genitive Masculine Singular</p>,G5660,V-APA,greek,allstrong_def_greek:Aoriste / Active / Participe,OK_DEF_MATCH,Aoriste / Active / Participe
V-APA-GNS,<p>Verb - Aorist Participle Active - Genitive Neuter Singular</p>,G5660,V-APA,greek,allstrong_def_greek:Aoriste / Active / Participe,OK_DEF_MATCH,Aoriste / Active / Participe
V-APA-NFP,<p>Verb - Aorist Participle Active - Nominative Feminine Plural</p>,G5660,V-APA,greek,allstrong_def_greek:Aoriste / Active / Participe,OK_DEF_MATCH,Aoriste / Active / Participe
V-APA-NFS,<p>Verb - Aorist Participle Active - Nominative Feminine Singular</p>,G5660,V-APA,greek,allstrong_def_greek:Aoriste / Active / Participe,OK_DEF_MATCH,Aoriste / Active / Participe
V-APA-NMP,<p>Verb - Aorist Participle Active - Nominative Masculine Plural</p>,G5660,V-APA,greek,allstrong_def_greek:Aoriste / Active / Participe,OK_DEF_MATCH,Aoriste / Active / Participe
V-APA-NMS,<p>Verb - Aorist Participle Active - Nominative Masculine Singular</p>,G5660,V-APA,greek,allstrong_def_greek:Aoriste / Active / Participe,OK_DEF_MATCH,Aoriste / Active / Participe
V-APA-NNP,<p>Verb - Aorist Participle Active - Nominative Neuter Plural</p>,G5660,V-APA,greek,allstrong_def_greek:Aoriste / Active / Participe,OK_DEF_MATCH,Aoriste / Active / Participe
V-APA-NNS,<p>Verb - Aorist Participle Active - Nominative Neuter Singular</p>,G5660,V-APA,greek,allstrong_def_greek:Aoriste / Active / Participe,OK_DEF_MATCH,Aoriste / Active / Participe
V-APM-AFS,<p>Verb - Aorist Participle Middle - Accusative Feminine Singular</p>,G5671,V-APM,greek,greek_table:V-AMP:confirmed_by_allstrong,OK_DEF_MATCH,Aoriste / Moyenne / Participe
V-APM-AMP,<p>Verb - Aorist Participle Middle - Accusative Masculine Plural</p>,G5671,V-APM,greek,greek_table:V-AMP:confirmed_by_allstrong,OK_DEF_MATCH,Aoriste / Moyenne / Participe
V-APM-AMS,<p>Verb - Aorist Participle Middle - Accusative Masculine Singular</p>,G5671,V-APM,greek,greek_table:V-AMP:confirmed_by_allstrong,OK_DEF_MATCH,Aoriste / Moyenne / Participe
V-APM-ANP,<p>Verb - Aorist Participle Middle - Accusative Neuter Plural</p>,G5671,V-APM,greek,greek_table:V-AMP:confirmed_by_allstrong,OK_DEF_MATCH,Aoriste / Moyenne / Participe
V-APM-ANS,<p>Verb - Aorist Participle Middle - Accusative Neuter Singular</p>,G5671,V-APM,greek,greek_table:V-AMP:confirmed_by_allstrong,OK_DEF_MATCH,Aoriste / Moyenne / Participe
V-APM-DMP,<p>Verb - Aorist Participle Middle - Dative Masculine Plural</p>,G5671,V-APM,greek,greek_table:V-AMP:confirmed_by_allstrong,OK_DEF_MATCH,Aoriste / Moyenne / Participe
V-APM-DNP,<p>Verb - Aorist Participle Middle - Dative Neuter Plural</p>,G5671,V-APM,greek,greek_table:V-AMP:confirmed_by_allstrong,OK_DEF_MATCH,Aoriste / Moyenne / Participe
V-APM-GFP,<p>Verb - Aorist Participle Middle - Genitive Feminine Plural</p>,G5671,V-APM,greek,greek_table:V-AMP:confirmed_by_allstrong,OK_DEF_MATCH,Aoriste / Moyenne / Participe
V-APM-GFS,<p>Verb - Aorist Participle Middle - Genitive Feminine Singular</p>,G5671,V-APM,greek,greek_table:V-AMP:confirmed_by_allstrong,OK_DEF_MATCH,Aoriste / Moyenne / Participe
V-APM-GMP,<p>Verb - Aorist Participle Middle - Genitive Masculine Plural</p>,G5671,V-APM,greek,greek_table:V-AMP:confirmed_by_allstrong,OK_DEF_MATCH,Aoriste / Moyenne / Participe
V-APM-GMS,<p>Verb - Aorist Participle Middle - Genitive Masculine Singular</p>,G5671,V-APM,greek,greek_table:V-AMP:confirmed_by_allstrong,OK_DEF_MATCH,Aoriste / Moyenne / Participe
V-APM-GNP,<p>Verb - Aorist Participle Middle - Genitive Neuter Plural</p>,G5671,V-APM,greek,greek_table:V-AMP:confirmed_by_allstrong,OK_DEF_MATCH,Aoriste / Moyenne / Participe
V-APM-GNS,<p>Verb - Aorist Participle Middle - Genitive Neuter Singular</p>,G5671,V-APM,greek,greek_table:V-AMP:confirmed_by_allstrong,OK_DEF_MATCH,Aoriste / Moyenne / Participe
V-APM-NFP,<p>Verb - Aorist Participle Middle - Nominative Feminine Plural</p>,G5671,V-APM,greek,greek_table:V-AMP:confirmed_by_allstrong,OK_DEF_MATCH,Aoriste / Moyenne / Participe
V-APM-NFS,<p>Verb - Aorist Participle Middle - Nominative Feminine Singular</p>,G5671,V-APM,greek,greek_table:V-AMP:confirmed_by_allstrong,OK_DEF_MATCH,Aoriste / Moyenne / Participe
V-APM-NMP,<p>Verb - Aorist Participle Middle - Nominative Masculine Plural</p>,G5671,V-APM,greek,greek_table:V-AMP:confirmed_by_allstrong,OK_DEF_MATCH,Aoriste / Moyenne / Participe
V-APM-NMS,<p>Verb - Aorist Participle Middle - Nominative Masculine Singular</p>,G5671,V-APM,greek,greek_table:V-AMP:confirmed_by_allstrong,OK_DEF_MATCH,Aoriste / Moyenne / Participe
V-APM-NNS,<p>Verb - Aorist Participle Middle - Nominative Neuter Singular</p>,G5671,V-APM,greek,greek_table:V-AMP:confirmed_by_allstrong,OK_DEF_MATCH,Aoriste / Moyenne / Participe
V-APM/P-ANP,<p>Verb - Aorist Participle Middle or Passive - Accusative Neuter Plural</p>,G5674,V-APM/P,greek,allstrong_def_greek:Aoriste / Moyenne ou Passive Déponente / Participe,OK_DEF_MATCH,Aoriste / Moyenne ou Passive Déponente / Participe
V-APM/P-GFS,<p>Verb - Aorist Participle Middle or Passive - Genitive Feminine Singular</p>,G5674,V-APM/P,greek,allstrong_def_greek:Aoriste / Moyenne ou Passive Déponente / Participe,OK_DEF_MATCH,Aoriste / Moyenne ou Passive Déponente / Participe
V-APM/P-NMS,<p>Verb - Aorist Participle Middle or Passive - Nominative Masculine Singular</p>,G5674,V-APM/P,greek,allstrong_def_greek:Aoriste / Moyenne ou Passive Déponente / Participe,OK_DEF_MATCH,Aoriste / Moyenne ou Passive Déponente / Participe
V-APP-AFS,<p>Verb - Aorist Participle Passive - Accusative Feminine Singular</p>,G5685,V-APP,greek,greek_table:V-APP:confirmed_by_allstrong,OK_DEF_MATCH,Aoriste / Passive / Participe
V-APP-AMP,<p>Verb - Aorist Participle Passive - Accusative Masculine Plural</p>,G5685,V-APP,greek,greek_table:V-APP:confirmed_by_allstrong,OK_DEF_MATCH,Aoriste / Passive / Participe
V-APP-AMS,<p>Verb - Aorist Participle Passive - Accusative Masculine Singular</p>,G5685,V-APP,greek,greek_table:V-APP:confirmed_by_allstrong,OK_DEF_MATCH,Aoriste / Passive / Participe
V-APP-ANP,<p>Verb - Aorist Participle Passive - Accusative Neuter Plural</p>,G5685,V-APP,greek,greek_table:V-APP:confirmed_by_allstrong,OK_DEF_MATCH,Aoriste / Passive / Participe
V-APP-ANS,<p>Verb - Aorist Participle Passive - Accusative Neuter Singular</p>,G5685,V-APP,greek,greek_table:V-APP:confirmed_by_allstrong,OK_DEF_MATCH,Aoriste / Passive / Participe
V-APP-DFS,<p>Verb - Aorist Participle Passive - Dative Feminine Singular</p>,G5685,V-APP,greek,greek_table:V-APP:confirmed_by_allstrong,OK_DEF_MATCH,Aoriste / Passive / Participe
V-APP-DMS,<p>Verb - Aorist Participle Passive - Dative Masculine Singular</p>,G5685,V-APP,greek,greek_table:V-APP:confirmed_by_allstrong,OK_DEF_MATCH,Aoriste / Passive / Participe
V-APP-DNP,<p>Verb - Aorist Participle Passive - Dative Neuter Plural</p>,G5685,V-APP,greek,greek_table:V-APP:confirmed_by_allstrong,OK_DEF_MATCH,Aoriste / Passive / Participe
V-APP-DNS,<p>Verb - Aorist Participle Passive - Dative Neuter Singular</p>,G5685,V-APP,greek,greek_table:V-APP:confirmed_by_allstrong,OK_DEF_MATCH,Aoriste / Passive / Participe
V-APP-GFP,<p>Verb - Aorist Participle Passive - Genitive Feminine Plural</p>,G5685,V-APP,greek,greek_table:V-APP:confirmed_by_allstrong,OK_DEF_MATCH,Aoriste / Passive / Participe
V-APP-GFS,<p>Verb - Aorist Participle Passive - Genitive Feminine Singular</p>,G5685,V-APP,greek,greek_table:V-APP:confirmed_by_allstrong,OK_DEF_MATCH,Aoriste / Passive / Participe
V-APP-GMP,<p>Verb - Aorist Participle Passive - Genitive Masculine Plural</p>,G5685,V-APP,greek,greek_table:V-APP:confirmed_by_allstrong,OK_DEF_MATCH,Aoriste / Passive / Participe
V-APP-GMS,<p>Verb - Aorist Participle Passive - Genitive Masculine Singular</p>,G5685,V-APP,greek,greek_table:V-APP:confirmed_by_allstrong,OK_DEF_MATCH,Aoriste / Passive / Participe
V-APP-GNP,<p>Verb - Aorist Participle Passive - Genitive Neuter Plural</p>,G5685,V-APP,greek,greek_table:V-APP:confirmed_by_allstrong,OK_DEF_MATCH,Aoriste / Passive / Participe
V-APP-GNS,<p>Verb - Aorist Participle Passive - Genitive Neuter Singular</p>,G5685,V-APP,greek,greek_table:V-APP:confirmed_by_allstrong,OK_DEF_MATCH,Aoriste / Passive / Participe
V-APP-NFP,<p>Verb - Aorist Participle Passive - Nominative Feminine Plural</p>,G5685,V-APP,greek,greek_table:V-APP:confirmed_by_allstrong,OK_DEF_MATCH,Aoriste / Passive / Participe
V-APP-NFS,<p>Verb - Aorist Participle Passive - Nominative Feminine Singular</p>,G5685,V-APP,greek,greek_table:V-APP:confirmed_by_allstrong,OK_DEF_MATCH,Aoriste / Passive / Participe
V-APP-NMP,<p>Verb - Aorist Participle Passive - Nominative Masculine Plural</p>,G5685,V-APP,greek,greek_table:V-APP:confirmed_by_allstrong,OK_DEF_MATCH,Aoriste / Passive / Participe
V-APP-NMS,<p>Verb - Aorist Participle Passive - Nominative Masculine Singular</p>,G5685,V-APP,greek,greek_table:V-APP:confirmed_by_allstrong,OK_DEF_MATCH,Aoriste / Passive / Participe
V-APP-NNP,<p>Verb - Aorist Participle Passive - Nominative Neuter Plural</p>,G5685,V-APP,greek,greek_table:V-APP:confirmed_by_allstrong,OK_DEF_MATCH,Aoriste / Passive / Participe
V-APP-NNS,<p>Verb - Aorist Participle Passive - Nominative Neuter Singular</p>,G5685,V-APP,greek,greek_table:V-APP:confirmed_by_allstrong,OK_DEF_MATCH,Aoriste / Passive / Participe
V-ASA-1P,<p>Verb - Aorist Subjunctive Active - 1st Person Plural</p>,G5661,V-ASA,greek,allstrong_def_greek:Aoriste / Active / Subjonctif,OK_DEF_MATCH,Aoriste / Active / Subjonctif
V-ASA-1S,<p>Verb - Aorist Subjunctive Active - 1st Person Singular</p>,G5661,V-ASA,greek,allstrong_def_greek:Aoriste / Active / Subjonctif,OK_DEF_MATCH,Aoriste / Active / Subjonctif
V-ASA-2P,<p>Verb - Aorist Subjunctive Active - 2nd Person Plural</p>,G5661,V-ASA,greek,allstrong_def_greek:Aoriste / Active / Subjonctif,OK_DEF_MATCH,Aoriste / Active / Subjonctif
V-ASA-2S,<p>Verb - Aorist Subjunctive Active - 2nd Person Singular</p>,G5661,V-ASA,greek,allstrong_def_greek:Aoriste / Active / Subjonctif,OK_DEF_MATCH,Aoriste / Active / Subjonctif
V-ASA-3P,<p>Verb - Aorist Subjunctive Active - 3rd Person Plural</p>,G5661,V-ASA,greek,allstrong_def_greek:Aoriste / Active / Subjonctif,OK_DEF_MATCH,Aoriste / Active / Subjonctif
V-ASA-3S,<p>Verb - Aorist Subjunctive Active - 3rd Person Singular</p>,G5661,V-ASA,greek,allstrong_def_greek:Aoriste / Active / Subjonctif,OK_DEF_MATCH,Aoriste / Active / Subjonctif
V-ASM-1P,<p>Verb - Aorist Subjunctive Middle - 1st Person Plural</p>,G5672,V-ASM,greek,greek_table:V-AMS:confirmed_by_allstrong,OK_DEF_MATCH,Aoriste / Moyenne / Subjonctif
V-ASM-1S,<p>Verb - Aorist Subjunctive Middle - 1st Person Singular</p>,G5672,V-ASM,greek,greek_table:V-AMS:confirmed_by_allstrong,OK_DEF_MATCH,Aoriste / Moyenne / Subjonctif
V-ASM-2P,<p>Verb - Aorist Subjunctive Middle - 2nd Person Plural</p>,G5672,V-ASM,greek,greek_table:V-AMS:confirmed_by_allstrong,OK_DEF_MATCH,Aoriste / Moyenne / Subjonctif
V-ASM-2S,<p>Verb - Aorist Subjunctive Middle - 2nd Person Singular</p>,G5672,V-ASM,greek,greek_table:V-AMS:confirmed_by_allstrong,OK_DEF_MATCH,Aoriste / Moyenne / Subjonctif
V-ASM-3P,<p>Verb - Aorist Subjunctive Middle - 3rd Person Plural</p>,G5672,V-ASM,greek,greek_table:V-AMS:confirmed_by_allstrong,OK_DEF_MATCH,Aoriste / Moyenne / Subjonctif
V-ASM-3S,<p>Verb - Aorist Subjunctive Middle - 3rd Person Singular</p>,G5672,V-ASM,greek,greek_table:V-AMS:confirmed_by_allstrong,OK_DEF_MATCH,Aoriste / Moyenne / Subjonctif
V-ASP-1P,<p>Verb - Aorist Subjunctive Passive - 1st Person Plural</p>,G5686,V-ASP,greek,greek_table:V-APS:confirmed_by_allstrong,OK_DEF_MATCH,Aoriste / Passive / Subjonctif
V-ASP-1S,<p>Verb - Aorist Subjunctive Passive - 1st Person Singular</p>,G5686,V-ASP,greek,greek_table:V-APS:confirmed_by_allstrong,OK_DEF_MATCH,Aoriste / Passive / Subjonctif
V-ASP-2P,<p>Verb - Aorist Subjunctive Passive - 2nd Person Plural</p>,G5686,V-ASP,greek,greek_table:V-APS:confirmed_by_allstrong,OK_DEF_MATCH,Aoriste / Passive / Subjonctif
V-ASP-2S,<p>Verb - Aorist Subjunctive Passive - 2nd Person Singular</p>,G5686,V-ASP,greek,greek_table:V-APS:confirmed_by_allstrong,OK_DEF_MATCH,Aoriste / Passive / Subjonctif
V-ASP-3P,<p>Verb - Aorist Subjunctive Passive - 3rd Person Plural</p>,G5686,V-ASP,greek,greek_table:V-APS:confirmed_by_allstrong,OK_DEF_MATCH,Aoriste / Passive / Subjonctif
V-ASP-3S,<p>Verb - Aorist Subjunctive Passive - 3rd Person Singular</p>,G5686,V-ASP,greek,greek_table:V-APS:confirmed_by_allstrong,OK_DEF_MATCH,Aoriste / Passive / Subjonctif
V-FIA-1P,<p>Verb - Future Indicative Active - 1st Person Plural</p>,G5692,V-FIA,greek,greek_table:V-FAI:confirmed_by_allstrong,OK_DEF_MATCH,Futur / Active / Indicatif
V-FIA-1S,<p>Verb - Future Indicative Active - 1st Person Singular</p>,G5692,V-FIA,greek,greek_table:V-FAI:confirmed_by_allstrong,OK_DEF_MATCH,Futur / Active / Indicatif
V-FIA-2P,<p>Verb - Future Indicative Active - 2nd Person Plural</p>,G5692,V-FIA,greek,greek_table:V-FAI:confirmed_by_allstrong,OK_DEF_MATCH,Futur / Active / Indicatif
V-FIA-2S,<p>Verb - Future Indicative Active - 2nd Person Singular</p>,G5692,V-FIA,greek,greek_table:V-FAI:confirmed_by_allstrong,OK_DEF_MATCH,Futur / Active / Indicatif
V-FIA-3P,<p>Verb - Future Indicative Active - 3rd Person Plural</p>,G5692,V-FIA,greek,greek_table:V-FAI:confirmed_by_allstrong,OK_DEF_MATCH,Futur / Active / Indicatif
V-FIA-3S,<p>Verb - Future Indicative Active - 3rd Person Singular</p>,G5692,V-FIA,greek,greek_table:V-FAI:confirmed_by_allstrong,OK_DEF_MATCH,Futur / Active / Indicatif
V-FIM-1P,<p>Verb - Future Indicative Middle - 1st Person Plural</p>,G5698,V-FIM,greek,greek_table:V-FMI:confirmed_by_allstrong,OK_DEF_MATCH,Futur / Moyenne / Indicatif
V-FIM-1S,<p>Verb - Future Indicative Middle - 1st Person Singular</p>,G5698,V-FIM,greek,greek_table:V-FMI:confirmed_by_allstrong,OK_DEF_MATCH,Futur / Moyenne / Indicatif
V-FIM-2P,<p>Verb - Future Indicative Middle - 2nd Person Plural</p>,G5698,V-FIM,greek,greek_table:V-FMI:confirmed_by_allstrong,OK_DEF_MATCH,Futur / Moyenne / Indicatif
V-FIM-2S,<p>Verb - Future Indicative Middle - 2nd Person Singular</p>,G5698,V-FIM,greek,greek_table:V-FMI:confirmed_by_allstrong,OK_DEF_MATCH,Futur / Moyenne / Indicatif
V-FIM-3P,<p>Verb - Future Indicative Middle - 3rd Person Plural</p>,G5698,V-FIM,greek,greek_table:V-FMI:confirmed_by_allstrong,OK_DEF_MATCH,Futur / Moyenne / Indicatif
V-FIM-3S,<p>Verb - Future Indicative Middle - 3rd Person Singular</p>,G5698,V-FIM,greek,greek_table:V-FMI:confirmed_by_allstrong,OK_DEF_MATCH,Futur / Moyenne / Indicatif
V-FIM/P-2P,<p>Verb - Future Indicative Middle or Passive - 2nd Person Plural</p>,G5699,V-FIM/P,greek,allstrong_def_greek:Futur / Moyenne ou Passive Déponente / Indicatif,OK_DEF_MATCH,Futur / Moyenne ou Passive Déponente / Indicatif
V-FIP-1P,<p>Verb - Future Indicative Passive - 1st Person Plural</p>,G5701,V-FIP,greek,greek_table:V-FPI:confirmed_by_allstrong,OK_DEF_MATCH,Futur / Passive / Indicatif
V-FIP-1S,<p>Verb - Future Indicative Passive - 1st Person Singular</p>,G5701,V-FIP,greek,greek_table:V-FPI:confirmed_by_allstrong,OK_DEF_MATCH,Futur / Passive / Indicatif
V-FIP-2P,<p>Verb - Future Indicative Passive - 2nd Person Plural</p>,G5701,V-FIP,greek,greek_table:V-FPI:confirmed_by_allstrong,OK_DEF_MATCH,Futur / Passive / Indicatif
V-FIP-2S,<p>Verb - Future Indicative Passive - 2nd Person Singular</p>,G5701,V-FIP,greek,greek_table:V-FPI:confirmed_by_allstrong,OK_DEF_MATCH,Futur / Passive / Indicatif
V-FIP-3P,<p>Verb - Future Indicative Passive - 3rd Person Plural</p>,G5701,V-FIP,greek,greek_table:V-FPI:confirmed_by_allstrong,OK_DEF_MATCH,Futur / Passive / Indicatif
V-FIP-3S,<p>Verb - Future Indicative Passive - 3rd Person Singular</p>,G5701,V-FIP,greek,greek_table:V-FPI:confirmed_by_allstrong,OK_DEF_MATCH,Futur / Passive / Indicatif
V-FNA,<p>Verb - Future Infinitive Active</p>,G5693,V-FNA,greek,allstrong_def_greek:Futur / Active / Infinitif,OK_DEF_MATCH,Futur / Active / Infinitif
V-FNM,<p>Verb - Future Infinitive Middle</p>,G5696,V-FNM,greek,allstrong_def_greek:Futur / Moyenne Déponente / Infinitif,OK_DEF_MATCH,Futur / Moyenne Déponente / Infinitif
V-FPA-ANP,<p>Verb - Future Participle Active - Accusative Neuter Plural</p>,G5694,V-FPA,greek,allstrong_def_greek:Futur / Active / Participe,OK_DEF_MATCH,Futur / Active / Participe
V-FPA-NMP,<p>Verb - Future Participle Active - Nominative Masculine Plural</p>,G5694,V-FPA,greek,allstrong_def_greek:Futur / Active / Participe,OK_DEF_MATCH,Futur / Active / Participe
V-FPA-NMS,<p>Verb - Future Participle Active - Nominative Masculine Singular</p>,G5694,V-FPA,greek,allstrong_def_greek:Futur / Active / Participe,OK_DEF_MATCH,Futur / Active / Participe
V-FPM-ANS,<p>Verb - Future Participle Middle - Accusative Neuter Singular</p>,G5697,V-FPM,greek,allstrong_def_greek:Futur / Moyenne Déponente / Participe,OK_DEF_MATCH,Futur / Moyenne Déponente / Participe
V-FPP-GNP,<p>Verb - Future Participle Passive - Genitive Neuter Plural</p>,G5702,V-FPP,greek,allstrong_def_greek:Futur / Passive / Participe,OK_DEF_MATCH,Futur / Passive / Participe
V-Hifil-Imp-fp,<p>Verb - Hifil - Imperative - feminine plural</p>,H8685,V-Hifil-Imp,hebrew,allstrong_def_hebrew:hebrew_def:Hifil/impératif,OK_DEF_MATCH,Hifil / Impératif
V-Hifil-Imp-fs,<p>Verb - Hifil - Imperative - feminine singular</p>,H8685,V-Hifil-Imp,hebrew,allstrong_def_hebrew:hebrew_def:Hifil/impératif,OK_DEF_MATCH,Hifil / Impératif
V-Hifil-Imp-fs | 1cs,<p>Verb - Hifil - Imperative - feminine singular </p><p>+ first person common singular</p>,H8685,V-Hifil-Imp,hebrew,allstrong_def_hebrew:hebrew_def:Hifil/impératif,OK_DEF_MATCH,Hifil / Impératif
V-Hifil-Imp-mp,<p>Verb - Hifil - Imperative - masculine plural</p>,H8685,V-Hifil-Imp,hebrew,allstrong_def_hebrew:hebrew_def:Hifil/impératif,OK_DEF_MATCH,Hifil / Impératif
V-Hifil-Imp-mp | 1cp,<p>Verb - Hifil - Imperative - masculine plural </p><p>+ first person common plural</p>,H8685,V-Hifil-Imp,hebrew,allstrong_def_hebrew:hebrew_def:Hifil/impératif,OK_DEF_MATCH,Hifil / Impératif
V-Hifil-Imp-mp | 1cs,<p>Verb - Hifil - Imperative - masculine plural </p><p>+ first person common singular</p>,H8685,V-Hifil-Imp,hebrew,allstrong_def_hebrew:hebrew_def:Hifil/impératif,OK_DEF_MATCH,Hifil / Impératif
V-Hifil-Imp-mp | 3fs,<p>Verb - Hifil - Imperative - masculine plural </p><p>+ third person feminine singular</p>,H8685,V-Hifil-Imp,hebrew,allstrong_def_hebrew:hebrew_def:Hifil/impératif,OK_DEF_MATCH,Hifil / Impératif
V-Hifil-Imp-mp | 3mp,<p>Verb - Hifil - Imperative - masculine plural </p><p>+ third person masculine plural</p>,H8685,V-Hifil-Imp,hebrew,allstrong_def_hebrew:hebrew_def:Hifil/impératif,OK_DEF_MATCH,Hifil / Impératif
V-Hifil-Imp-mp | 3ms,<p>Verb - Hifil - Imperative - masculine plural </p><p>+ third person masculine singular</p>,H8685,V-Hifil-Imp,hebrew,allstrong_def_hebrew:hebrew_def:Hifil/impératif,OK_DEF_MATCH,Hifil / Impératif
V-Hifil-Imp-ms,<p>Verb - Hifil - Imperative - masculine singular</p>,H8685,V-Hifil-Imp,hebrew,allstrong_def_hebrew:hebrew_def:Hifil/impératif,OK_DEF_MATCH,Hifil / Impératif
V-Hifil-Imp-ms | 1cp,<p>Verb - Hifil - Imperative - masculine singular </p><p>+ first person common plural</p>,H8685,V-Hifil-Imp,hebrew,allstrong_def_hebrew:hebrew_def:Hifil/impératif,OK_DEF_MATCH,Hifil / Impératif
V-Hifil-Imp-ms | 1cs,<p>Verb - Hifil - Imperative - masculine singular </p><p>+ first person common singular</p>,H8685,V-Hifil-Imp,hebrew,allstrong_def_hebrew:hebrew_def:Hifil/impératif,OK_DEF_MATCH,Hifil / Impératif
V-Hifil-Imp-ms | 3fs,<p>Verb - Hifil - Imperative - masculine singular </p><p>+ third person feminine singular</p>,H8685,V-Hifil-Imp,hebrew,allstrong_def_hebrew:hebrew_def:Hifil/impératif,OK_DEF_MATCH,Hifil / Impératif
V-Hifil-Imp-ms | 3mp,<p>Verb - Hifil - Imperative - masculine singular </p><p>+ third person masculine plural</p>,H8685,V-Hifil-Imp,hebrew,allstrong_def_hebrew:hebrew_def:Hifil/impératif,OK_DEF_MATCH,Hifil / Impératif
V-Hifil-Imp-ms | 3ms,<p>Verb - Hifil - Imperative - masculine singular </p><p>+ third person masculine singular</p>,H8685,V-Hifil-Imp,hebrew,allstrong_def_hebrew:hebrew_def:Hifil/impératif,OK_DEF_MATCH,Hifil / Impératif
V-Hifil-Imperf-1cp,<p>Verb - Hifil - Imperfect - first person common plural</p>,H8686,V-Hifil-Imperf,hebrew,allstrong_def_hebrew:hebrew_def:Hifil/imparfait,OK_DEF_MATCH,Hifil / Imparfait
V-Hifil-Imperf-1cp | 2ms,<p>Verb - Hifil - Imperfect - first person common plural </p><p>+ second person masculine singular</p>,H8686,V-Hifil-Imperf,hebrew,allstrong_def_hebrew:hebrew_def:Hifil/imparfait,OK_DEF_MATCH,Hifil / Imparfait
V-Hifil-Imperf-1cs,<p>Verb - Hifil - Imperfect - first person common singular</p>,H8686,V-Hifil-Imperf,hebrew,allstrong_def_hebrew:hebrew_def:Hifil/imparfait,OK_DEF_MATCH,Hifil / Imparfait
V-Hifil-Imperf-1cs | 2fs,<p>Verb - Hifil - Imperfect - first person common singular </p><p>+ second person feminine singular</p>,H8686,V-Hifil-Imperf,hebrew,allstrong_def_hebrew:hebrew_def:Hifil/imparfait,OK_DEF_MATCH,Hifil / Imparfait
V-Hifil-Imperf-1cs | 2ms,<p>Verb - Hifil - Imperfect - first person common singular </p><p>+ second person masculine singular</p>,H8686,V-Hifil-Imperf,hebrew,allstrong_def_hebrew:hebrew_def:Hifil/imparfait,OK_DEF_MATCH,Hifil / Imparfait
V-Hifil-Imperf-1cs | 3fs,<p>Verb - Hifil - Imperfect - first person common singular </p><p>+ third person feminine singular</p>,H8686,V-Hifil-Imperf,hebrew,allstrong_def_hebrew:hebrew_def:Hifil/imparfait,OK_DEF_MATCH,Hifil / Imparfait
V-Hifil-Imperf-1cs | 3mp,<p>Verb - Hifil - Imperfect - first person common singular </p><p>+ third person masculine plural</p>,H8686,V-Hifil-Imperf,hebrew,allstrong_def_hebrew:hebrew_def:Hifil/imparfait,OK_DEF_MATCH,Hifil / Imparfait
V-Hifil-Imperf-1cs | 3ms,<p>Verb - Hifil - Imperfect - first person common singular </p><p>+ third person masculine singular</p>,H8686,V-Hifil-Imperf,hebrew,allstrong_def_hebrew:hebrew_def:Hifil/imparfait,OK_DEF_MATCH,Hifil / Imparfait
V-Hifil-Imperf-2fp,<p>Verb - Hifil - Imperfect - second person feminine plural</p>,H8686,V-Hifil-Imperf,hebrew,allstrong_def_hebrew:hebrew_def:Hifil/imparfait,OK_DEF_MATCH,Hifil / Imparfait
V-Hifil-Imperf-2fs,<p>Verb - Hifil - Imperfect - second person feminine singular</p>,H8686,V-Hifil-Imperf,hebrew,allstrong_def_hebrew:hebrew_def:Hifil/imparfait,OK_DEF_MATCH,Hifil / Imparfait
V-Hifil-Imperf-2mp,<p>Verb - Hifil - Imperfect - second person masculine plural</p>,H8686,V-Hifil-Imperf,hebrew,allstrong_def_hebrew:hebrew_def:Hifil/imparfait,OK_DEF_MATCH,Hifil / Imparfait
V-Hifil-Imperf-2mp | 1cs,<p>Verb - Hifil - Imperfect - second person masculine plural </p><p>+ first person common singular</p>,H8686,V-Hifil-Imperf,hebrew,allstrong_def_hebrew:hebrew_def:Hifil/imparfait,OK_DEF_MATCH,Hifil / Imparfait
V-Hifil-Imperf-2mp | 3fs,<p>Verb - Hifil - Imperfect - second person masculine plural </p><p>+ third person feminine singular</p>,H8686,V-Hifil-Imperf,hebrew,allstrong_def_hebrew:hebrew_def:Hifil/imparfait,OK_DEF_MATCH,Hifil / Imparfait
V-Hifil-Imperf-2mp | 3mp,<p>Verb - Hifil - Imperfect - second person masculine plural </p><p>+ third person masculine plural</p>,H8686,V-Hifil-Imperf,hebrew,allstrong_def_hebrew:hebrew_def:Hifil/imparfait,OK_DEF_MATCH,Hifil / Imparfait
V-Hifil-Imperf-2mp | 3ms,<p>Verb - Hifil - Imperfect - second person masculine plural </p><p>+ third person masculine singular</p>,H8686,V-Hifil-Imperf,hebrew,allstrong_def_hebrew:hebrew_def:Hifil/imparfait,OK_DEF_MATCH,Hifil / Imparfait
V-Hifil-Imperf-2mp | Pn,<p>Verb - Hifil - Imperfect - second person masculine plural </p><p>+ Paragogic nun</p>,H8686,V-Hifil-Imperf,hebrew,allstrong_def_hebrew:hebrew_def:Hifil/imparfait,OK_DEF_MATCH,Hifil / Imparfait
V-Hifil-Imperf-2ms,<p>Verb - Hifil - Imperfect - second person masculine singular</p>,H8686,V-Hifil-Imperf,hebrew,allstrong_def_hebrew:hebrew_def:Hifil/imparfait,OK_DEF_MATCH,Hifil / Imparfait
V-Hifil-Imperf-2ms | 1cp,<p>Verb - Hifil - Imperfect - second person masculine singular </p><p>+ first person common plural</p>,H8686,V-Hifil-Imperf,hebrew,allstrong_def_hebrew:hebrew_def:Hifil/imparfait,OK_DEF_MATCH,Hifil / Imparfait
V-Hifil-Imperf-2ms | 1cs,<p>Verb - Hifil - Imperfect - second person masculine singular </p><p>+ first person common singular</p>,H8686,V-Hifil-Imperf,hebrew,allstrong_def_hebrew:hebrew_def:Hifil/imparfait,OK_DEF_MATCH,Hifil / Imparfait
V-Hifil-Imperf-2ms | 3fs,<p>Verb - Hifil - Imperfect - second person masculine singular </p><p>+ third person feminine singular</p>,H8686,V-Hifil-Imperf,hebrew,allstrong_def_hebrew:hebrew_def:Hifil/imparfait,OK_DEF_MATCH,Hifil / Imparfait
V-Hifil-Imperf-2ms | 3mp,<p>Verb - Hifil - Imperfect - second person masculine singular </p><p>+ third person masculine plural</p>,H8686,V-Hifil-Imperf,hebrew,allstrong_def_hebrew:hebrew_def:Hifil/imparfait,OK_DEF_MATCH,Hifil / Imparfait
V-Hifil-Imperf-2ms | 3ms,<p>Verb - Hifil - Imperfect - second person masculine singular </p><p>+ third person masculine singular</p>,H8686,V-Hifil-Imperf,hebrew,allstrong_def_hebrew:hebrew_def:Hifil/imparfait,OK_DEF_MATCH,Hifil / Imparfait
V-Hifil-Imperf-3fp,<p>Verb - Hifil - Imperfect - third person feminine plural</p>,H8686,V-Hifil-Imperf,hebrew,allstrong_def_hebrew:hebrew_def:Hifil/imparfait,OK_DEF_MATCH,Hifil / Imparfait
V-Hifil-Imperf-3fp | 2fs,<p>Verb - Hifil - Imperfect - third person feminine plural </p><p>+ second person feminine singular</p>,H8686,V-Hifil-Imperf,hebrew,allstrong_def_hebrew:hebrew_def:Hifil/imparfait,OK_DEF_MATCH,Hifil / Imparfait
V-Hifil-Imperf-3fs,<p>Verb - Hifil - Imperfect - third person feminine singular</p>,H8686,V-Hifil-Imperf,hebrew,allstrong_def_hebrew:hebrew_def:Hifil/imparfait,OK_DEF_MATCH,Hifil / Imparfait
V-Hifil-Imperf-3fs | 1cp,<p>Verb - Hifil - Imperfect - third person feminine singular </p><p>+ first person common plural</p>,H8686,V-Hifil-Imperf,hebrew,allstrong_def_hebrew:hebrew_def:Hifil/imparfait,OK_DEF_MATCH,Hifil / Imparfait
V-Hifil-Imperf-3fs | 1cs,<p>Verb - Hifil - Imperfect - third person feminine singular </p><p>+ first person common singular</p>,H8686,V-Hifil-Imperf,hebrew,allstrong_def_hebrew:hebrew_def:Hifil/imparfait,OK_DEF_MATCH,Hifil / Imparfait
V-Hifil-Imperf-3fs | 2fs,<p>Verb - Hifil - Imperfect - third person feminine singular </p><p>+ second person feminine singular</p>,H8686,V-Hifil-Imperf,hebrew,allstrong_def_hebrew:hebrew_def:Hifil/imparfait,OK_DEF_MATCH,Hifil / Imparfait
V-Hifil-Imperf-3fs | 2ms,<p>Verb - Hifil - Imperfect - third person feminine singular </p><p>+ second person masculine singular</p>,H8686,V-Hifil-Imperf,hebrew,allstrong_def_hebrew:hebrew_def:Hifil/imparfait,OK_DEF_MATCH,Hifil / Imparfait
V-Hifil-Imperf-3fs | 3fs,<p>Verb - Hifil - Imperfect - third person feminine singular </p><p>+ third person feminine singular</p>,H8686,V-Hifil-Imperf,hebrew,allstrong_def_hebrew:hebrew_def:Hifil/imparfait,OK_DEF_MATCH,Hifil / Imparfait
V-Hifil-Imperf-3fs | 3mp,<p>Verb - Hifil - Imperfect - third person feminine singular </p><p>+ third person masculine plural</p>,H8686,V-Hifil-Imperf,hebrew,allstrong_def_hebrew:hebrew_def:Hifil/imparfait,OK_DEF_MATCH,Hifil / Imparfait
V-Hifil-Imperf-3fs | 3ms,<p>Verb - Hifil - Imperfect - third person feminine singular </p><p>+ third person masculine singular</p>,H8686,V-Hifil-Imperf,hebrew,allstrong_def_hebrew:hebrew_def:Hifil/imparfait,OK_DEF_MATCH,Hifil / Imparfait
V-Hifil-Imperf-3mp,<p>Verb - Hifil - Imperfect - third person masculine plural</p>,H8686,V-Hifil-Imperf,hebrew,allstrong_def_hebrew:hebrew_def:Hifil/imparfait,OK_DEF_MATCH,Hifil / Imparfait
V-Hifil-Imperf-3mp | 1cp,<p>Verb - Hifil - Imperfect - third person masculine plural </p><p>+ first person common plural</p>,H8686,V-Hifil-Imperf,hebrew,allstrong_def_hebrew:hebrew_def:Hifil/imparfait,OK_DEF_MATCH,Hifil / Imparfait
V-Hifil-Imperf-3mp | 1cs,<p>Verb - Hifil - Imperfect - third person masculine plural </p><p>+ first person common singular</p>,H8686,V-Hifil-Imperf,hebrew,allstrong_def_hebrew:hebrew_def:Hifil/imparfait,OK_DEF_MATCH,Hifil / Imparfait
V-Hifil-Imperf-3mp | 2fs,<p>Verb - Hifil - Imperfect - third person masculine plural </p><p>+ second person feminine singular</p>,H8686,V-Hifil-Imperf,hebrew,allstrong_def_hebrew:hebrew_def:Hifil/imparfait,OK_DEF_MATCH,Hifil / Imparfait
V-Hifil-Imperf-3mp | 2ms,<p>Verb - Hifil - Imperfect - third person masculine plural </p><p>+ second person masculine singular</p>,H8686,V-Hifil-Imperf,hebrew,allstrong_def_hebrew:hebrew_def:Hifil/imparfait,OK_DEF_MATCH,Hifil / Imparfait
V-Hifil-Imperf-3mp | 3fs,<p>Verb - Hifil - Imperfect - third person masculine plural </p><p>+ third person feminine singular</p>,H8686,V-Hifil-Imperf,hebrew,allstrong_def_hebrew:hebrew_def:Hifil/imparfait,OK_DEF_MATCH,Hifil / Imparfait
V-Hifil-Imperf-3mp | 3mp,<p>Verb - Hifil - Imperfect - third person masculine plural </p><p>+ third person masculine plural</p>,H8686,V-Hifil-Imperf,hebrew,allstrong_def_hebrew:hebrew_def:Hifil/imparfait,OK_DEF_MATCH,Hifil / Imparfait
V-Hifil-Imperf-3mp | 3ms,<p>Verb - Hifil - Imperfect - third person masculine plural </p><p>+ third person masculine singular</p>,H8686,V-Hifil-Imperf,hebrew,allstrong_def_hebrew:hebrew_def:Hifil/imparfait,OK_DEF_MATCH,Hifil / Imparfait
V-Hifil-Imperf-3mp | Pn,<p>Verb - Hifil - Imperfect - third person masculine plural </p><p>+ Paragogic nun</p>,H8686,V-Hifil-Imperf,hebrew,allstrong_def_hebrew:hebrew_def:Hifil/imparfait,OK_DEF_MATCH,Hifil / Imparfait
V-Hifil-Imperf-3ms,<p>Verb - Hifil - Imperfect - third person masculine singular</p>,H8686,V-Hifil-Imperf,hebrew,allstrong_def_hebrew:hebrew_def:Hifil/imparfait,OK_DEF_MATCH,Hifil / Imparfait
V-Hifil-Imperf-3ms | 1cp,<p>Verb - Hifil - Imperfect - third person masculine singular </p><p>+ first person common plural</p>,H8686,V-Hifil-Imperf,hebrew,allstrong_def_hebrew:hebrew_def:Hifil/imparfait,OK_DEF_MATCH,Hifil / Imparfait
V-Hifil-Imperf-3ms | 1cs,<p>Verb - Hifil - Imperfect - third person masculine singular </p><p>+ first person common singular</p>,H8686,V-Hifil-Imperf,hebrew,allstrong_def_hebrew:hebrew_def:Hifil/imparfait,OK_DEF_MATCH,Hifil / Imparfait
V-Hifil-Imperf-3ms | 1cse,<p>Verb - Hifil - Imperfect - third person masculine singular </p><p>+ first person common singular</p>,H8686,V-Hifil-Imperf,hebrew,allstrong_def_hebrew:hebrew_def:Hifil/imparfait,OK_DEF_MATCH,Hifil / Imparfait
V-Hifil-Imperf-3ms | 2fs,<p>Verb - Hifil - Imperfect - third person masculine singular </p><p>+ second person feminine singular</p>,H8686,V-Hifil-Imperf,hebrew,allstrong_def_hebrew:hebrew_def:Hifil/imparfait,OK_DEF_MATCH,Hifil / Imparfait
V-Hifil-Imperf-3ms | 2ms,<p>Verb - Hifil - Imperfect - third person masculine singular </p><p>+ second person masculine singular</p>,H8686,V-Hifil-Imperf,hebrew,allstrong_def_hebrew:hebrew_def:Hifil/imparfait,OK_DEF_MATCH,Hifil / Imparfait
V-Hifil-Imperf-3ms | 3fp,<p>Verb - Hifil - Imperfect - third person masculine singular </p><p>+ third person feminine plural</p>,H8686,V-Hifil-Imperf,hebrew,allstrong_def_hebrew:hebrew_def:Hifil/imparfait,OK_DEF_MATCH,Hifil / Imparfait
V-Hifil-Imperf-3ms | 3fs,<p>Verb - Hifil - Imperfect - third person masculine singular </p><p>+ third person feminine singular</p>,H8686,V-Hifil-Imperf,hebrew,allstrong_def_hebrew:hebrew_def:Hifil/imparfait,OK_DEF_MATCH,Hifil / Imparfait
V-Hifil-Imperf-3ms | 3mp,<p>Verb - Hifil - Imperfect - third person masculine singular </p><p>+ third person masculine plural</p>,H8686,V-Hifil-Imperf,hebrew,allstrong_def_hebrew:hebrew_def:Hifil/imparfait,OK_DEF_MATCH,Hifil / Imparfait
V-Hifil-Imperf-3ms | 3ms,<p>Verb - Hifil - Imperfect - third person masculine singular </p><p>+ third person masculine singular</p>,H8686,V-Hifil-Imperf,hebrew,allstrong_def_hebrew:hebrew_def:Hifil/imparfait,OK_DEF_MATCH,Hifil / Imparfait
V-Hifil-Imperf.Cohort-1cp,<p>Verb - Hifil - Imperfect Cohortative - first person common plural</p>,H8686,V-Hifil-Imperf,hebrew,allstrong_def_hebrew:hebrew_def:Hifil/imparfait,OK_DEF_MATCH,Hifil / Imparfait
V-Hifil-Imperf.Cohort-1cs,<p>Verb - Hifil - Imperfect Cohortative - first person common singular</p>,H8686,V-Hifil-Imperf,hebrew,allstrong_def_hebrew:hebrew_def:Hifil/imparfait,OK_DEF_MATCH,Hifil / Imparfait
V-Hifil-Imperf.Cohort-3ms,<p>Verb - Hifil - Imperfect Cohortative - third person masculine singular</p>,H8686,V-Hifil-Imperf,hebrew,allstrong_def_hebrew:hebrew_def:Hifil/imparfait,OK_DEF_MATCH,Hifil / Imparfait
V-Hifil-Imperf.h-1cp,<p>Verb - Hifil - Imperfect Cohortative if contextual - first person common plural</p>,H8686,V-Hifil-Imperf,hebrew,allstrong_def_hebrew:hebrew_def:Hifil/imparfait,OK_DEF_MATCH,Hifil / Imparfait
V-Hifil-Imperf.h-1cp | 3ms,<p>Verb - Hifil - Imperfect Cohortative if contextual - first person common plural </p><p>+ third person masculine singular</p>,H8686,V-Hifil-Imperf,hebrew,allstrong_def_hebrew:hebrew_def:Hifil/imparfait,OK_DEF_MATCH,Hifil / Imparfait
V-Hifil-Imperf.h-1cs,<p>Verb - Hifil - Imperfect Cohortative if contextual - first person common singular</p>,H8686,V-Hifil-Imperf,hebrew,allstrong_def_hebrew:hebrew_def:Hifil/imparfait,OK_DEF_MATCH,Hifil / Imparfait
V-Hifil-Imperf.h-1cs | 2ms,<p>Verb - Hifil - Imperfect Cohortative if contextual - first person common singular </p><p>+ second person masculine singular</p>,H8686,V-Hifil-Imperf,hebrew,allstrong_def_hebrew:hebrew_def:Hifil/imparfait,OK_DEF_MATCH,Hifil / Imparfait
V-Hifil-Imperf.h-1cs | 3fs,<p>Verb - Hifil - Imperfect Cohortative if contextual - first person common singular </p><p>+ third person feminine singular</p>,H8686,V-Hifil-Imperf,hebrew,allstrong_def_hebrew:hebrew_def:Hifil/imparfait,OK_DEF_MATCH,Hifil / Imparfait
V-Hifil-Imperf.h-1cs | 3mp,<p>Verb - Hifil - Imperfect Cohortative if contextual - first person common singular </p><p>+ third person masculine plural</p>,H8686,V-Hifil-Imperf,hebrew,allstrong_def_hebrew:hebrew_def:Hifil/imparfait,OK_DEF_MATCH,Hifil / Imparfait
V-Hifil-Imperf.h-1cs | 3ms,<p>Verb - Hifil - Imperfect Cohortative if contextual - first person common singular </p><p>+ third person masculine singular</p>,H8686,V-Hifil-Imperf,hebrew,allstrong_def_hebrew:hebrew_def:Hifil/imparfait,OK_DEF_MATCH,Hifil / Imparfait
V-Hifil-Imperf.Jus-1cp,<p>Verb - Hifil - Imperfect Jussive - first person common plural</p>,H8686,V-Hifil-Imperf,hebrew,allstrong_def_hebrew:hebrew_def:Hifil/imparfait,OK_DEF_MATCH,Hifil / Imparfait
V-Hifil-Imperf.Jus-1cs,<p>Verb - Hifil - Imperfect Jussive - first person common singular</p>,H8686,V-Hifil-Imperf,hebrew,allstrong_def_hebrew:hebrew_def:Hifil/imparfait,OK_DEF_MATCH,Hifil / Imparfait
V-Hifil-Imperf.Jus-2ms,<p>Verb - Hifil - Imperfect Jussive - second person masculine singular</p>,H8686,V-Hifil-Imperf,hebrew,allstrong_def_hebrew:hebrew_def:Hifil/imparfait,OK_DEF_MATCH,Hifil / Imparfait
V-Hifil-Imperf.Jus-3fs,<p>Verb - Hifil - Imperfect Jussive - third person feminine singular</p>,H8686,V-Hifil-Imperf,hebrew,allstrong_def_hebrew:hebrew_def:Hifil/imparfait,OK_DEF_MATCH,Hifil / Imparfait
V-Hifil-Imperf.Jus-3ms,<p>Verb - Hifil - Imperfect Jussive - third person masculine singular</p>,H8686,V-Hifil-Imperf,hebrew,allstrong_def_hebrew:hebrew_def:Hifil/imparfait,OK_DEF_MATCH,Hifil / Imparfait
V-Hifil-Imperf.Jus-3ms | 2ms,<p>Verb - Hifil - Imperfect Jussive - third person masculine singular </p><p>+ second person masculine singular</p>,H8686,V-Hifil-Imperf,hebrew,allstrong_def_hebrew:hebrew_def:Hifil/imparfait,OK_DEF_MATCH,Hifil / Imparfait
V-Hifil-Inf,<p>Verb - Hifil - Infinitive construct</p>,H8687,V-Hifil-Inf,hebrew,allstrong_def_hebrew:hebrew_def:Hifil/infinitif,OK_DEF_MATCH,Hifil / Infinitif
V-Hifil-Inf | 1cp,<p>Verb - Hifil - Infinitive construct </p><p>+ first person common plural</p>,H8687,V-Hifil-Inf,hebrew,allstrong_def_hebrew:hebrew_def:Hifil/infinitif,OK_DEF_MATCH,Hifil / Infinitif
V-Hifil-Inf | 1cs,<p>Verb - Hifil - Infinitive construct </p><p>+ first person common singular</p>,H8687,V-Hifil-Inf,hebrew,allstrong_def_hebrew:hebrew_def:Hifil/infinitif,OK_DEF_MATCH,Hifil / Infinitif
V-Hifil-Inf | 2mp,<p>Verb - Hifil - Infinitive construct </p><p>+ second person masculine plural</p>,H8687,V-Hifil-Inf,hebrew,allstrong_def_hebrew:hebrew_def:Hifil/infinitif,OK_DEF_MATCH,Hifil / Infinitif
V-Hifil-Inf | 2ms,<p>Verb - Hifil - Infinitive construct </p><p>+ second person masculine singular</p>,H8687,V-Hifil-Inf,hebrew,allstrong_def_hebrew:hebrew_def:Hifil/infinitif,OK_DEF_MATCH,Hifil / Infinitif
V-Hifil-Inf | 3fs,<p>Verb - Hifil - Infinitive construct </p><p>+ third person feminine singular</p>,H8687,V-Hifil-Inf,hebrew,allstrong_def_hebrew:hebrew_def:Hifil/infinitif,OK_DEF_MATCH,Hifil / Infinitif
V-Hifil-Inf | 3mp,<p>Verb - Hifil - Infinitive construct </p><p>+ third person masculine plural</p>,H8687,V-Hifil-Inf,hebrew,allstrong_def_hebrew:hebrew_def:Hifil/infinitif,OK_DEF_MATCH,Hifil / Infinitif
V-Hifil-Inf | 3ms,<p>Verb - Hifil - Infinitive construct </p><p>+ third person masculine singular</p>,H8687,V-Hifil-Inf,hebrew,allstrong_def_hebrew:hebrew_def:Hifil/infinitif,OK_DEF_MATCH,Hifil / Infinitif
V-Hifil-InfAbs,<p>Verb - Hifil - Infinitive absolute</p>,H8687,V-Hifil-Inf,hebrew,allstrong_def_hebrew:hebrew_def:Hifil/infinitif,OK_DEF_MATCH,Hifil / Infinitif
V-Hifil-Perf-1cp,<p>Verb - Hifil - Perfect - first person common plural</p>,H8689,V-Hifil-Perf,hebrew,allstrong_def_hebrew:hebrew_def:Hifil/parfait,OK_DEF_MATCH,Hifil / Parfait
V-Hifil-Perf-1cp | 3mp,<p>Verb - Hifil - Perfect - first person common plural </p><p>+ third person masculine plural</p>,H8689,V-Hifil-Perf,hebrew,allstrong_def_hebrew:hebrew_def:Hifil/parfait,OK_DEF_MATCH,Hifil / Parfait
V-Hifil-Perf-1cs,<p>Verb - Hifil - Perfect - first person common singular</p>,H8689,V-Hifil-Perf,hebrew,allstrong_def_hebrew:hebrew_def:Hifil/parfait,OK_DEF_MATCH,Hifil / Parfait
V-Hifil-Perf-1cs | 2fs,<p>Verb - Hifil - Perfect - first person common singular </p><p>+ second person feminine singular</p>,H8689,V-Hifil-Perf,hebrew,allstrong_def_hebrew:hebrew_def:Hifil/parfait,OK_DEF_MATCH,Hifil / Parfait
V-Hifil-Perf-1cs | 2ms,<p>Verb - Hifil - Perfect - first person common singular </p><p>+ second person masculine singular</p>,H8689,V-Hifil-Perf,hebrew,allstrong_def_hebrew:hebrew_def:Hifil/parfait,OK_DEF_MATCH,Hifil / Parfait
V-Hifil-Perf-1cs | 3fs,<p>Verb - Hifil - Perfect - first person common singular </p><p>+ third person feminine singular</p>,H8689,V-Hifil-Perf,hebrew,allstrong_def_hebrew:hebrew_def:Hifil/parfait,OK_DEF_MATCH,Hifil / Parfait
V-Hifil-Perf-1cs | 3mp,<p>Verb - Hifil - Perfect - first person common singular </p><p>+ third person masculine plural</p>,H8689,V-Hifil-Perf,hebrew,allstrong_def_hebrew:hebrew_def:Hifil/parfait,OK_DEF_MATCH,Hifil / Parfait
V-Hifil-Perf-1cs | 3ms,<p>Verb - Hifil - Perfect - first person common singular </p><p>+ third person masculine singular</p>,H8689,V-Hifil-Perf,hebrew,allstrong_def_hebrew:hebrew_def:Hifil/parfait,OK_DEF_MATCH,Hifil / Parfait
V-Hifil-Perf-2fs,<p>Verb - Hifil - Perfect - second person feminine singular</p>,H8689,V-Hifil-Perf,hebrew,allstrong_def_hebrew:hebrew_def:Hifil/parfait,OK_DEF_MATCH,Hifil / Parfait
V-Hifil-Perf-2fs | 1cp,<p>Verb - Hifil - Perfect - second person feminine singular </p><p>+ first person common plural</p>,H8689,V-Hifil-Perf,hebrew,allstrong_def_hebrew:hebrew_def:Hifil/parfait,OK_DEF_MATCH,Hifil / Parfait
V-Hifil-Perf-2fs | 1cs,<p>Verb - Hifil - Perfect - second person feminine singular </p><p>+ first person common singular</p>,H8689,V-Hifil-Perf,hebrew,allstrong_def_hebrew:hebrew_def:Hifil/parfait,OK_DEF_MATCH,Hifil / Parfait
V-Hifil-Perf-2mp,<p>Verb - Hifil - Perfect - second person masculine plural</p>,H8689,V-Hifil-Perf,hebrew,allstrong_def_hebrew:hebrew_def:Hifil/parfait,OK_DEF_MATCH,Hifil / Parfait
V-Hifil-Perf-2mp | 1cp,<p>Verb - Hifil - Perfect - second person masculine plural </p><p>+ first person common plural</p>,H8689,V-Hifil-Perf,hebrew,allstrong_def_hebrew:hebrew_def:Hifil/parfait,OK_DEF_MATCH,Hifil / Parfait
V-Hifil-Perf-2ms,<p>Verb - Hifil - Perfect - second person masculine singular</p>,H8689,V-Hifil-Perf,hebrew,allstrong_def_hebrew:hebrew_def:Hifil/parfait,OK_DEF_MATCH,Hifil / Parfait
V-Hifil-Perf-2ms | 1cp,<p>Verb - Hifil - Perfect - second person masculine singular </p><p>+ first person common plural</p>,H8689,V-Hifil-Perf,hebrew,allstrong_def_hebrew:hebrew_def:Hifil/parfait,OK_DEF_MATCH,Hifil / Parfait
V-Hifil-Perf-2ms | 1cs,<p>Verb - Hifil - Perfect - second person masculine singular </p><p>+ first person common singular</p>,H8689,V-Hifil-Perf,hebrew,allstrong_def_hebrew:hebrew_def:Hifil/parfait,OK_DEF_MATCH,Hifil / Parfait
V-Hifil-Perf-2ms | 3mp,<p>Verb - Hifil - Perfect - second person masculine singular </p><p>+ third person masculine plural</p>,H8689,V-Hifil-Perf,hebrew,allstrong_def_hebrew:hebrew_def:Hifil/parfait,OK_DEF_MATCH,Hifil / Parfait
V-Hifil-Perf-2ms | 3ms,<p>Verb - Hifil - Perfect - second person masculine singular </p><p>+ third person masculine singular</p>,H8689,V-Hifil-Perf,hebrew,allstrong_def_hebrew:hebrew_def:Hifil/parfait,OK_DEF_MATCH,Hifil / Parfait
V-Hifil-Perf-3cp,<p>Verb - Hifil - Perfect - third person common plural</p>,H8689,V-Hifil-Perf,hebrew,allstrong_def_hebrew:hebrew_def:Hifil/parfait,OK_DEF_MATCH,Hifil / Parfait
V-Hifil-Perf-3cp | 1cs,<p>Verb - Hifil - Perfect - third person common plural </p><p>+ first person common singular</p>,H8689,V-Hifil-Perf,hebrew,allstrong_def_hebrew:hebrew_def:Hifil/parfait,OK_DEF_MATCH,Hifil / Parfait
V-Hifil-Perf-3cp | 2fs,<p>Verb - Hifil - Perfect - third person common plural </p><p>+ second person feminine singular</p>,H8689,V-Hifil-Perf,hebrew,allstrong_def_hebrew:hebrew_def:Hifil/parfait,OK_DEF_MATCH,Hifil / Parfait
V-Hifil-Perf-3cp | 2ms,<p>Verb - Hifil - Perfect - third person common plural </p><p>+ second person masculine singular</p>,H8689,V-Hifil-Perf,hebrew,allstrong_def_hebrew:hebrew_def:Hifil/parfait,OK_DEF_MATCH,Hifil / Parfait
V-Hifil-Perf-3cp | 3fs,<p>Verb - Hifil - Perfect - third person common plural </p><p>+ third person feminine singular</p>,H8689,V-Hifil-Perf,hebrew,allstrong_def_hebrew:hebrew_def:Hifil/parfait,OK_DEF_MATCH,Hifil / Parfait
V-Hifil-Perf-3cp | 3mp,<p>Verb - Hifil - Perfect - third person common plural </p><p>+ third person masculine plural</p>,H8689,V-Hifil-Perf,hebrew,allstrong_def_hebrew:hebrew_def:Hifil/parfait,OK_DEF_MATCH,Hifil / Parfait
V-Hifil-Perf-3cp | 3ms,<p>Verb - Hifil - Perfect - third person common plural </p><p>+ third person masculine singular</p>,H8689,V-Hifil-Perf,hebrew,allstrong_def_hebrew:hebrew_def:Hifil/parfait,OK_DEF_MATCH,Hifil / Parfait
V-Hifil-Perf-3fs,<p>Verb - Hifil - Perfect - third person feminine singular</p>,H8689,V-Hifil-Perf,hebrew,allstrong_def_hebrew:hebrew_def:Hifil/parfait,OK_DEF_MATCH,Hifil / Parfait
V-Hifil-Perf-3fs | 1cp,<p>Verb - Hifil - Perfect - third person feminine singular </p><p>+ first person common plural</p>,H8689,V-Hifil-Perf,hebrew,allstrong_def_hebrew:hebrew_def:Hifil/parfait,OK_DEF_MATCH,Hifil / Parfait
V-Hifil-Perf-3fs | 1cs,<p>Verb - Hifil - Perfect - third person feminine singular </p><p>+ first person common singular</p>,H8689,V-Hifil-Perf,hebrew,allstrong_def_hebrew:hebrew_def:Hifil/parfait,OK_DEF_MATCH,Hifil / Parfait
V-Hifil-Perf-3fs | 3mp,<p>Verb - Hifil - Perfect - third person feminine singular </p><p>+ third person masculine plural</p>,H8689,V-Hifil-Perf,hebrew,allstrong_def_hebrew:hebrew_def:Hifil/parfait,OK_DEF_MATCH,Hifil / Parfait
V-Hifil-Perf-3fs | 3ms,<p>Verb - Hifil - Perfect - third person feminine singular </p><p>+ third person masculine singular</p>,H8689,V-Hifil-Perf,hebrew,allstrong_def_hebrew:hebrew_def:Hifil/parfait,OK_DEF_MATCH,Hifil / Parfait
V-Hifil-Perf-3ms,<p>Verb - Hifil - Perfect - third person masculine singular</p>,H8689,V-Hifil-Perf,hebrew,allstrong_def_hebrew:hebrew_def:Hifil/parfait,OK_DEF_MATCH,Hifil / Parfait
V-Hifil-Perf-3ms | 1cp,<p>Verb - Hifil - Perfect - third person masculine singular </p><p>+ first person common plural</p>,H8689,V-Hifil-Perf,hebrew,allstrong_def_hebrew:hebrew_def:Hifil/parfait,OK_DEF_MATCH,Hifil / Parfait
V-Hifil-Perf-3ms | 1cs,<p>Verb - Hifil - Perfect - third person masculine singular </p><p>+ first person common singular</p>,H8689,V-Hifil-Perf,hebrew,allstrong_def_hebrew:hebrew_def:Hifil/parfait,OK_DEF_MATCH,Hifil / Parfait
V-Hifil-Perf-3ms | 2fs,<p>Verb - Hifil - Perfect - third person masculine singular </p><p>+ second person feminine singular</p>,H8689,V-Hifil-Perf,hebrew,allstrong_def_hebrew:hebrew_def:Hifil/parfait,OK_DEF_MATCH,Hifil / Parfait
V-Hifil-Perf-3ms | 2ms,<p>Verb - Hifil - Perfect - third person masculine singular </p><p>+ second person masculine singular</p>,H8689,V-Hifil-Perf,hebrew,allstrong_def_hebrew:hebrew_def:Hifil/parfait,OK_DEF_MATCH,Hifil / Parfait
V-Hifil-Perf-3ms | 3fs,<p>Verb - Hifil - Perfect - third person masculine singular </p><p>+ third person feminine singular</p>,H8689,V-Hifil-Perf,hebrew,allstrong_def_hebrew:hebrew_def:Hifil/parfait,OK_DEF_MATCH,Hifil / Parfait
V-Hifil-Perf-3ms | 3mp,<p>Verb - Hifil - Perfect - third person masculine singular </p><p>+ third person masculine plural</p>,H8689,V-Hifil-Perf,hebrew,allstrong_def_hebrew:hebrew_def:Hifil/parfait,OK_DEF_MATCH,Hifil / Parfait
V-Hifil-Perf-3ms | 3ms,<p>Verb - Hifil - Perfect - third person masculine singular </p><p>+ third person masculine singular</p>,H8689,V-Hifil-Perf,hebrew,allstrong_def_hebrew:hebrew_def:Hifil/parfait,OK_DEF_MATCH,Hifil / Parfait
V-Hifil-Prtcpl-fp,<p>Verb - Hifil - Participle - feminine plural</p>,H8688,V-Hifil-Prtcpl,hebrew,allstrong_def_hebrew:hebrew_def:Hifil/participe,OK_DEF_MATCH,Hifil / Participe
V-Hifil-Prtcpl-fpc | 2fs,<p>Verb - Hifil - Participle - feminine plural construct </p><p>+ second person feminine singular</p>,H8688,V-Hifil-Prtcpl,hebrew,allstrong_def_hebrew:hebrew_def:Hifil/participe,OK_DEF_MATCH,Hifil / Participe
V-Hifil-Prtcpl-fs,<p>Verb - Hifil - Participle - feminine singular</p>,H8688,V-Hifil-Prtcpl,hebrew,allstrong_def_hebrew:hebrew_def:Hifil/participe,OK_DEF_MATCH,Hifil / Participe
V-Hifil-Prtcpl-fsc,<p>Verb - Hifil - Participle - feminine singular construct</p>,H8688,V-Hifil-Prtcpl,hebrew,allstrong_def_hebrew:hebrew_def:Hifil/participe,OK_DEF_MATCH,Hifil / Participe
V-Hifil-Prtcpl-fsc | 3fs,<p>Verb - Hifil - Participle - feminine singular construct </p><p>+ third person feminine singular</p>,H8688,V-Hifil-Prtcpl,hebrew,allstrong_def_hebrew:hebrew_def:Hifil/participe,OK_DEF_MATCH,Hifil / Participe
V-Hifil-Prtcpl-fsc | 3ms,<p>Verb - Hifil - Participle - feminine singular construct </p><p>+ third person masculine singular</p>,H8688,V-Hifil-Prtcpl,hebrew,allstrong_def_hebrew:hebrew_def:Hifil/participe,OK_DEF_MATCH,Hifil / Participe
V-Hifil-Prtcpl-mp,<p>Verb - Hifil - Participle - masculine plural</p>,H8688,V-Hifil-Prtcpl,hebrew,allstrong_def_hebrew:hebrew_def:Hifil/participe,OK_DEF_MATCH,Hifil / Participe
V-Hifil-Prtcpl-mpc,<p>Verb - Hifil - Participle - masculine plural construct</p>,H8688,V-Hifil-Prtcpl,hebrew,allstrong_def_hebrew:hebrew_def:Hifil/participe,OK_DEF_MATCH,Hifil / Participe
V-Hifil-Prtcpl-mpc | 1cs,<p>Verb - Hifil - Participle - masculine plural construct </p><p>+ first person common singular</p>,H8688,V-Hifil-Prtcpl,hebrew,allstrong_def_hebrew:hebrew_def:Hifil/participe,OK_DEF_MATCH,Hifil / Participe
V-Hifil-Prtcpl-mpc | 2fs,<p>Verb - Hifil - Participle - masculine plural construct </p><p>+ second person feminine singular</p>,H8688,V-Hifil-Prtcpl,hebrew,allstrong_def_hebrew:hebrew_def:Hifil/participe,OK_DEF_MATCH,Hifil / Participe
V-Hifil-Prtcpl-mpc | 3ms,<p>Verb - Hifil - Participle - masculine plural construct </p><p>+ third person masculine singular</p>,H8688,V-Hifil-Prtcpl,hebrew,allstrong_def_hebrew:hebrew_def:Hifil/participe,OK_DEF_MATCH,Hifil / Participe
V-Hifil-Prtcpl-ms,<p>Verb - Hifil - Participle - masculine singular</p>,H8688,V-Hifil-Prtcpl,hebrew,allstrong_def_hebrew:hebrew_def:Hifil/participe,OK_DEF_MATCH,Hifil / Participe
V-Hifil-Prtcpl-msc,<p>Verb - Hifil - Participle - masculine singular construct</p>,H8688,V-Hifil-Prtcpl,hebrew,allstrong_def_hebrew:hebrew_def:Hifil/participe,OK_DEF_MATCH,Hifil / Participe
V-Hifil-Prtcpl-msc | 1cs,<p>Verb - Hifil - Participle - masculine singular construct </p><p>+ first person common singular</p>,H8688,V-Hifil-Prtcpl,hebrew,allstrong_def_hebrew:hebrew_def:Hifil/participe,OK_DEF_MATCH,Hifil / Participe
V-Hifil-Prtcpl-msc | 2fs,<p>Verb - Hifil - Participle - masculine singular construct </p><p>+ second person feminine singular</p>,H8688,V-Hifil-Prtcpl,hebrew,allstrong_def_hebrew:hebrew_def:Hifil/participe,OK_DEF_MATCH,Hifil / Participe
V-Hifil-Prtcpl-msc | 2mp,<p>Verb - Hifil - Participle - masculine singular construct </p><p>+ second person masculine plural</p>,H8688,V-Hifil-Prtcpl,hebrew,allstrong_def_hebrew:hebrew_def:Hifil/participe,OK_DEF_MATCH,Hifil / Participe
V-Hifil-Prtcpl-msc | 2ms,<p>Verb - Hifil - Participle - masculine singular construct </p><p>+ second person masculine singular</p>,H8688,V-Hifil-Prtcpl,hebrew,allstrong_def_hebrew:hebrew_def:Hifil/participe,OK_DEF_MATCH,Hifil / Participe
V-Hifil-Prtcpl-msc | 3fs,<p>Verb - Hifil - Participle - masculine singular construct </p><p>+ third person feminine singular</p>,H8688,V-Hifil-Prtcpl,hebrew,allstrong_def_hebrew:hebrew_def:Hifil/participe,OK_DEF_MATCH,Hifil / Participe
V-Hifil-Prtcpl-msc | 3mp,<p>Verb - Hifil - Participle - masculine singular construct </p><p>+ third person masculine plural</p>,H8688,V-Hifil-Prtcpl,hebrew,allstrong_def_hebrew:hebrew_def:Hifil/participe,OK_DEF_MATCH,Hifil / Participe
V-Hifil-Prtcpl-msc | 3ms,<p>Verb - Hifil - Participle - masculine singular construct </p><p>+ third person masculine singular</p>,H8688,V-Hifil-Prtcpl,hebrew,allstrong_def_hebrew:hebrew_def:Hifil/participe,OK_DEF_MATCH,Hifil / Participe
V-Hitpael-Imp-fs,<p>Verb - Hitpael - Imperative - feminine singular</p>,H8690,V-Hitpael-Imp,hebrew,allstrong_def_hebrew:hebrew_def:Hitpael/impératif,OK_DEF_MATCH,Hitpael / Impératif
V-Hitpael-Imp-mp,<p>Verb - Hitpael - Imperative - masculine plural</p>,H8690,V-Hitpael-Imp,hebrew,allstrong_def_hebrew:hebrew_def:Hitpael/impératif,OK_DEF_MATCH,Hitpael / Impératif
V-Hitpael-Imp-ms,<p>Verb - Hitpael - Imperative - masculine singular</p>,H8690,V-Hitpael-Imp,hebrew,allstrong_def_hebrew:hebrew_def:Hitpael/impératif,OK_DEF_MATCH,Hitpael / Impératif
V-Hitpael-Imp-ms | 3fs,<p>Verb - Hitpael - Imperative - masculine singular </p><p>+ third person feminine singular</p>,H8690,V-Hitpael-Imp,hebrew,allstrong_def_hebrew:hebrew_def:Hitpael/impératif,OK_DEF_MATCH,Hitpael / Impératif
V-Hitpael-Imperf-1cp,<p>Verb - Hitpael - Imperfect - first person common plural</p>,H8691,V-Hitpael-Imperf,hebrew,allstrong_def_hebrew:hebrew_def:Hitpael/imparfait,OK_DEF_MATCH,Hitpael / Imparfait
V-Hitpael-Imperf-1cs,<p>Verb - Hitpael - Imperfect - first person common singular</p>,H8691,V-Hitpael-Imperf,hebrew,allstrong_def_hebrew:hebrew_def:Hitpael/imparfait,OK_DEF_MATCH,Hitpael / Imparfait
V-Hitpael-Imperf-1cs | 3mp,<p>Verb - Hitpael - Imperfect - first person common singular </p><p>+ third person masculine plural</p>,H8691,V-Hitpael-Imperf,hebrew,allstrong_def_hebrew:hebrew_def:Hitpael/imparfait,OK_DEF_MATCH,Hitpael / Imparfait
V-Hitpael-Imperf-2fs,<p>Verb - Hitpael - Imperfect - second person feminine singular</p>,H8691,V-Hitpael-Imperf,hebrew,allstrong_def_hebrew:hebrew_def:Hitpael/imparfait,OK_DEF_MATCH,Hitpael / Imparfait
V-Hitpael-Imperf-2fs | Pn,<p>Verb - Hitpael - Imperfect - second person feminine singular </p><p>+ Paragogic nun</p>,H8691,V-Hitpael-Imperf,hebrew,allstrong_def_hebrew:hebrew_def:Hitpael/imparfait,OK_DEF_MATCH,Hitpael / Imparfait
V-Hitpael-Imperf-2mp,<p>Verb - Hitpael - Imperfect - second person masculine plural</p>,H8691,V-Hitpael-Imperf,hebrew,allstrong_def_hebrew:hebrew_def:Hitpael/imparfait,OK_DEF_MATCH,Hitpael / Imparfait
V-Hitpael-Imperf-2ms,<p>Verb - Hitpael - Imperfect - second person masculine singular</p>,H8691,V-Hitpael-Imperf,hebrew,allstrong_def_hebrew:hebrew_def:Hitpael/imparfait,OK_DEF_MATCH,Hitpael / Imparfait
V-Hitpael-Imperf-3fp,<p>Verb - Hitpael - Imperfect - third person feminine plural</p>,H8691,V-Hitpael-Imperf,hebrew,allstrong_def_hebrew:hebrew_def:Hitpael/imparfait,OK_DEF_MATCH,Hitpael / Imparfait
V-Hitpael-Imperf-3fs,<p>Verb - Hitpael - Imperfect - third person feminine singular</p>,H8691,V-Hitpael-Imperf,hebrew,allstrong_def_hebrew:hebrew_def:Hitpael/imparfait,OK_DEF_MATCH,Hitpael / Imparfait
V-Hitpael-Imperf-3mp,<p>Verb - Hitpael - Imperfect - third person masculine plural</p>,H8691,V-Hitpael-Imperf,hebrew,allstrong_def_hebrew:hebrew_def:Hitpael/imparfait,OK_DEF_MATCH,Hitpael / Imparfait
V-Hitpael-Imperf-3mp | Pn,<p>Verb - Hitpael - Imperfect - third person masculine plural </p><p>+ Paragogic nun</p>,H8691,V-Hitpael-Imperf,hebrew,allstrong_def_hebrew:hebrew_def:Hitpael/imparfait,OK_DEF_MATCH,Hitpael / Imparfait
V-Hitpael-Imperf-3ms,<p>Verb - Hitpael - Imperfect - third person masculine singular</p>,H8691,V-Hitpael-Imperf,hebrew,allstrong_def_hebrew:hebrew_def:Hitpael/imparfait,OK_DEF_MATCH,Hitpael / Imparfait
V-Hitpael-Imperf.Cohort-1cp,<p>Verb - Hitpael - Imperfect Cohortative - first person common plural</p>,H8691,V-Hitpael-Imperf,hebrew,allstrong_def_hebrew:hebrew_def:Hitpael/imparfait,OK_DEF_MATCH,Hitpael / Imparfait
V-Hitpael-Imperf.Cohort-1cs,<p>Verb - Hitpael - Imperfect Cohortative - first person common singular</p>,H8691,V-Hitpael-Imperf,hebrew,allstrong_def_hebrew:hebrew_def:Hitpael/imparfait,OK_DEF_MATCH,Hitpael / Imparfait
V-Hitpael-Imperf.h-1cp,<p>Verb - Hitpael - Imperfect Cohortative if contextual - first person common plural</p>,H8691,V-Hitpael-Imperf,hebrew,allstrong_def_hebrew:hebrew_def:Hitpael/imparfait,OK_DEF_MATCH,Hitpael / Imparfait
V-Hitpael-Imperf.h-1cs,<p>Verb - Hitpael - Imperfect Cohortative if contextual - first person common singular</p>,H8691,V-Hitpael-Imperf,hebrew,allstrong_def_hebrew:hebrew_def:Hitpael/imparfait,OK_DEF_MATCH,Hitpael / Imparfait
V-Hitpael-Imperf.Jus-2ms,<p>Verb - Hitpael - Imperfect Jussive - second person masculine singular</p>,H8691,V-Hitpael-Imperf,hebrew,allstrong_def_hebrew:hebrew_def:Hitpael/imparfait,OK_DEF_MATCH,Hitpael / Imparfait
V-Hitpael-Inf,<p>Verb - Hitpael - Infinitive construct</p>,H8692,V-Hitpael-Inf,hebrew,allstrong_def_hebrew:hebrew_def:Hitpael/infinitif,OK_DEF_MATCH,Hitpael / Infinitif
V-Hitpael-Inf | 2ms,<p>Verb - Hitpael - Infinitive construct </p><p>+ second person masculine singular</p>,H8692,V-Hitpael-Inf,hebrew,allstrong_def_hebrew:hebrew_def:Hitpael/infinitif,OK_DEF_MATCH,Hitpael / Infinitif
V-Hitpael-Inf | 3mp,<p>Verb - Hitpael - Infinitive construct </p><p>+ third person masculine plural</p>,H8692,V-Hitpael-Inf,hebrew,allstrong_def_hebrew:hebrew_def:Hitpael/infinitif,OK_DEF_MATCH,Hitpael / Infinitif
V-Hitpael-Inf | 3ms,<p>Verb - Hitpael - Infinitive construct </p><p>+ third person masculine singular</p>,H8692,V-Hitpael-Inf,hebrew,allstrong_def_hebrew:hebrew_def:Hitpael/infinitif,OK_DEF_MATCH,Hitpael / Infinitif
V-Hitpael-InfAbs,<p>Verb - Hitpael - Infinitive absolute</p>,H8692,V-Hitpael-Inf,hebrew,allstrong_def_hebrew:hebrew_def:Hitpael/infinitif,OK_DEF_MATCH,Hitpael / Infinitif
V-Hitpael-Perf-1cp,<p>Verb - Hitpael - Perfect - first person common plural</p>,H8694,V-Hitpael-Perf,hebrew,allstrong_def_hebrew:hebrew_def:Hitpael/parfait,OK_DEF_MATCH,Hitpael / Parfait
V-Hitpael-Perf-1cs,<p>Verb - Hitpael - Perfect - first person common singular</p>,H8694,V-Hitpael-Perf,hebrew,allstrong_def_hebrew:hebrew_def:Hitpael/parfait,OK_DEF_MATCH,Hitpael / Parfait
V-Hitpael-Perf-2fs,<p>Verb - Hitpael - Perfect - second person feminine singular</p>,H8694,V-Hitpael-Perf,hebrew,allstrong_def_hebrew:hebrew_def:Hitpael/parfait,OK_DEF_MATCH,Hitpael / Parfait
V-Hitpael-Perf-2ms,<p>Verb - Hitpael - Perfect - second person masculine singular</p>,H8694,V-Hitpael-Perf,hebrew,allstrong_def_hebrew:hebrew_def:Hitpael/parfait,OK_DEF_MATCH,Hitpael / Parfait
V-Hitpael-Perf-3cp,<p>Verb - Hitpael - Perfect - third person common plural</p>,H8694,V-Hitpael-Perf,hebrew,allstrong_def_hebrew:hebrew_def:Hitpael/parfait,OK_DEF_MATCH,Hitpael / Parfait
V-Hitpael-Perf-3fs,<p>Verb - Hitpael - Perfect - third person feminine singular</p>,H8694,V-Hitpael-Perf,hebrew,allstrong_def_hebrew:hebrew_def:Hitpael/parfait,OK_DEF_MATCH,Hitpael / Parfait
V-Hitpael-Perf-3ms,<p>Verb - Hitpael - Perfect - third person masculine singular</p>,H8694,V-Hitpael-Perf,hebrew,allstrong_def_hebrew:hebrew_def:Hitpael/parfait,OK_DEF_MATCH,Hitpael / Parfait
V-Hitpael-Prtcpl-fp,<p>Verb - Hitpael - Participle - feminine plural</p>,H8693,V-Hitpael-Prtcpl,hebrew,allstrong_def_hebrew:hebrew_def:Hitpael/participe,OK_DEF_MATCH,Hitpael / Participe
V-Hitpael-Prtcpl-fs,<p>Verb - Hitpael - Participle - feminine singular</p>,H8693,V-Hitpael-Prtcpl,hebrew,allstrong_def_hebrew:hebrew_def:Hitpael/participe,OK_DEF_MATCH,Hitpael / Participe
V-Hitpael-Prtcpl-fsc,<p>Verb - Hitpael - Participle - feminine singular construct</p>,H8693,V-Hitpael-Prtcpl,hebrew,allstrong_def_hebrew:hebrew_def:Hitpael/participe,OK_DEF_MATCH,Hitpael / Participe
V-Hitpael-Prtcpl-mp,<p>Verb - Hitpael - Participle - masculine plural</p>,H8693,V-Hitpael-Prtcpl,hebrew,allstrong_def_hebrew:hebrew_def:Hitpael/participe,OK_DEF_MATCH,Hitpael / Participe
V-Hitpael-Prtcpl-ms,<p>Verb - Hitpael - Participle - masculine singular</p>,H8693,V-Hitpael-Prtcpl,hebrew,allstrong_def_hebrew:hebrew_def:Hitpael/participe,OK_DEF_MATCH,Hitpael / Participe
V-Hitpael-Prtcpl-msc,<p>Verb - Hitpael - Participle - masculine singular construct</p>,H8693,V-Hitpael-Prtcpl,hebrew,allstrong_def_hebrew:hebrew_def:Hitpael/participe,OK_DEF_MATCH,Hitpael / Participe
V-Hitpael-Prtcpl-msc | 3ms,<p>Verb - Hitpael - Participle - masculine singular construct </p><p>+ third person masculine singular</p>,H8693,V-Hitpael-Prtcpl,hebrew,allstrong_def_hebrew:hebrew_def:Hitpael/participe,OK_DEF_MATCH,Hitpael / Participe
V-Hofal-Imp-mp,<p>Verb - Hofal - Imperative - masculine plural</p>,H8713,V-Hofal-Imp,hebrew,allstrong_def_hebrew:hebrew_def:Hofal/impératif,OK_DEF_MATCH,Hofal / Impératif
V-Hofal-Imperf-1cs,<p>Verb - Hofal - Imperfect - first person common singular</p>,H8714,V-Hofal-Imperf,hebrew,allstrong_def_hebrew:hebrew_def:Hofal/imparfait,OK_DEF_MATCH,Hofal / Imparfait
V-Hofal-Imperf-2mp,<p>Verb - Hofal - Imperfect - second person masculine plural</p>,H8714,V-Hofal-Imperf,hebrew,allstrong_def_hebrew:hebrew_def:Hofal/imparfait,OK_DEF_MATCH,Hofal / Imparfait
V-Hofal-Imperf-2mp | Pn,<p>Verb - Hofal - Imperfect - second person masculine plural </p><p>+ Paragogic nun</p>,H8714,V-Hofal-Imperf,hebrew,allstrong_def_hebrew:hebrew_def:Hofal/imparfait,OK_DEF_MATCH,Hofal / Imparfait
V-Hofal-Imperf-2ms,<p>Verb - Hofal - Imperfect - second person masculine singular</p>,H8714,V-Hofal-Imperf,hebrew,allstrong_def_hebrew:hebrew_def:Hofal/imparfait,OK_DEF_MATCH,Hofal / Imparfait
V-Hofal-Imperf-2ms | 3mp,<p>Verb - Hofal - Imperfect - second person masculine singular </p><p>+ third person masculine plural</p>,H8714,V-Hofal-Imperf,hebrew,allstrong_def_hebrew:hebrew_def:Hofal/imparfait,OK_DEF_MATCH,Hofal / Imparfait
V-Hofal-Imperf-3fp,<p>Verb - Hofal - Imperfect - third person feminine plural</p>,H8714,V-Hofal-Imperf,hebrew,allstrong_def_hebrew:hebrew_def:Hofal/imparfait,OK_DEF_MATCH,Hofal / Imparfait
V-Hofal-Imperf-3fs,<p>Verb - Hofal - Imperfect - third person feminine singular</p>,H8714,V-Hofal-Imperf,hebrew,allstrong_def_hebrew:hebrew_def:Hofal/imparfait,OK_DEF_MATCH,Hofal / Imparfait
V-Hofal-Imperf-3mp,<p>Verb - Hofal - Imperfect - third person masculine plural</p>,H8714,V-Hofal-Imperf,hebrew,allstrong_def_hebrew:hebrew_def:Hofal/imparfait,OK_DEF_MATCH,Hofal / Imparfait
V-Hofal-Imperf-3ms,<p>Verb - Hofal - Imperfect - third person masculine singular</p>,H8714,V-Hofal-Imperf,hebrew,allstrong_def_hebrew:hebrew_def:Hofal/imparfait,OK_DEF_MATCH,Hofal / Imparfait
V-Hofal-Inf,<p>Verb - Hofal - Infinitive construct</p>,H8715,V-Hofal-Inf,hebrew,allstrong_def_hebrew:hebrew_def:Hofal/infinitif,OK_DEF_MATCH,Hofal / Infinitif
V-Hofal-Inf | 3fs,<p>Verb - Hofal - Infinitive construct </p><p>+ third person feminine singular</p>,H8715,V-Hofal-Inf,hebrew,allstrong_def_hebrew:hebrew_def:Hofal/infinitif,OK_DEF_MATCH,Hofal / Infinitif
V-Hofal-InfAbs,<p>Verb - Hofal - Infinitive absolute</p>,H8715,V-Hofal-Inf,hebrew,allstrong_def_hebrew:hebrew_def:Hofal/infinitif,OK_DEF_MATCH,Hofal / Infinitif
V-Hofal-Perf-1cp,<p>Verb - Hofal - Perfect - first person common plural</p>,H8717,V-Hofal-Perf,hebrew,allstrong_def_hebrew:hebrew_def:Hofal/parfait,OK_DEF_MATCH,Hofal / Parfait
V-Hofal-Perf-1cs,<p>Verb - Hofal - Perfect - first person common singular</p>,H8717,V-Hofal-Perf,hebrew,allstrong_def_hebrew:hebrew_def:Hofal/parfait,OK_DEF_MATCH,Hofal / Parfait
V-Hofal-Perf-2fs,<p>Verb - Hofal - Perfect - second person feminine singular</p>,H8717,V-Hofal-Perf,hebrew,allstrong_def_hebrew:hebrew_def:Hofal/parfait,OK_DEF_MATCH,Hofal / Parfait
V-Hofal-Perf-2ms,<p>Verb - Hofal - Perfect - second person masculine singular</p>,H8717,V-Hofal-Perf,hebrew,allstrong_def_hebrew:hebrew_def:Hofal/parfait,OK_DEF_MATCH,Hofal / Parfait
V-Hofal-Perf-3cp,<p>Verb - Hofal - Perfect - third person common plural</p>,H8717,V-Hofal-Perf,hebrew,allstrong_def_hebrew:hebrew_def:Hofal/parfait,OK_DEF_MATCH,Hofal / Parfait
V-Hofal-Perf-3fs,<p>Verb - Hofal - Perfect - third person feminine singular</p>,H8717,V-Hofal-Perf,hebrew,allstrong_def_hebrew:hebrew_def:Hofal/parfait,OK_DEF_MATCH,Hofal / Parfait
V-Hofal-Perf-3ms,<p>Verb - Hofal - Perfect - third person masculine singular</p>,H8717,V-Hofal-Perf,hebrew,allstrong_def_hebrew:hebrew_def:Hofal/parfait,OK_DEF_MATCH,Hofal / Parfait
V-Hofal-Prtcpl-fp,<p>Verb - Hofal - Participle - feminine plural</p>,H8716,V-Hofal-Prtcpl,hebrew,allstrong_def_hebrew:hebrew_def:Hofal/participe,OK_DEF_MATCH,Hofal / Participe
V-Hofal-Prtcpl-fpc,<p>Verb - Hofal - Participle - feminine plural construct</p>,H8716,V-Hofal-Prtcpl,hebrew,allstrong_def_hebrew:hebrew_def:Hofal/participe,OK_DEF_MATCH,Hofal / Participe
V-Hofal-Prtcpl-fs,<p>Verb - Hofal - Participle - feminine singular</p>,H8716,V-Hofal-Prtcpl,hebrew,allstrong_def_hebrew:hebrew_def:Hofal/participe,OK_DEF_MATCH,Hofal / Participe
V-Hofal-Prtcpl-mp,<p>Verb - Hofal - Participle - masculine plural</p>,H8716,V-Hofal-Prtcpl,hebrew,allstrong_def_hebrew:hebrew_def:Hofal/participe,OK_DEF_MATCH,Hofal / Participe
V-Hofal-Prtcpl-mpc,<p>Verb - Hofal - Participle - masculine plural construct</p>,H8716,V-Hofal-Prtcpl,hebrew,allstrong_def_hebrew:hebrew_def:Hofal/participe,OK_DEF_MATCH,Hofal / Participe
V-Hofal-Prtcpl-ms,<p>Verb - Hofal - Participle - masculine singular</p>,H8716,V-Hofal-Prtcpl,hebrew,allstrong_def_hebrew:hebrew_def:Hofal/participe,OK_DEF_MATCH,Hofal / Participe
V-Hofal-Prtcpl-msc,<p>Verb - Hofal - Participle - masculine singular construct</p>,H8716,V-Hofal-Prtcpl,hebrew,allstrong_def_hebrew:hebrew_def:Hofal/participe,OK_DEF_MATCH,Hofal / Participe
V-IIA-1P,<p>Verb - Imperfect Indicative Active - 1st Person Plural</p>,G5707,V-IIA,greek,allstrong_def_greek:Imparfait / Active / Indicatif,OK_DEF_MATCH,Imparfait / Active / Indicatif
V-IIA-1S,<p>Verb - Imperfect Indicative Active - 1st Person Singular</p>,G5707,V-IIA,greek,allstrong_def_greek:Imparfait / Active / Indicatif,OK_DEF_MATCH,Imparfait / Active / Indicatif
V-IIA-2P,<p>Verb - Imperfect Indicative Active - 2nd Person Plural</p>,G5707,V-IIA,greek,allstrong_def_greek:Imparfait / Active / Indicatif,OK_DEF_MATCH,Imparfait / Active / Indicatif
V-IIA-2S,<p>Verb - Imperfect Indicative Active - 2nd Person Singular</p>,G5707,V-IIA,greek,allstrong_def_greek:Imparfait / Active / Indicatif,OK_DEF_MATCH,Imparfait / Active / Indicatif
V-IIA-3P,<p>Verb - Imperfect Indicative Active - 3rd Person Plural</p>,G5707,V-IIA,greek,allstrong_def_greek:Imparfait / Active / Indicatif,OK_DEF_MATCH,Imparfait / Active / Indicatif
V-IIA-3S,<p>Verb - Imperfect Indicative Active - 3rd Person Singular</p>,G5707,V-IIA,greek,allstrong_def_greek:Imparfait / Active / Indicatif,OK_DEF_MATCH,Imparfait / Active / Indicatif
V-IIM-1P,<p>Verb - Imperfect Indicative Middle - 1st Person Plural</p>,G5710,V-IIM,greek,greek_table:V-IMI:confirmed_by_allstrong,OK_DEF_MATCH,Imparfait / Moyenne / Indicatif
V-IIM-1S,<p>Verb - Imperfect Indicative Middle - 1st Person Singular</p>,G5710,V-IIM,greek,greek_table:V-IMI:confirmed_by_allstrong,OK_DEF_MATCH,Imparfait / Moyenne / Indicatif
V-IIM-2S,<p>Verb - Imperfect Indicative Middle - 2nd Person Singular</p>,G5710,V-IIM,greek,greek_table:V-IMI:confirmed_by_allstrong,OK_DEF_MATCH,Imparfait / Moyenne / Indicatif
V-IIM-3P,<p>Verb - Imperfect Indicative Middle - 3rd Person Plural</p>,G5710,V-IIM,greek,greek_table:V-IMI:confirmed_by_allstrong,OK_DEF_MATCH,Imparfait / Moyenne / Indicatif
V-IIM-3S,<p>Verb - Imperfect Indicative Middle - 3rd Person Singular</p>,G5710,V-IIM,greek,greek_table:V-IMI:confirmed_by_allstrong,OK_DEF_MATCH,Imparfait / Moyenne / Indicatif
V-IIM/P-1P,<p>Verb - Imperfect Indicative Middle or Passive - 1st Person Plural</p>,G5711,V-IIM/P,greek,allstrong_def_greek:Imparfait / Moyenne ou Passive Déponente / Indicatif,OK_DEF_MATCH,Imparfait / Moyenne ou Passive Déponente / Indicatif
V-IIM/P-1S,<p>Verb - Imperfect Indicative Middle or Passive - 1st Person Singular</p>,G5711,V-IIM/P,greek,allstrong_def_greek:Imparfait / Moyenne ou Passive Déponente / Indicatif,OK_DEF_MATCH,Imparfait / Moyenne ou Passive Déponente / Indicatif
V-IIM/P-2P,<p>Verb - Imperfect Indicative Middle or Passive - 2nd Person Plural</p>,G5711,V-IIM/P,greek,allstrong_def_greek:Imparfait / Moyenne ou Passive Déponente / Indicatif,OK_DEF_MATCH,Imparfait / Moyenne ou Passive Déponente / Indicatif
V-IIM/P-2S,<p>Verb - Imperfect Indicative Middle or Passive - 2nd Person Singular</p>,G5711,V-IIM/P,greek,allstrong_def_greek:Imparfait / Moyenne ou Passive Déponente / Indicatif,OK_DEF_MATCH,Imparfait / Moyenne ou Passive Déponente / Indicatif
V-IIM/P-3P,<p>Verb - Imperfect Indicative Middle or Passive - 3rd Person Plural</p>,G5711,V-IIM/P,greek,allstrong_def_greek:Imparfait / Moyenne ou Passive Déponente / Indicatif,OK_DEF_MATCH,Imparfait / Moyenne ou Passive Déponente / Indicatif
V-IIM/P-3S,<p>Verb - Imperfect Indicative Middle or Passive - 3rd Person Singular</p>,G5711,V-IIM/P,greek,allstrong_def_greek:Imparfait / Moyenne ou Passive Déponente / Indicatif,OK_DEF_MATCH,Imparfait / Moyenne ou Passive Déponente / Indicatif
V-IIP-1P,<p>Verb - Imperfect Indicative Passive - 1st Person Plural</p>,G5712,V-IIP,greek,greek_table:V-IPI:confirmed_by_allstrong,OK_DEF_MATCH,Imparfait / Passive / Indicatif
V-IIP-3P,<p>Verb - Imperfect Indicative Passive - 3rd Person Plural</p>,G5712,V-IIP,greek,greek_table:V-IPI:confirmed_by_allstrong,OK_DEF_MATCH,Imparfait / Passive / Indicatif
V-LIA-1S,<p>Verb - Pluperfect Indicative Active - 1st Person Singular</p>,G5715,V-LIA,greek,greek_table:V-LAI:confirmed_by_allstrong,OK_DEF_MATCH,Plus que Parfait / Active / Indicatif
V-LIA-2P,<p>Verb - Pluperfect Indicative Active - 2nd Person Plural</p>,G5715,V-LIA,greek,greek_table:V-LAI:confirmed_by_allstrong,OK_DEF_MATCH,Plus que Parfait / Active / Indicatif
V-LIA-2S,<p>Verb - Pluperfect Indicative Active - 2nd Person Singular</p>,G5715,V-LIA,greek,greek_table:V-LAI:confirmed_by_allstrong,OK_DEF_MATCH,Plus que Parfait / Active / Indicatif
V-LIA-3P,<p>Verb - Pluperfect Indicative Active - 3rd Person Plural</p>,G5715,V-LIA,greek,greek_table:V-LAI:confirmed_by_allstrong,OK_DEF_MATCH,Plus que Parfait / Active / Indicatif
V-LIA-3S,<p>Verb - Pluperfect Indicative Active - 3rd Person Singular</p>,G5715,V-LIA,greek,greek_table:V-LAI:confirmed_by_allstrong,OK_DEF_MATCH,Plus que Parfait / Active / Indicatif
V-LIM-3P,<p>Verb - Pluperfect Indicative Middle - 3rd Person Plural</p>,G5717,V-LIM,greek,greek_table:V-LMI:confirmed_by_allstrong,OK_DEF_MATCH,Plus que Parfait / Moyenne / Indicatif
V-LIM-3S,<p>Verb - Pluperfect Indicative Middle - 3rd Person Singular</p>,G5717,V-LIM,greek,greek_table:V-LMI:confirmed_by_allstrong,OK_DEF_MATCH,Plus que Parfait / Moyenne / Indicatif
V-LIM/P-3S,<p>Verb - Pluperfect Indicative Middle or Passive - 3rd Person Singular</p>,G5718,V-LIM/P,greek,"FALLBACK_WARNING:bstudy:ref_lex_core_ori_tr:rejected_by_allstrong:G5718:MISMATCH_DEF:expected=plus que parfait/['moyenne', 'passive', 'soit moyenne', 'soit passive']/indicatif; got=Plus que Parfait/Passive/Indicatif; prior=allstrong_def_greek_no_match; greek_table_missing:V-LM/PI",ACCEPTED_FALLBACK_WARNING,"fallback accepted at end of process; authority_check=MISMATCH_DEF:expected=plus que parfait/['moyenne', 'passive', 'soit moyenne', 'soit passive']/indicatif; got=Plus que Parfait/Passive/Indicatif"
V-M-2P,<p>Verb - Imperative - 2nd Person Plural</p>,G5773,V-M,greek,FALLBACK_WARNING:bstudy:ref_lex_core_ori_tr:rejected_by_allstrong:G5773:NO_VERB_CORE:; prior=allstrong_def_greek_no_match; ,ACCEPTED_FALLBACK_WARNING,fallback accepted at end of process; authority_check=NO_VERB_CORE:
V-M-2S,<p>Verb - Imperative - 2nd Person Singular</p>,G5773,V-M,greek,FALLBACK_WARNING:bstudy:ref_lex_core:rejected_by_allstrong:G5773:NO_VERB_CORE:; prior=allstrong_def_greek_no_match; ,ACCEPTED_FALLBACK_WARNING,fallback accepted at end of process; authority_check=NO_VERB_CORE:
V-Nifal-Imp-fs,<p>Verb - Nifal - Imperative - feminine singular</p>,H8734,V-Nifal-Imp,hebrew,allstrong_def_hebrew:hebrew_def:Nifal/impératif,OK_DEF_MATCH,Nifal / Impératif
V-Nifal-Imp-mp,<p>Verb - Nifal - Imperative - masculine plural</p>,H8734,V-Nifal-Imp,hebrew,allstrong_def_hebrew:hebrew_def:Nifal/impératif,OK_DEF_MATCH,Nifal / Impératif
V-Nifal-Imp-ms,<p>Verb - Nifal - Imperative - masculine singular</p>,H8734,V-Nifal-Imp,hebrew,allstrong_def_hebrew:hebrew_def:Nifal/impératif,OK_DEF_MATCH,Nifal / Impératif
V-Nifal-Imp-ms | 3fs,<p>Verb - Nifal - Imperative - masculine singular </p><p>+ third person feminine singular</p>,H8734,V-Nifal-Imp,hebrew,allstrong_def_hebrew:hebrew_def:Nifal/impératif,OK_DEF_MATCH,Nifal / Impératif
V-Nifal-Imperf-1cp,<p>Verb - Nifal - Imperfect - first person common plural</p>,H8735,V-Nifal-Imperf,hebrew,allstrong_def_hebrew:hebrew_def:Nifal/imparfait,OK_DEF_MATCH,Nifal / Imparfait
V-Nifal-Imperf-1cs,<p>Verb - Nifal - Imperfect - first person common singular</p>,H8735,V-Nifal-Imperf,hebrew,allstrong_def_hebrew:hebrew_def:Nifal/imparfait,OK_DEF_MATCH,Nifal / Imparfait
V-Nifal-Imperf-2fp,<p>Verb - Nifal - Imperfect - second person feminine plural</p>,H8735,V-Nifal-Imperf,hebrew,allstrong_def_hebrew:hebrew_def:Nifal/imparfait,OK_DEF_MATCH,Nifal / Imparfait
V-Nifal-Imperf-2fs,<p>Verb - Nifal - Imperfect - second person feminine singular</p>,H8735,V-Nifal-Imperf,hebrew,allstrong_def_hebrew:hebrew_def:Nifal/imparfait,OK_DEF_MATCH,Nifal / Imparfait
V-Nifal-Imperf-2mp,<p>Verb - Nifal - Imperfect - second person masculine plural</p>,H8735,V-Nifal-Imperf,hebrew,allstrong_def_hebrew:hebrew_def:Nifal/imparfait,OK_DEF_MATCH,Nifal / Imparfait
V-Nifal-Imperf-2mp | Pn,<p>Verb - Nifal - Imperfect - second person masculine plural </p><p>+ Paragogic nun</p>,H8735,V-Nifal-Imperf,hebrew,allstrong_def_hebrew:hebrew_def:Nifal/imparfait,OK_DEF_MATCH,Nifal / Imparfait
V-Nifal-Imperf-2ms,<p>Verb - Nifal - Imperfect - second person masculine singular</p>,H8735,V-Nifal-Imperf,hebrew,allstrong_def_hebrew:hebrew_def:Nifal/imparfait,OK_DEF_MATCH,Nifal / Imparfait
V-Nifal-Imperf-2ms | 1cs,<p>Verb - Nifal - Imperfect - second person masculine singular </p><p>+ first person common singular</p>,H8735,V-Nifal-Imperf,hebrew,allstrong_def_hebrew:hebrew_def:Nifal/imparfait,OK_DEF_MATCH,Nifal / Imparfait
V-Nifal-Imperf-3fp,<p>Verb - Nifal - Imperfect - third person feminine plural</p>,H8735,V-Nifal-Imperf,hebrew,allstrong_def_hebrew:hebrew_def:Nifal/imparfait,OK_DEF_MATCH,Nifal / Imparfait
V-Nifal-Imperf-3fs,<p>Verb - Nifal - Imperfect - third person feminine singular</p>,H8735,V-Nifal-Imperf,hebrew,allstrong_def_hebrew:hebrew_def:Nifal/imparfait,OK_DEF_MATCH,Nifal / Imparfait
V-Nifal-Imperf-3mp,<p>Verb - Nifal - Imperfect - third person masculine plural</p>,H8735,V-Nifal-Imperf,hebrew,allstrong_def_hebrew:hebrew_def:Nifal/imparfait,OK_DEF_MATCH,Nifal / Imparfait
V-Nifal-Imperf-3mp | Pn,<p>Verb - Nifal - Imperfect - third person masculine plural </p><p>+ Paragogic nun</p>,H8735,V-Nifal-Imperf,hebrew,allstrong_def_hebrew:hebrew_def:Nifal/imparfait,OK_DEF_MATCH,Nifal / Imparfait
V-Nifal-Imperf-3ms,<p>Verb - Nifal - Imperfect - third person masculine singular</p>,H8735,V-Nifal-Imperf,hebrew,allstrong_def_hebrew:hebrew_def:Nifal/imparfait,OK_DEF_MATCH,Nifal / Imparfait
V-Nifal-Imperf.Cohort-1cp,<p>Verb - Nifal - Imperfect Cohortative - first person common plural</p>,H8735,V-Nifal-Imperf,hebrew,allstrong_def_hebrew:hebrew_def:Nifal/imparfait,OK_DEF_MATCH,Nifal / Imparfait
V-Nifal-Imperf.Cohort-1cs,<p>Verb - Nifal - Imperfect Cohortative - first person common singular</p>,H8735,V-Nifal-Imperf,hebrew,allstrong_def_hebrew:hebrew_def:Nifal/imparfait,OK_DEF_MATCH,Nifal / Imparfait
V-Nifal-Imperf.h-1cp,<p>Verb - Nifal - Imperfect Cohortative if contextual - first person common plural</p>,H8735,V-Nifal-Imperf,hebrew,allstrong_def_hebrew:hebrew_def:Nifal/imparfait,OK_DEF_MATCH,Nifal / Imparfait
V-Nifal-Imperf.h-1cs,<p>Verb - Nifal - Imperfect Cohortative if contextual - first person common singular</p>,H8735,V-Nifal-Imperf,hebrew,allstrong_def_hebrew:hebrew_def:Nifal/imparfait,OK_DEF_MATCH,Nifal / Imparfait
V-Nifal-Imperf.Jus-3fs,<p>Verb - Nifal - Imperfect Jussive - third person feminine singular</p>,H8735,V-Nifal-Imperf,hebrew,allstrong_def_hebrew:hebrew_def:Nifal/imparfait,OK_DEF_MATCH,Nifal / Imparfait
V-Nifal-Imperf.Jus-3ms,<p>Verb - Nifal - Imperfect Jussive - third person masculine singular</p>,H8735,V-Nifal-Imperf,hebrew,allstrong_def_hebrew:hebrew_def:Nifal/imparfait,OK_DEF_MATCH,Nifal / Imparfait
V-Nifal-Inf,<p>Verb - Nifal - Infinitive construct</p>,H8736,V-Nifal-Inf,hebrew,allstrong_def_hebrew:hebrew_def:Nifal/infinitif,OK_DEF_MATCH,Nifal / Infinitif
V-Nifal-Inf | 1cs,<p>Verb - Nifal - Infinitive construct </p><p>+ first person common singular</p>,H8736,V-Nifal-Inf,hebrew,allstrong_def_hebrew:hebrew_def:Nifal/infinitif,OK_DEF_MATCH,Nifal / Infinitif
V-Nifal-Inf | 2mp,<p>Verb - Nifal - Infinitive construct </p><p>+ second person masculine plural</p>,H8736,V-Nifal-Inf,hebrew,allstrong_def_hebrew:hebrew_def:Nifal/infinitif,OK_DEF_MATCH,Nifal / Infinitif
V-Nifal-Inf | 2ms,<p>Verb - Nifal - Infinitive construct </p><p>+ second person masculine singular</p>,H8736,V-Nifal-Inf,hebrew,allstrong_def_hebrew:hebrew_def:Nifal/infinitif,OK_DEF_MATCH,Nifal / Infinitif
V-Nifal-Inf | 3fs,<p>Verb - Nifal - Infinitive construct </p><p>+ third person feminine singular</p>,H8736,V-Nifal-Inf,hebrew,allstrong_def_hebrew:hebrew_def:Nifal/infinitif,OK_DEF_MATCH,Nifal / Infinitif
V-Nifal-Inf | 3mp,<p>Verb - Nifal - Infinitive construct </p><p>+ third person masculine plural</p>,H8736,V-Nifal-Inf,hebrew,allstrong_def_hebrew:hebrew_def:Nifal/infinitif,OK_DEF_MATCH,Nifal / Infinitif
V-Nifal-Inf | 3ms,<p>Verb - Nifal - Infinitive construct </p><p>+ third person masculine singular</p>,H8736,V-Nifal-Inf,hebrew,allstrong_def_hebrew:hebrew_def:Nifal/infinitif,OK_DEF_MATCH,Nifal / Infinitif
V-Nifal-InfAbs,<p>Verb - Nifal - Infinitive absolute</p>,H8736,V-Nifal-Inf,hebrew,allstrong_def_hebrew:hebrew_def:Nifal/infinitif,OK_DEF_MATCH,Nifal / Infinitif
V-Nifal-Perf-1cp,<p>Verb - Nifal - Perfect - first person common plural</p>,H8738,V-Nifal-Perf,hebrew,allstrong_def_hebrew:hebrew_def:Nifal/parfait,OK_DEF_MATCH,Nifal / Parfait
V-Nifal-Perf-1cs,<p>Verb - Nifal - Perfect - first person common singular</p>,H8738,V-Nifal-Perf,hebrew,allstrong_def_hebrew:hebrew_def:Nifal/parfait,OK_DEF_MATCH,Nifal / Parfait
V-Nifal-Perf-2fs,<p>Verb - Nifal - Perfect - second person feminine singular</p>,H8738,V-Nifal-Perf,hebrew,allstrong_def_hebrew:hebrew_def:Nifal/parfait,OK_DEF_MATCH,Nifal / Parfait
V-Nifal-Perf-2mp,<p>Verb - Nifal - Perfect - second person masculine plural</p>,H8738,V-Nifal-Perf,hebrew,allstrong_def_hebrew:hebrew_def:Nifal/parfait,OK_DEF_MATCH,Nifal / Parfait
V-Nifal-Perf-2ms,<p>Verb - Nifal - Perfect - second person masculine singular</p>,H8738,V-Nifal-Perf,hebrew,allstrong_def_hebrew:hebrew_def:Nifal/parfait,OK_DEF_MATCH,Nifal / Parfait
V-Nifal-Perf-3cp,<p>Verb - Nifal - Perfect - third person common plural</p>,H8738,V-Nifal-Perf,hebrew,allstrong_def_hebrew:hebrew_def:Nifal/parfait,OK_DEF_MATCH,Nifal / Parfait
V-Nifal-Perf-3fs,<p>Verb - Nifal - Perfect - third person feminine singular</p>,H8738,V-Nifal-Perf,hebrew,allstrong_def_hebrew:hebrew_def:Nifal/parfait,OK_DEF_MATCH,Nifal / Parfait
V-Nifal-Perf-3ms,<p>Verb - Nifal - Perfect - third person masculine singular</p>,H8738,V-Nifal-Perf,hebrew,allstrong_def_hebrew:hebrew_def:Nifal/parfait,OK_DEF_MATCH,Nifal / Parfait
V-Nifal-Prtcpl-fp,<p>Verb - Nifal - Participle - feminine plural</p>,H8737,V-Nifal-Prtcpl,hebrew,allstrong_def_hebrew:hebrew_def:Nifal/participe,OK_DEF_MATCH,Nifal / Participe
V-Nifal-Prtcpl-fpc,<p>Verb - Nifal - Participle - feminine plural construct</p>,H8737,V-Nifal-Prtcpl,hebrew,allstrong_def_hebrew:hebrew_def:Nifal/participe,OK_DEF_MATCH,Nifal / Participe
V-Nifal-Prtcpl-fpc | 1cs,<p>Verb - Nifal - Participle - feminine plural construct </p><p>+ first person common singular</p>,H8737,V-Nifal-Prtcpl,hebrew,allstrong_def_hebrew:hebrew_def:Nifal/participe,OK_DEF_MATCH,Nifal / Participe
V-Nifal-Prtcpl-fpc | 2ms,<p>Verb - Nifal - Participle - feminine plural construct </p><p>+ second person masculine singular</p>,H8737,V-Nifal-Prtcpl,hebrew,allstrong_def_hebrew:hebrew_def:Nifal/participe,OK_DEF_MATCH,Nifal / Participe
V-Nifal-Prtcpl-fpc | 3ms,<p>Verb - Nifal - Participle - feminine plural construct </p><p>+ third person masculine singular</p>,H8737,V-Nifal-Prtcpl,hebrew,allstrong_def_hebrew:hebrew_def:Nifal/participe,OK_DEF_MATCH,Nifal / Participe
V-Nifal-Prtcpl-fs,<p>Verb - Nifal - Participle - feminine singular</p>,H8737,V-Nifal-Prtcpl,hebrew,allstrong_def_hebrew:hebrew_def:Nifal/participe,OK_DEF_MATCH,Nifal / Participe
V-Nifal-Prtcpl-fsc,<p>Verb - Nifal - Participle - feminine singular construct</p>,H8737,V-Nifal-Prtcpl,hebrew,allstrong_def_hebrew:hebrew_def:Nifal/participe,OK_DEF_MATCH,Nifal / Participe
V-Nifal-Prtcpl-mp,<p>Verb - Nifal - Participle - masculine plural</p>,H8737,V-Nifal-Prtcpl,hebrew,allstrong_def_hebrew:hebrew_def:Nifal/participe,OK_DEF_MATCH,Nifal / Participe
V-Nifal-Prtcpl-mpc,<p>Verb - Nifal - Participle - masculine plural construct</p>,H8737,V-Nifal-Prtcpl,hebrew,allstrong_def_hebrew:hebrew_def:Nifal/participe,OK_DEF_MATCH,Nifal / Participe
V-Nifal-Prtcpl-mpc | 1cs,<p>Verb - Nifal - Participle - masculine plural construct </p><p>+ first person common singular</p>,H8737,V-Nifal-Prtcpl,hebrew,allstrong_def_hebrew:hebrew_def:Nifal/participe,OK_DEF_MATCH,Nifal / Participe
V-Nifal-Prtcpl-mpc | 2fs,<p>Verb - Nifal - Participle - masculine plural construct </p><p>+ second person feminine singular</p>,H8737,V-Nifal-Prtcpl,hebrew,allstrong_def_hebrew:hebrew_def:Nifal/participe,OK_DEF_MATCH,Nifal / Participe
V-Nifal-Prtcpl-mpc | 3fs,<p>Verb - Nifal - Participle - masculine plural construct </p><p>+ third person feminine singular</p>,H8737,V-Nifal-Prtcpl,hebrew,allstrong_def_hebrew:hebrew_def:Nifal/participe,OK_DEF_MATCH,Nifal / Participe
V-Nifal-Prtcpl-mpc | 3ms,<p>Verb - Nifal - Participle - masculine plural construct </p><p>+ third person masculine singular</p>,H8737,V-Nifal-Prtcpl,hebrew,allstrong_def_hebrew:hebrew_def:Nifal/participe,OK_DEF_MATCH,Nifal / Participe
V-Nifal-Prtcpl-ms,<p>Verb - Nifal - Participle - masculine singular</p>,H8737,V-Nifal-Prtcpl,hebrew,allstrong_def_hebrew:hebrew_def:Nifal/participe,OK_DEF_MATCH,Nifal / Participe
V-Nifal-Prtcpl-msc,<p>Verb - Nifal - Participle - masculine singular construct</p>,H8737,V-Nifal-Prtcpl,hebrew,allstrong_def_hebrew:hebrew_def:Nifal/participe,OK_DEF_MATCH,Nifal / Participe
V-Nifal-Prtcpl-msc | 2mp,<p>Verb - Nifal - Participle - masculine singular construct </p><p>+ second person masculine plural</p>,H8737,V-Nifal-Prtcpl,hebrew,allstrong_def_hebrew:hebrew_def:Nifal/participe,OK_DEF_MATCH,Nifal / Participe
V-Nifal-Prtcpl-msc | 2ms,<p>Verb - Nifal - Participle - masculine singular construct </p><p>+ second person masculine singular</p>,H8737,V-Nifal-Prtcpl,hebrew,allstrong_def_hebrew:hebrew_def:Nifal/participe,OK_DEF_MATCH,Nifal / Participe
V-Nifal-Prtcpl-msc | 3ms,<p>Verb - Nifal - Participle - masculine singular construct </p><p>+ third person masculine singular</p>,H8737,V-Nifal-Prtcpl,hebrew,allstrong_def_hebrew:hebrew_def:Nifal/participe,OK_DEF_MATCH,Nifal / Participe
V-Nithpael-Perf-3fs,<p>Verb - Nithpael - Perfect - third person feminine singular</p>,H8739,V-Nithpael-Perf,hebrew,FALLBACK_WARNING:bstudy:ref_lex_core_ori_tr:rejected_by_allstrong:H8739:MISMATCH_DEF:expected=Nithpael/parfait; got=Nitpael/Parfait,ACCEPTED_FALLBACK_WARNING,fallback accepted at end of process; authority_check=MISMATCH_DEF:expected=Nithpael/parfait; got=Nitpael/Parfait
V-PIA-1P,<p>Verb - Present Indicative Active - 1st Person Plural</p>,G5719,V-PIA,greek,allstrong_def_greek:Présent / Active / Indicatif,OK_DEF_MATCH,Présent / Active / Indicatif
V-PIA-1S,<p>Verb - Present Indicative Active - 1st Person Singular</p>,G5719,V-PIA,greek,allstrong_def_greek:Présent / Active / Indicatif,OK_DEF_MATCH,Présent / Active / Indicatif
V-PIA-2P,<p>Verb - Present Indicative Active - 2nd Person Plural</p>,G5719,V-PIA,greek,allstrong_def_greek:Présent / Active / Indicatif,OK_DEF_MATCH,Présent / Active / Indicatif
V-PIA-2S,<p>Verb - Present Indicative Active - 2nd Person Singular</p>,G5719,V-PIA,greek,allstrong_def_greek:Présent / Active / Indicatif,OK_DEF_MATCH,Présent / Active / Indicatif
V-PIA-3P,<p>Verb - Present Indicative Active - 3rd Person Plural</p>,G5719,V-PIA,greek,allstrong_def_greek:Présent / Active / Indicatif,OK_DEF_MATCH,Présent / Active / Indicatif
V-PIA-3S,<p>Verb - Present Indicative Active - 3rd Person Singular</p>,G5719,V-PIA,greek,allstrong_def_greek:Présent / Active / Indicatif,OK_DEF_MATCH,Présent / Active / Indicatif
V-Piel-Imp-fs,<p>Verb - Piel - Imperative - feminine singular</p>,H8761,V-Piel-Imp,hebrew,allstrong_def_hebrew:hebrew_def:Piel/impératif,OK_DEF_MATCH,Piel / Impératif
V-Piel-Imp-mp,<p>Verb - Piel - Imperative - masculine plural</p>,H8761,V-Piel-Imp,hebrew,allstrong_def_hebrew:hebrew_def:Piel/impératif,OK_DEF_MATCH,Piel / Impératif
V-Piel-Imp-mp | 1cp,<p>Verb - Piel - Imperative - masculine plural </p><p>+ first person common plural</p>,H8761,V-Piel-Imp,hebrew,allstrong_def_hebrew:hebrew_def:Piel/impératif,OK_DEF_MATCH,Piel / Impératif
V-Piel-Imp-mp | 1cs,<p>Verb - Piel - Imperative - masculine plural </p><p>+ first person common singular</p>,H8761,V-Piel-Imp,hebrew,allstrong_def_hebrew:hebrew_def:Piel/impératif,OK_DEF_MATCH,Piel / Impératif
V-Piel-Imp-mp | 3fs,<p>Verb - Piel - Imperative - masculine plural </p><p>+ third person feminine singular</p>,H8761,V-Piel-Imp,hebrew,allstrong_def_hebrew:hebrew_def:Piel/impératif,OK_DEF_MATCH,Piel / Impératif
V-Piel-Imp-mp | 3ms,<p>Verb - Piel - Imperative - masculine plural </p><p>+ third person masculine singular</p>,H8761,V-Piel-Imp,hebrew,allstrong_def_hebrew:hebrew_def:Piel/impératif,OK_DEF_MATCH,Piel / Impératif
V-Piel-Imp-ms,<p>Verb - Piel - Imperative - masculine singular</p>,H8761,V-Piel-Imp,hebrew,allstrong_def_hebrew:hebrew_def:Piel/impératif,OK_DEF_MATCH,Piel / Impératif
V-Piel-Imp-ms | 1cp,<p>Verb - Piel - Imperative - masculine singular </p><p>+ first person common plural</p>,H8761,V-Piel-Imp,hebrew,allstrong_def_hebrew:hebrew_def:Piel/impératif,OK_DEF_MATCH,Piel / Impératif
V-Piel-Imp-ms | 1cs,<p>Verb - Piel - Imperative - masculine singular </p><p>+ first person common singular</p>,H8761,V-Piel-Imp,hebrew,allstrong_def_hebrew:hebrew_def:Piel/impératif,OK_DEF_MATCH,Piel / Impératif
V-Piel-Imp-ms | 3fs,<p>Verb - Piel - Imperative - masculine singular </p><p>+ third person feminine singular</p>,H8761,V-Piel-Imp,hebrew,allstrong_def_hebrew:hebrew_def:Piel/impératif,OK_DEF_MATCH,Piel / Impératif
V-Piel-Imp-ms | 3ms,<p>Verb - Piel - Imperative - masculine singular </p><p>+ third person masculine singular</p>,H8761,V-Piel-Imp,hebrew,allstrong_def_hebrew:hebrew_def:Piel/impératif,OK_DEF_MATCH,Piel / Impératif
V-Piel-Imperf-1cp,<p>Verb - Piel - Imperfect - first person common plural</p>,H8762,V-Piel-Imperf,hebrew,allstrong_def_hebrew:hebrew_def:Piel/imparfait,OK_DEF_MATCH,Piel / Imparfait
V-Piel-Imperf-1cp | 3ms,<p>Verb - Piel - Imperfect - first person common plural </p><p>+ third person masculine singular</p>,H8762,V-Piel-Imperf,hebrew,allstrong_def_hebrew:hebrew_def:Piel/imparfait,OK_DEF_MATCH,Piel / Imparfait
V-Piel-Imperf-1cs,<p>Verb - Piel - Imperfect - first person common singular</p>,H8762,V-Piel-Imperf,hebrew,allstrong_def_hebrew:hebrew_def:Piel/imparfait,OK_DEF_MATCH,Piel / Imparfait
V-Piel-Imperf-1cs | 2fs,<p>Verb - Piel - Imperfect - first person common singular </p><p>+ second person feminine singular</p>,H8762,V-Piel-Imperf,hebrew,allstrong_def_hebrew:hebrew_def:Piel/imparfait,OK_DEF_MATCH,Piel / Imparfait
V-Piel-Imperf-1cs | 2mp,<p>Verb - Piel - Imperfect - first person common singular </p><p>+ second person masculine plural</p>,H8762,V-Piel-Imperf,hebrew,allstrong_def_hebrew:hebrew_def:Piel/imparfait,OK_DEF_MATCH,Piel / Imparfait
V-Piel-Imperf-1cs | 2ms,<p>Verb - Piel - Imperfect - first person common singular </p><p>+ second person masculine singular</p>,H8762,V-Piel-Imperf,hebrew,allstrong_def_hebrew:hebrew_def:Piel/imparfait,OK_DEF_MATCH,Piel / Imparfait
V-Piel-Imperf-1cs | 3fs,<p>Verb - Piel - Imperfect - first person common singular </p><p>+ third person feminine singular</p>,H8762,V-Piel-Imperf,hebrew,allstrong_def_hebrew:hebrew_def:Piel/imparfait,OK_DEF_MATCH,Piel / Imparfait
V-Piel-Imperf-1cs | 3mp,<p>Verb - Piel - Imperfect - first person common singular </p><p>+ third person masculine plural</p>,H8762,V-Piel-Imperf,hebrew,allstrong_def_hebrew:hebrew_def:Piel/imparfait,OK_DEF_MATCH,Piel / Imparfait
V-Piel-Imperf-1cs | 3ms,<p>Verb - Piel - Imperfect - first person common singular </p><p>+ third person masculine singular</p>,H8762,V-Piel-Imperf,hebrew,allstrong_def_hebrew:hebrew_def:Piel/imparfait,OK_DEF_MATCH,Piel / Imparfait
V-Piel-Imperf-2fp,<p>Verb - Piel - Imperfect - second person feminine plural</p>,H8762,V-Piel-Imperf,hebrew,allstrong_def_hebrew:hebrew_def:Piel/imparfait,OK_DEF_MATCH,Piel / Imparfait
V-Piel-Imperf-2fs,<p>Verb - Piel - Imperfect - second person feminine singular</p>,H8762,V-Piel-Imperf,hebrew,allstrong_def_hebrew:hebrew_def:Piel/imparfait,OK_DEF_MATCH,Piel / Imparfait
V-Piel-Imperf-2mp,<p>Verb - Piel - Imperfect - second person masculine plural</p>,H8762,V-Piel-Imperf,hebrew,allstrong_def_hebrew:hebrew_def:Piel/imparfait,OK_DEF_MATCH,Piel / Imparfait
V-Piel-Imperf-2mp | 1cs,<p>Verb - Piel - Imperfect - second person masculine plural </p><p>+ first person common singular</p>,H8762,V-Piel-Imperf,hebrew,allstrong_def_hebrew:hebrew_def:Piel/imparfait,OK_DEF_MATCH,Piel / Imparfait
V-Piel-Imperf-2mp | 3mp,<p>Verb - Piel - Imperfect - second person masculine plural </p><p>+ third person masculine plural</p>,H8762,V-Piel-Imperf,hebrew,allstrong_def_hebrew:hebrew_def:Piel/imparfait,OK_DEF_MATCH,Piel / Imparfait
V-Piel-Imperf-2mp | Pn,<p>Verb - Piel - Imperfect - second person masculine plural </p><p>+ Paragogic nun</p>,H8762,V-Piel-Imperf,hebrew,allstrong_def_hebrew:hebrew_def:Piel/imparfait,OK_DEF_MATCH,Piel / Imparfait
V-Piel-Imperf-2ms,<p>Verb - Piel - Imperfect - second person masculine singular</p>,H8762,V-Piel-Imperf,hebrew,allstrong_def_hebrew:hebrew_def:Piel/imparfait,OK_DEF_MATCH,Piel / Imparfait
V-Piel-Imperf-2ms | 1cp,<p>Verb - Piel - Imperfect - second person masculine singular </p><p>+ first person common plural</p>,H8762,V-Piel-Imperf,hebrew,allstrong_def_hebrew:hebrew_def:Piel/imparfait,OK_DEF_MATCH,Piel / Imparfait
V-Piel-Imperf-2ms | 1cs,<p>Verb - Piel - Imperfect - second person masculine singular </p><p>+ first person common singular</p>,H8762,V-Piel-Imperf,hebrew,allstrong_def_hebrew:hebrew_def:Piel/imparfait,OK_DEF_MATCH,Piel / Imparfait
V-Piel-Imperf-2ms | 1cse,<p>Verb - Piel - Imperfect - second person masculine singular </p><p>+ first person common singular</p>,H8762,V-Piel-Imperf,hebrew,allstrong_def_hebrew:hebrew_def:Piel/imparfait,OK_DEF_MATCH,Piel / Imparfait
V-Piel-Imperf-2ms | 2ms,<p>Verb - Piel - Imperfect - second person masculine singular </p><p>+ second person masculine singular</p>,H8762,V-Piel-Imperf,hebrew,allstrong_def_hebrew:hebrew_def:Piel/imparfait,OK_DEF_MATCH,Piel / Imparfait
V-Piel-Imperf-2ms | 3fs,<p>Verb - Piel - Imperfect - second person masculine singular </p><p>+ third person feminine singular</p>,H8762,V-Piel-Imperf,hebrew,allstrong_def_hebrew:hebrew_def:Piel/imparfait,OK_DEF_MATCH,Piel / Imparfait
V-Piel-Imperf-2ms | 3mp,<p>Verb - Piel - Imperfect - second person masculine singular </p><p>+ third person masculine plural</p>,H8762,V-Piel-Imperf,hebrew,allstrong_def_hebrew:hebrew_def:Piel/imparfait,OK_DEF_MATCH,Piel / Imparfait
V-Piel-Imperf-2ms | 3ms,<p>Verb - Piel - Imperfect - second person masculine singular </p><p>+ third person masculine singular</p>,H8762,V-Piel-Imperf,hebrew,allstrong_def_hebrew:hebrew_def:Piel/imparfait,OK_DEF_MATCH,Piel / Imparfait
V-Piel-Imperf-3fp,<p>Verb - Piel - Imperfect - third person feminine plural</p>,H8762,V-Piel-Imperf,hebrew,allstrong_def_hebrew:hebrew_def:Piel/imparfait,OK_DEF_MATCH,Piel / Imparfait
V-Piel-Imperf-3fs,<p>Verb - Piel - Imperfect - third person feminine singular</p>,H8762,V-Piel-Imperf,hebrew,allstrong_def_hebrew:hebrew_def:Piel/imparfait,OK_DEF_MATCH,Piel / Imparfait
V-Piel-Imperf-3fs | 1cs,<p>Verb - Piel - Imperfect - third person feminine singular </p><p>+ first person common singular</p>,H8762,V-Piel-Imperf,hebrew,allstrong_def_hebrew:hebrew_def:Piel/imparfait,OK_DEF_MATCH,Piel / Imparfait
V-Piel-Imperf-3fs | 1cse,<p>Verb - Piel - Imperfect - third person feminine singular </p><p>+ first person common singular</p>,H8762,V-Piel-Imperf,hebrew,allstrong_def_hebrew:hebrew_def:Piel/imparfait,OK_DEF_MATCH,Piel / Imparfait
V-Piel-Imperf-3fs | 2fs,<p>Verb - Piel - Imperfect - third person feminine singular </p><p>+ second person feminine singular</p>,H8762,V-Piel-Imperf,hebrew,allstrong_def_hebrew:hebrew_def:Piel/imparfait,OK_DEF_MATCH,Piel / Imparfait
V-Piel-Imperf-3fs | 2mp,<p>Verb - Piel - Imperfect - third person feminine singular </p><p>+ second person masculine plural</p>,H8762,V-Piel-Imperf,hebrew,allstrong_def_hebrew:hebrew_def:Piel/imparfait,OK_DEF_MATCH,Piel / Imparfait
V-Piel-Imperf-3fs | 2ms,<p>Verb - Piel - Imperfect - third person feminine singular </p><p>+ second person masculine singular</p>,H8762,V-Piel-Imperf,hebrew,allstrong_def_hebrew:hebrew_def:Piel/imparfait,OK_DEF_MATCH,Piel / Imparfait
V-Piel-Imperf-3fs | 3mp,<p>Verb - Piel - Imperfect - third person feminine singular </p><p>+ third person masculine plural</p>,H8762,V-Piel-Imperf,hebrew,allstrong_def_hebrew:hebrew_def:Piel/imparfait,OK_DEF_MATCH,Piel / Imparfait
V-Piel-Imperf-3fs | 3ms,<p>Verb - Piel - Imperfect - third person feminine singular </p><p>+ third person masculine singular</p>,H8762,V-Piel-Imperf,hebrew,allstrong_def_hebrew:hebrew_def:Piel/imparfait,OK_DEF_MATCH,Piel / Imparfait
V-Piel-Imperf-3mp,<p>Verb - Piel - Imperfect - third person masculine plural</p>,H8762,V-Piel-Imperf,hebrew,allstrong_def_hebrew:hebrew_def:Piel/imparfait,OK_DEF_MATCH,Piel / Imparfait
V-Piel-Imperf-3mp | 1cp,<p>Verb - Piel - Imperfect - third person masculine plural </p><p>+ first person common plural</p>,H8762,V-Piel-Imperf,hebrew,allstrong_def_hebrew:hebrew_def:Piel/imparfait,OK_DEF_MATCH,Piel / Imparfait
V-Piel-Imperf-3mp | 1cs,<p>Verb - Piel - Imperfect - third person masculine plural </p><p>+ first person common singular</p>,H8762,V-Piel-Imperf,hebrew,allstrong_def_hebrew:hebrew_def:Piel/imparfait,OK_DEF_MATCH,Piel / Imparfait
"V-Piel-Imperf-3mp | 1cs, Pn","<p>Verb - Piel - Imperfect - third person masculine plural </p><p>+ first person common singular, Paragogic nun</p>",H8762,V-Piel-Imperf,hebrew,allstrong_def_hebrew:hebrew_def:Piel/imparfait,OK_DEF_MATCH,Piel / Imparfait
"V-Piel-Imperf-3mp | 2fs, Pn","<p>Verb - Piel - Imperfect - third person masculine plural </p><p>+ second person feminine singular, Paragogic nun</p>",H8762,V-Piel-Imperf,hebrew,allstrong_def_hebrew:hebrew_def:Piel/imparfait,OK_DEF_MATCH,Piel / Imparfait
V-Piel-Imperf-3mp | 2ms,<p>Verb - Piel - Imperfect - third person masculine plural </p><p>+ second person masculine singular</p>,H8762,V-Piel-Imperf,hebrew,allstrong_def_hebrew:hebrew_def:Piel/imparfait,OK_DEF_MATCH,Piel / Imparfait
"V-Piel-Imperf-3mp | 2ms, Pn","<p>Verb - Piel - Imperfect - third person masculine plural </p><p>+ second person masculine singular, Paragogic nun</p>",H8762,V-Piel-Imperf,hebrew,allstrong_def_hebrew:hebrew_def:Piel/imparfait,OK_DEF_MATCH,Piel / Imparfait
V-Piel-Imperf-3mp | 3fs,<p>Verb - Piel - Imperfect - third person masculine plural </p><p>+ third person feminine singular</p>,H8762,V-Piel-Imperf,hebrew,allstrong_def_hebrew:hebrew_def:Piel/imparfait,OK_DEF_MATCH,Piel / Imparfait
V-Piel-Imperf-3mp | 3mp,<p>Verb - Piel - Imperfect - third person masculine plural </p><p>+ third person masculine plural</p>,H8762,V-Piel-Imperf,hebrew,allstrong_def_hebrew:hebrew_def:Piel/imparfait,OK_DEF_MATCH,Piel / Imparfait
V-Piel-Imperf-3mp | 3ms,<p>Verb - Piel - Imperfect - third person masculine plural </p><p>+ third person masculine singular</p>,H8762,V-Piel-Imperf,hebrew,allstrong_def_hebrew:hebrew_def:Piel/imparfait,OK_DEF_MATCH,Piel / Imparfait
V-Piel-Imperf-3mp | Pn,<p>Verb - Piel - Imperfect - third person masculine plural </p><p>+ Paragogic nun</p>,H8762,V-Piel-Imperf,hebrew,allstrong_def_hebrew:hebrew_def:Piel/imparfait,OK_DEF_MATCH,Piel / Imparfait
V-Piel-Imperf-3ms,<p>Verb - Piel - Imperfect - third person masculine singular</p>,H8762,V-Piel-Imperf,hebrew,allstrong_def_hebrew:hebrew_def:Piel/imparfait,OK_DEF_MATCH,Piel / Imparfait
V-Piel-Imperf-3ms | 1cp,<p>Verb - Piel - Imperfect - third person masculine singular </p><p>+ first person common plural</p>,H8762,V-Piel-Imperf,hebrew,allstrong_def_hebrew:hebrew_def:Piel/imparfait,OK_DEF_MATCH,Piel / Imparfait
V-Piel-Imperf-3ms | 1cs,<p>Verb - Piel - Imperfect - third person masculine singular </p><p>+ first person common singular</p>,H8762,V-Piel-Imperf,hebrew,allstrong_def_hebrew:hebrew_def:Piel/imparfait,OK_DEF_MATCH,Piel / Imparfait
V-Piel-Imperf-3ms | 1cse,<p>Verb - Piel - Imperfect - third person masculine singular </p><p>+ first person common singular</p>,H8762,V-Piel-Imperf,hebrew,allstrong_def_hebrew:hebrew_def:Piel/imparfait,OK_DEF_MATCH,Piel / Imparfait
V-Piel-Imperf-3ms | 2fs,<p>Verb - Piel - Imperfect - third person masculine singular </p><p>+ second person feminine singular</p>,H8762,V-Piel-Imperf,hebrew,allstrong_def_hebrew:hebrew_def:Piel/imparfait,OK_DEF_MATCH,Piel / Imparfait
V-Piel-Imperf-3ms | 2ms,<p>Verb - Piel - Imperfect - third person masculine singular </p><p>+ second person masculine singular</p>,H8762,V-Piel-Imperf,hebrew,allstrong_def_hebrew:hebrew_def:Piel/imparfait,OK_DEF_MATCH,Piel / Imparfait
V-Piel-Imperf-3ms | 3fs,<p>Verb - Piel - Imperfect - third person masculine singular </p><p>+ third person feminine singular</p>,H8762,V-Piel-Imperf,hebrew,allstrong_def_hebrew:hebrew_def:Piel/imparfait,OK_DEF_MATCH,Piel / Imparfait
V-Piel-Imperf-3ms | 3mp,<p>Verb - Piel - Imperfect - third person masculine singular </p><p>+ third person masculine plural</p>,H8762,V-Piel-Imperf,hebrew,allstrong_def_hebrew:hebrew_def:Piel/imparfait,OK_DEF_MATCH,Piel / Imparfait
V-Piel-Imperf-3ms | 3ms,<p>Verb - Piel - Imperfect - third person masculine singular </p><p>+ third person masculine singular</p>,H8762,V-Piel-Imperf,hebrew,allstrong_def_hebrew:hebrew_def:Piel/imparfait,OK_DEF_MATCH,Piel / Imparfait
V-Piel-Imperf.Cohort-1cp,<p>Verb - Piel - Imperfect Cohortative - first person common plural</p>,H8762,V-Piel-Imperf,hebrew,allstrong_def_hebrew:hebrew_def:Piel/imparfait,OK_DEF_MATCH,Piel / Imparfait
V-Piel-Imperf.Cohort-1cs,<p>Verb - Piel - Imperfect Cohortative - first person common singular</p>,H8762,V-Piel-Imperf,hebrew,allstrong_def_hebrew:hebrew_def:Piel/imparfait,OK_DEF_MATCH,Piel / Imparfait
V-Piel-Imperf.h-1cs,<p>Verb - Piel - Imperfect Cohortative if contextual - first person common singular</p>,H8762,V-Piel-Imperf,hebrew,allstrong_def_hebrew:hebrew_def:Piel/imparfait,OK_DEF_MATCH,Piel / Imparfait
V-Piel-Imperf.h-1cs | 2mp,<p>Verb - Piel - Imperfect Cohortative if contextual - first person common singular </p><p>+ second person masculine plural</p>,H8762,V-Piel-Imperf,hebrew,allstrong_def_hebrew:hebrew_def:Piel/imparfait,OK_DEF_MATCH,Piel / Imparfait
V-Piel-Imperf.h-1cs | 2ms,<p>Verb - Piel - Imperfect Cohortative if contextual - first person common singular </p><p>+ second person masculine singular</p>,H8762,V-Piel-Imperf,hebrew,allstrong_def_hebrew:hebrew_def:Piel/imparfait,OK_DEF_MATCH,Piel / Imparfait
V-Piel-Imperf.h-1cs | 3ms,<p>Verb - Piel - Imperfect Cohortative if contextual - first person common singular </p><p>+ third person masculine singular</p>,H8762,V-Piel-Imperf,hebrew,allstrong_def_hebrew:hebrew_def:Piel/imparfait,OK_DEF_MATCH,Piel / Imparfait
V-Piel-Imperf.Jus-2ms,<p>Verb - Piel - Imperfect Jussive - second person masculine singular</p>,H8762,V-Piel-Imperf,hebrew,allstrong_def_hebrew:hebrew_def:Piel/imparfait,OK_DEF_MATCH,Piel / Imparfait
V-Piel-Imperf.Jus-3ms,<p>Verb - Piel - Imperfect Jussive - third person masculine singular</p>,H8762,V-Piel-Imperf,hebrew,allstrong_def_hebrew:hebrew_def:Piel/imparfait,OK_DEF_MATCH,Piel / Imparfait
V-Piel-Inf,<p>Verb - Piel - Infinitive construct</p>,H8763,V-Piel-Inf,hebrew,allstrong_def_hebrew:hebrew_def:Piel/infinitif,OK_DEF_MATCH,Piel / Infinitif
V-Piel-Inf | 1cs,<p>Verb - Piel - Infinitive construct </p><p>+ first person common singular</p>,H8763,V-Piel-Inf,hebrew,allstrong_def_hebrew:hebrew_def:Piel/infinitif,OK_DEF_MATCH,Piel / Infinitif
V-Piel-Inf | 2mp,<p>Verb - Piel - Infinitive construct </p><p>+ second person masculine plural</p>,H8763,V-Piel-Inf,hebrew,allstrong_def_hebrew:hebrew_def:Piel/infinitif,OK_DEF_MATCH,Piel / Infinitif
V-Piel-Inf | 2ms,<p>Verb - Piel - Infinitive construct </p><p>+ second person masculine singular</p>,H8763,V-Piel-Inf,hebrew,allstrong_def_hebrew:hebrew_def:Piel/infinitif,OK_DEF_MATCH,Piel / Infinitif
V-Piel-Inf | 3fs,<p>Verb - Piel - Infinitive construct </p><p>+ third person feminine singular</p>,H8763,V-Piel-Inf,hebrew,allstrong_def_hebrew:hebrew_def:Piel/infinitif,OK_DEF_MATCH,Piel / Infinitif
V-Piel-Inf | 3mp,<p>Verb - Piel - Infinitive construct </p><p>+ third person masculine plural</p>,H8763,V-Piel-Inf,hebrew,allstrong_def_hebrew:hebrew_def:Piel/infinitif,OK_DEF_MATCH,Piel / Infinitif
V-Piel-Inf | 3ms,<p>Verb - Piel - Infinitive construct </p><p>+ third person masculine singular</p>,H8763,V-Piel-Inf,hebrew,allstrong_def_hebrew:hebrew_def:Piel/infinitif,OK_DEF_MATCH,Piel / Infinitif
V-Piel-InfAbs,<p>Verb - Piel - Infinitive absolute</p>,H8763,V-Piel-Inf,hebrew,allstrong_def_hebrew:hebrew_def:Piel/infinitif,OK_DEF_MATCH,Piel / Infinitif
V-Piel-Perf-1cp,<p>Verb - Piel - Perfect - first person common plural</p>,H8765,V-Piel-Perf,hebrew,allstrong_def_hebrew:hebrew_def:Piel/parfait,OK_DEF_MATCH,Piel / Parfait
V-Piel-Perf-1cp | 2mp,<p>Verb - Piel - Perfect - first person common plural </p><p>+ second person masculine plural</p>,H8765,V-Piel-Perf,hebrew,allstrong_def_hebrew:hebrew_def:Piel/parfait,OK_DEF_MATCH,Piel / Parfait
V-Piel-Perf-1cp | 2ms,<p>Verb - Piel - Perfect - first person common plural </p><p>+ second person masculine singular</p>,H8765,V-Piel-Perf,hebrew,allstrong_def_hebrew:hebrew_def:Piel/parfait,OK_DEF_MATCH,Piel / Parfait
V-Piel-Perf-1cp | 3ms,<p>Verb - Piel - Perfect - first person common plural </p><p>+ third person masculine singular</p>,H8765,V-Piel-Perf,hebrew,allstrong_def_hebrew:hebrew_def:Piel/parfait,OK_DEF_MATCH,Piel / Parfait
V-Piel-Perf-1cs,<p>Verb - Piel - Perfect - first person common singular</p>,H8765,V-Piel-Perf,hebrew,allstrong_def_hebrew:hebrew_def:Piel/parfait,OK_DEF_MATCH,Piel / Parfait
V-Piel-Perf-1cs | 2fs,<p>Verb - Piel - Perfect - first person common singular </p><p>+ second person feminine singular</p>,H8765,V-Piel-Perf,hebrew,allstrong_def_hebrew:hebrew_def:Piel/parfait,OK_DEF_MATCH,Piel / Parfait
V-Piel-Perf-1cs | 2ms,<p>Verb - Piel - Perfect - first person common singular </p><p>+ second person masculine singular</p>,H8765,V-Piel-Perf,hebrew,allstrong_def_hebrew:hebrew_def:Piel/parfait,OK_DEF_MATCH,Piel / Parfait
V-Piel-Perf-1cs | 3fs,<p>Verb - Piel - Perfect - first person common singular </p><p>+ third person feminine singular</p>,H8765,V-Piel-Perf,hebrew,allstrong_def_hebrew:hebrew_def:Piel/parfait,OK_DEF_MATCH,Piel / Parfait
V-Piel-Perf-1cs | 3mp,<p>Verb - Piel - Perfect - first person common singular </p><p>+ third person masculine plural</p>,H8765,V-Piel-Perf,hebrew,allstrong_def_hebrew:hebrew_def:Piel/parfait,OK_DEF_MATCH,Piel / Parfait
V-Piel-Perf-1cs | 3ms,<p>Verb - Piel - Perfect - first person common singular </p><p>+ third person masculine singular</p>,H8765,V-Piel-Perf,hebrew,allstrong_def_hebrew:hebrew_def:Piel/parfait,OK_DEF_MATCH,Piel / Parfait
V-Piel-Perf-2fp,<p>Verb - Piel - Perfect - second person feminine plural</p>,H8765,V-Piel-Perf,hebrew,allstrong_def_hebrew:hebrew_def:Piel/parfait,OK_DEF_MATCH,Piel / Parfait
V-Piel-Perf-2fs,<p>Verb - Piel - Perfect - second person feminine singular</p>,H8765,V-Piel-Perf,hebrew,allstrong_def_hebrew:hebrew_def:Piel/parfait,OK_DEF_MATCH,Piel / Parfait
V-Piel-Perf-2fs | 1cs,<p>Verb - Piel - Perfect - second person feminine singular </p><p>+ first person common singular</p>,H8765,V-Piel-Perf,hebrew,allstrong_def_hebrew:hebrew_def:Piel/parfait,OK_DEF_MATCH,Piel / Parfait
V-Piel-Perf-2mp,<p>Verb - Piel - Perfect - second person masculine plural</p>,H8765,V-Piel-Perf,hebrew,allstrong_def_hebrew:hebrew_def:Piel/parfait,OK_DEF_MATCH,Piel / Parfait
V-Piel-Perf-2ms,<p>Verb - Piel - Perfect - second person masculine singular</p>,H8765,V-Piel-Perf,hebrew,allstrong_def_hebrew:hebrew_def:Piel/parfait,OK_DEF_MATCH,Piel / Parfait
V-Piel-Perf-2ms | 1cp,<p>Verb - Piel - Perfect - second person masculine singular </p><p>+ first person common plural</p>,H8765,V-Piel-Perf,hebrew,allstrong_def_hebrew:hebrew_def:Piel/parfait,OK_DEF_MATCH,Piel / Parfait
V-Piel-Perf-2ms | 1cs,<p>Verb - Piel - Perfect - second person masculine singular </p><p>+ first person common singular</p>,H8765,V-Piel-Perf,hebrew,allstrong_def_hebrew:hebrew_def:Piel/parfait,OK_DEF_MATCH,Piel / Parfait
V-Piel-Perf-2ms | 3fs,<p>Verb - Piel - Perfect - second person masculine singular </p><p>+ third person feminine singular</p>,H8765,V-Piel-Perf,hebrew,allstrong_def_hebrew:hebrew_def:Piel/parfait,OK_DEF_MATCH,Piel / Parfait
V-Piel-Perf-2ms | 3mp,<p>Verb - Piel - Perfect - second person masculine singular </p><p>+ third person masculine plural</p>,H8765,V-Piel-Perf,hebrew,allstrong_def_hebrew:hebrew_def:Piel/parfait,OK_DEF_MATCH,Piel / Parfait
V-Piel-Perf-2ms | 3ms,<p>Verb - Piel - Perfect - second person masculine singular </p><p>+ third person masculine singular</p>,H8765,V-Piel-Perf,hebrew,allstrong_def_hebrew:hebrew_def:Piel/parfait,OK_DEF_MATCH,Piel / Parfait
V-Piel-Perf-3cp,<p>Verb - Piel - Perfect - third person common plural</p>,H8765,V-Piel-Perf,hebrew,allstrong_def_hebrew:hebrew_def:Piel/parfait,OK_DEF_MATCH,Piel / Parfait
V-Piel-Perf-3cp | 1cs,<p>Verb - Piel - Perfect - third person common plural </p><p>+ first person common singular</p>,H8765,V-Piel-Perf,hebrew,allstrong_def_hebrew:hebrew_def:Piel/parfait,OK_DEF_MATCH,Piel / Parfait
V-Piel-Perf-3cp | 2fs,<p>Verb - Piel - Perfect - third person common plural </p><p>+ second person feminine singular</p>,H8765,V-Piel-Perf,hebrew,allstrong_def_hebrew:hebrew_def:Piel/parfait,OK_DEF_MATCH,Piel / Parfait
V-Piel-Perf-3cp | 2ms,<p>Verb - Piel - Perfect - third person common plural </p><p>+ second person masculine singular</p>,H8765,V-Piel-Perf,hebrew,allstrong_def_hebrew:hebrew_def:Piel/parfait,OK_DEF_MATCH,Piel / Parfait
V-Piel-Perf-3cp | 3fs,<p>Verb - Piel - Perfect - third person common plural </p><p>+ third person feminine singular</p>,H8765,V-Piel-Perf,hebrew,allstrong_def_hebrew:hebrew_def:Piel/parfait,OK_DEF_MATCH,Piel / Parfait
V-Piel-Perf-3cp | 3mp,<p>Verb - Piel - Perfect - third person common plural </p><p>+ third person masculine plural</p>,H8765,V-Piel-Perf,hebrew,allstrong_def_hebrew:hebrew_def:Piel/parfait,OK_DEF_MATCH,Piel / Parfait
V-Piel-Perf-3cp | 3ms,<p>Verb - Piel - Perfect - third person common plural </p><p>+ third person masculine singular</p>,H8765,V-Piel-Perf,hebrew,allstrong_def_hebrew:hebrew_def:Piel/parfait,OK_DEF_MATCH,Piel / Parfait
V-Piel-Perf-3fs,<p>Verb - Piel - Perfect - third person feminine singular</p>,H8765,V-Piel-Perf,hebrew,allstrong_def_hebrew:hebrew_def:Piel/parfait,OK_DEF_MATCH,Piel / Parfait
V-Piel-Perf-3fs | 1cs,<p>Verb - Piel - Perfect - third person feminine singular </p><p>+ first person common singular</p>,H8765,V-Piel-Perf,hebrew,allstrong_def_hebrew:hebrew_def:Piel/parfait,OK_DEF_MATCH,Piel / Parfait
V-Piel-Perf-3fs | 2fs,<p>Verb - Piel - Perfect - third person feminine singular </p><p>+ second person feminine singular</p>,H8765,V-Piel-Perf,hebrew,allstrong_def_hebrew:hebrew_def:Piel/parfait,OK_DEF_MATCH,Piel / Parfait
V-Piel-Perf-3fs | 3fs,<p>Verb - Piel - Perfect - third person feminine singular </p><p>+ third person feminine singular</p>,H8765,V-Piel-Perf,hebrew,allstrong_def_hebrew:hebrew_def:Piel/parfait,OK_DEF_MATCH,Piel / Parfait
V-Piel-Perf-3fs | 3ms,<p>Verb - Piel - Perfect - third person feminine singular </p><p>+ third person masculine singular</p>,H8765,V-Piel-Perf,hebrew,allstrong_def_hebrew:hebrew_def:Piel/parfait,OK_DEF_MATCH,Piel / Parfait
V-Piel-Perf-3ms,<p>Verb - Piel - Perfect - third person masculine singular</p>,H8765,V-Piel-Perf,hebrew,allstrong_def_hebrew:hebrew_def:Piel/parfait,OK_DEF_MATCH,Piel / Parfait
V-Piel-Perf-3ms | 1cp,<p>Verb - Piel - Perfect - third person masculine singular </p><p>+ first person common plural</p>,H8765,V-Piel-Perf,hebrew,allstrong_def_hebrew:hebrew_def:Piel/parfait,OK_DEF_MATCH,Piel / Parfait
V-Piel-Perf-3ms | 1cs,<p>Verb - Piel - Perfect - third person masculine singular </p><p>+ first person common singular</p>,H8765,V-Piel-Perf,hebrew,allstrong_def_hebrew:hebrew_def:Piel/parfait,OK_DEF_MATCH,Piel / Parfait
V-Piel-Perf-3ms | 1cse,<p>Verb - Piel - Perfect - third person masculine singular </p><p>+ first person common singular</p>,H8765,V-Piel-Perf,hebrew,allstrong_def_hebrew:hebrew_def:Piel/parfait,OK_DEF_MATCH,Piel / Parfait
V-Piel-Perf-3ms | 2ms,<p>Verb - Piel - Perfect - third person masculine singular </p><p>+ second person masculine singular</p>,H8765,V-Piel-Perf,hebrew,allstrong_def_hebrew:hebrew_def:Piel/parfait,OK_DEF_MATCH,Piel / Parfait
V-Piel-Perf-3ms | 3fp,<p>Verb - Piel - Perfect - third person masculine singular </p><p>+ third person feminine plural</p>,H8765,V-Piel-Perf,hebrew,allstrong_def_hebrew:hebrew_def:Piel/parfait,OK_DEF_MATCH,Piel / Parfait
V-Piel-Perf-3ms | 3fs,<p>Verb - Piel - Perfect - third person masculine singular </p><p>+ third person feminine singular</p>,H8765,V-Piel-Perf,hebrew,allstrong_def_hebrew:hebrew_def:Piel/parfait,OK_DEF_MATCH,Piel / Parfait
V-Piel-Perf-3ms | 3mp,<p>Verb - Piel - Perfect - third person masculine singular </p><p>+ third person masculine plural</p>,H8765,V-Piel-Perf,hebrew,allstrong_def_hebrew:hebrew_def:Piel/parfait,OK_DEF_MATCH,Piel / Parfait
V-Piel-Perf-3ms | 3ms,<p>Verb - Piel - Perfect - third person masculine singular </p><p>+ third person masculine singular</p>,H8765,V-Piel-Perf,hebrew,allstrong_def_hebrew:hebrew_def:Piel/parfait,OK_DEF_MATCH,Piel / Parfait
V-Piel-Prtcpl-fp,<p>Verb - Piel - Participle - feminine plural</p>,H8764,V-Piel-Prtcpl,hebrew,allstrong_def_hebrew:hebrew_def:Piel/participe,OK_DEF_MATCH,Piel / Participe
V-Piel-Prtcpl-fs,<p>Verb - Piel - Participle - feminine singular</p>,H8764,V-Piel-Prtcpl,hebrew,allstrong_def_hebrew:hebrew_def:Piel/participe,OK_DEF_MATCH,Piel / Participe
V-Piel-Prtcpl-fsc,<p>Verb - Piel - Participle - feminine singular construct</p>,H8764,V-Piel-Prtcpl,hebrew,allstrong_def_hebrew:hebrew_def:Piel/participe,OK_DEF_MATCH,Piel / Participe
V-Piel-Prtcpl-fsc | 2ms,<p>Verb - Piel - Participle - feminine singular construct </p><p>+ second person masculine singular</p>,H8764,V-Piel-Prtcpl,hebrew,allstrong_def_hebrew:hebrew_def:Piel/participe,OK_DEF_MATCH,Piel / Participe
V-Piel-Prtcpl-mp,<p>Verb - Piel - Participle - masculine plural</p>,H8764,V-Piel-Prtcpl,hebrew,allstrong_def_hebrew:hebrew_def:Piel/participe,OK_DEF_MATCH,Piel / Participe
V-Piel-Prtcpl-mpc,<p>Verb - Piel - Participle - masculine plural construct</p>,H8764,V-Piel-Prtcpl,hebrew,allstrong_def_hebrew:hebrew_def:Piel/participe,OK_DEF_MATCH,Piel / Participe
V-Piel-Prtcpl-mpc | 1cs,<p>Verb - Piel - Participle - masculine plural construct </p><p>+ first person common singular</p>,H8764,V-Piel-Prtcpl,hebrew,allstrong_def_hebrew:hebrew_def:Piel/participe,OK_DEF_MATCH,Piel / Participe
V-Piel-Prtcpl-mpc | 2fs,<p>Verb - Piel - Participle - masculine plural construct </p><p>+ second person feminine singular</p>,H8764,V-Piel-Prtcpl,hebrew,allstrong_def_hebrew:hebrew_def:Piel/participe,OK_DEF_MATCH,Piel / Participe
V-Piel-Prtcpl-mpc | 2mp,<p>Verb - Piel - Participle - masculine plural construct </p><p>+ second person masculine plural</p>,H8764,V-Piel-Prtcpl,hebrew,allstrong_def_hebrew:hebrew_def:Piel/participe,OK_DEF_MATCH,Piel / Participe
V-Piel-Prtcpl-mpc | 2ms,<p>Verb - Piel - Participle - masculine plural construct </p><p>+ second person masculine singular</p>,H8764,V-Piel-Prtcpl,hebrew,allstrong_def_hebrew:hebrew_def:Piel/participe,OK_DEF_MATCH,Piel / Participe
V-Piel-Prtcpl-mpc | 3fs,<p>Verb - Piel - Participle - masculine plural construct </p><p>+ third person feminine singular</p>,H8764,V-Piel-Prtcpl,hebrew,allstrong_def_hebrew:hebrew_def:Piel/participe,OK_DEF_MATCH,Piel / Participe
V-Piel-Prtcpl-mpc | 3ms,<p>Verb - Piel - Participle - masculine plural construct </p><p>+ third person masculine singular</p>,H8764,V-Piel-Prtcpl,hebrew,allstrong_def_hebrew:hebrew_def:Piel/participe,OK_DEF_MATCH,Piel / Participe
V-Piel-Prtcpl-ms,<p>Verb - Piel - Participle - masculine singular</p>,H8764,V-Piel-Prtcpl,hebrew,allstrong_def_hebrew:hebrew_def:Piel/participe,OK_DEF_MATCH,Piel / Participe
V-Piel-Prtcpl-msc,<p>Verb - Piel - Participle - masculine singular construct</p>,H8764,V-Piel-Prtcpl,hebrew,allstrong_def_hebrew:hebrew_def:Piel/participe,OK_DEF_MATCH,Piel / Participe
V-Piel-Prtcpl-msc | 1cp,<p>Verb - Piel - Participle - masculine singular construct </p><p>+ first person common plural</p>,H8764,V-Piel-Prtcpl,hebrew,allstrong_def_hebrew:hebrew_def:Piel/participe,OK_DEF_MATCH,Piel / Participe
V-Piel-Prtcpl-msc | 1cs,<p>Verb - Piel - Participle - masculine singular construct </p><p>+ first person common singular</p>,H8764,V-Piel-Prtcpl,hebrew,allstrong_def_hebrew:hebrew_def:Piel/participe,OK_DEF_MATCH,Piel / Participe
V-Piel-Prtcpl-msc | 2fs,<p>Verb - Piel - Participle - masculine singular construct </p><p>+ second person feminine singular</p>,H8764,V-Piel-Prtcpl,hebrew,allstrong_def_hebrew:hebrew_def:Piel/participe,OK_DEF_MATCH,Piel / Participe
V-Piel-Prtcpl-msc | 2mp,<p>Verb - Piel - Participle - masculine singular construct </p><p>+ second person masculine plural</p>,H8764,V-Piel-Prtcpl,hebrew,allstrong_def_hebrew:hebrew_def:Piel/participe,OK_DEF_MATCH,Piel / Participe
V-Piel-Prtcpl-msc | 2ms,<p>Verb - Piel - Participle - masculine singular construct </p><p>+ second person masculine singular</p>,H8764,V-Piel-Prtcpl,hebrew,allstrong_def_hebrew:hebrew_def:Piel/participe,OK_DEF_MATCH,Piel / Participe
V-Piel-Prtcpl-msc | 3fs,<p>Verb - Piel - Participle - masculine singular construct </p><p>+ third person feminine singular</p>,H8764,V-Piel-Prtcpl,hebrew,allstrong_def_hebrew:hebrew_def:Piel/participe,OK_DEF_MATCH,Piel / Participe
V-Piel-Prtcpl-msc | 3mp,<p>Verb - Piel - Participle - masculine singular construct </p><p>+ third person masculine plural</p>,H8764,V-Piel-Prtcpl,hebrew,allstrong_def_hebrew:hebrew_def:Piel/participe,OK_DEF_MATCH,Piel / Participe
V-Piel-Prtcpl-msc | 3ms,<p>Verb - Piel - Participle - masculine singular construct </p><p>+ third person masculine singular</p>,H8764,V-Piel-Prtcpl,hebrew,allstrong_def_hebrew:hebrew_def:Piel/participe,OK_DEF_MATCH,Piel / Participe
V-PIM-1P,<p>Verb - Present Indicative Middle - 1st Person Plural</p>,G5731,V-PIM,greek,greek_table:V-PMI:confirmed_by_allstrong,OK_DEF_MATCH,Présent / Moyenne / Indicatif
V-PIM-1S,<p>Verb - Present Indicative Middle - 1st Person Singular</p>,G5731,V-PIM,greek,greek_table:V-PMI:confirmed_by_allstrong,OK_DEF_MATCH,Présent / Moyenne / Indicatif
V-PIM-2P,<p>Verb - Present Indicative Middle - 2nd Person Plural</p>,G5731,V-PIM,greek,greek_table:V-PMI:confirmed_by_allstrong,OK_DEF_MATCH,Présent / Moyenne / Indicatif
V-PIM-3P,<p>Verb - Present Indicative Middle - 3rd Person Plural</p>,G5731,V-PIM,greek,greek_table:V-PMI:confirmed_by_allstrong,OK_DEF_MATCH,Présent / Moyenne / Indicatif
V-PIM-3S,<p>Verb - Present Indicative Middle - 3rd Person Singular</p>,G5731,V-PIM,greek,greek_table:V-PMI:confirmed_by_allstrong,OK_DEF_MATCH,Présent / Moyenne / Indicatif
V-PIM/P-1P,<p>Verb - Present Indicative Middle or Passive - 1st Person Plural</p>,G5736,V-PIM/P,greek,allstrong_def_greek:Présent / Moyenne ou Passive Déponente / Indicatif,OK_DEF_MATCH,Présent / Moyenne ou Passive Déponente / Indicatif
V-PIM/P-1S,<p>Verb - Present Indicative Middle or Passive - 1st Person Singular</p>,G5736,V-PIM/P,greek,allstrong_def_greek:Présent / Moyenne ou Passive Déponente / Indicatif,OK_DEF_MATCH,Présent / Moyenne ou Passive Déponente / Indicatif
V-PIM/P-2P,<p>Verb - Present Indicative Middle or Passive - 2nd Person Plural</p>,G5736,V-PIM/P,greek,allstrong_def_greek:Présent / Moyenne ou Passive Déponente / Indicatif,OK_DEF_MATCH,Présent / Moyenne ou Passive Déponente / Indicatif
V-PIM/P-2S,<p>Verb - Present Indicative Middle or Passive - 2nd Person Singular</p>,G5736,V-PIM/P,greek,allstrong_def_greek:Présent / Moyenne ou Passive Déponente / Indicatif,OK_DEF_MATCH,Présent / Moyenne ou Passive Déponente / Indicatif
V-PIM/P-3P,<p>Verb - Present Indicative Middle or Passive - 3rd Person Plural</p>,G5736,V-PIM/P,greek,allstrong_def_greek:Présent / Moyenne ou Passive Déponente / Indicatif,OK_DEF_MATCH,Présent / Moyenne ou Passive Déponente / Indicatif
V-PIM/P-3S,<p>Verb - Present Indicative Middle or Passive - 3rd Person Singular</p>,G5736,V-PIM/P,greek,allstrong_def_greek:Présent / Moyenne ou Passive Déponente / Indicatif,OK_DEF_MATCH,Présent / Moyenne ou Passive Déponente / Indicatif
V-PIP-1S,<p>Verb - Present Indicative Passive - 1st Person Singular</p>,G5743,V-PIP,greek,greek_table:V-PPI:confirmed_by_allstrong,OK_DEF_MATCH,Présent / Passive / Indicatif
V-PIP-3S,<p>Verb - Present Indicative Passive - 3rd Person Singular</p>,G5743,V-PIP,greek,greek_table:V-PPI:confirmed_by_allstrong,OK_DEF_MATCH,Présent / Passive / Indicatif
V-PMA-2P,<p>Verb - Present Imperative Active - 2nd Person Plural</p>,G5720,V-PMA,greek,allstrong_def_greek:Présent / Active / Impératif,OK_DEF_MATCH,Présent / Active / Impératif
V-PMA-2S,<p>Verb - Present Imperative Active - 2nd Person Singular</p>,G5720,V-PMA,greek,allstrong_def_greek:Présent / Active / Impératif,OK_DEF_MATCH,Présent / Active / Impératif
V-PMA-3P,<p>Verb - Present Imperative Active - 3rd Person Plural</p>,G5720,V-PMA,greek,allstrong_def_greek:Présent / Active / Impératif,OK_DEF_MATCH,Présent / Active / Impératif
V-PMA-3S,<p>Verb - Present Imperative Active - 3rd Person Singular</p>,G5720,V-PMA,greek,allstrong_def_greek:Présent / Active / Impératif,OK_DEF_MATCH,Présent / Active / Impératif
V-PMM-2P,<p>Verb - Present Imperative Middle - 2nd Person Plural</p>,G5732,V-PMM,greek,greek_table:V-PMM:confirmed_by_allstrong,OK_DEF_MATCH,Présent / Moyenne / Impératif
V-PMM-2S,<p>Verb - Present Imperative Middle - 2nd Person Singular</p>,G5732,V-PMM,greek,greek_table:V-PMM:confirmed_by_allstrong,OK_DEF_MATCH,Présent / Moyenne / Impératif
V-PMM/P-2P,<p>Verb - Present Imperative Middle or Passive - 2nd Person Plural</p>,G5737,V-PMM/P,greek,allstrong_def_greek:Présent / Moyenne ou Passive Déponente / Impératif,OK_DEF_MATCH,Présent / Moyenne ou Passive Déponente / Impératif
V-PMM/P-2S,<p>Verb - Present Imperative Middle or Passive - 2nd Person Singular</p>,G5737,V-PMM/P,greek,allstrong_def_greek:Présent / Moyenne ou Passive Déponente / Impératif,OK_DEF_MATCH,Présent / Moyenne ou Passive Déponente / Impératif
V-PMM/P-3P,<p>Verb - Present Imperative Middle or Passive - 3rd Person Plural</p>,G5737,V-PMM/P,greek,allstrong_def_greek:Présent / Moyenne ou Passive Déponente / Impératif,OK_DEF_MATCH,Présent / Moyenne ou Passive Déponente / Impératif
V-PMM/P-3S,<p>Verb - Present Imperative Middle or Passive - 3rd Person Singular</p>,G5737,V-PMM/P,greek,allstrong_def_greek:Présent / Moyenne ou Passive Déponente / Impératif,OK_DEF_MATCH,Présent / Moyenne ou Passive Déponente / Impératif
V-PMP-2P,<p>Verb - Present Imperative Passive - 2nd Person Plural</p>,G5744,V-PMP,greek,greek_table:V-PPM:confirmed_by_allstrong,OK_DEF_MATCH,Présent / Passive / Impératif
V-PMP-3S,<p>Verb - Present Imperative Passive - 3rd Person Singular</p>,G5744,V-PMP,greek,greek_table:V-PPM:confirmed_by_allstrong,OK_DEF_MATCH,Présent / Passive / Impératif
V-PNA,<p>Verb - Present Infinitive Active</p>,G5721,V-PNA,greek,allstrong_def_greek:Présent / Active / Infinitif,OK_DEF_MATCH,Présent / Active / Infinitif
V-PNM,<p>Verb - Present Infinitive Middle</p>,G5733,V-PNM,greek,greek_table:V-PMN:confirmed_by_allstrong,OK_DEF_MATCH,Présent / Moyenne / Infinitif
V-PNM/P,<p>Verb - Present Infinitive Middle or Passive</p>,G5738,V-PNM/P,greek,allstrong_def_greek:Présent / Moyenne ou Passive Déponente / Infinitif,OK_DEF_MATCH,Présent / Moyenne ou Passive Déponente / Infinitif
V-PNP,<p>Verb - Present Infinitive Passive</p>,G5745,V-PNP,greek,greek_table:V-PPN:confirmed_by_allstrong,OK_DEF_MATCH,Présent / Passive / Infinitif
V-POA-2P,<p>Verb - Present Optative Active - 2nd Person Plural</p>,G5722,V-POA,greek,allstrong_def_greek:Présent / Active / Optatif,OK_DEF_MATCH,Présent / Active / Optatif
V-POA-3P,<p>Verb - Present Optative Active - 3rd Person Plural</p>,G5722,V-POA,greek,allstrong_def_greek:Présent / Active / Optatif,OK_DEF_MATCH,Présent / Active / Optatif
V-POA-3S,<p>Verb - Present Optative Active - 3rd Person Singular</p>,G5722,V-POA,greek,allstrong_def_greek:Présent / Active / Optatif,OK_DEF_MATCH,Présent / Active / Optatif
V-POM/P-1S,<p>Verb - Present Optative Middle or Passive - 1st Person Singular</p>,G5739,V-POM/P,greek,allstrong_def_greek:Présent / Moyenne ou Passive Déponente / Optatif,OK_DEF_MATCH,Présent / Moyenne ou Passive Déponente / Optatif
V-POM/P-3P,<p>Verb - Present Optative Middle or Passive - 3rd Person Plural</p>,G5739,V-POM/P,greek,allstrong_def_greek:Présent / Moyenne ou Passive Déponente / Optatif,OK_DEF_MATCH,Présent / Moyenne ou Passive Déponente / Optatif
V-POM/P-3S,<p>Verb - Present Optative Middle or Passive - 3rd Person Singular</p>,G5739,V-POM/P,greek,allstrong_def_greek:Présent / Moyenne ou Passive Déponente / Optatif,OK_DEF_MATCH,Présent / Moyenne ou Passive Déponente / Optatif
V-PPA-AFP,<p>Verb - Present Participle Active - Accusative Feminine Plural</p>,G5723,V-PPA,greek,allstrong_def_greek:Présent / Active / Participe,OK_DEF_MATCH,Présent / Active / Participe
V-PPA-AFS,<p>Verb - Present Participle Active - Accusative Feminine Singular</p>,G5723,V-PPA,greek,allstrong_def_greek:Présent / Active / Participe,OK_DEF_MATCH,Présent / Active / Participe
V-PPA-AMP,<p>Verb - Present Participle Active - Accusative Masculine Plural</p>,G5723,V-PPA,greek,allstrong_def_greek:Présent / Active / Participe,OK_DEF_MATCH,Présent / Active / Participe
V-PPA-AMS,<p>Verb - Present Participle Active - Accusative Masculine Singular</p>,G5723,V-PPA,greek,allstrong_def_greek:Présent / Active / Participe,OK_DEF_MATCH,Présent / Active / Participe
V-PPA-ANP,<p>Verb - Present Participle Active - Accusative Neuter Plural</p>,G5723,V-PPA,greek,allstrong_def_greek:Présent / Active / Participe,OK_DEF_MATCH,Présent / Active / Participe
V-PPA-ANS,<p>Verb - Present Participle Active - Accusative Neuter Singular</p>,G5723,V-PPA,greek,allstrong_def_greek:Présent / Active / Participe,OK_DEF_MATCH,Présent / Active / Participe
V-PPA-DFP,<p>Verb - Present Participle Active - Dative Feminine Plural</p>,G5723,V-PPA,greek,allstrong_def_greek:Présent / Active / Participe,OK_DEF_MATCH,Présent / Active / Participe
V-PPA-DFS,<p>Verb - Present Participle Active - Dative Feminine Singular</p>,G5723,V-PPA,greek,allstrong_def_greek:Présent / Active / Participe,OK_DEF_MATCH,Présent / Active / Participe
V-PPA-DMP,<p>Verb - Present Participle Active - Dative Masculine Plural</p>,G5723,V-PPA,greek,allstrong_def_greek:Présent / Active / Participe,OK_DEF_MATCH,Présent / Active / Participe
V-PPA-DMS,<p>Verb - Present Participle Active - Dative Masculine Singular</p>,G5723,V-PPA,greek,allstrong_def_greek:Présent / Active / Participe,OK_DEF_MATCH,Présent / Active / Participe
V-PPA-DNP,<p>Verb - Present Participle Active - Dative Neuter Plural</p>,G5723,V-PPA,greek,allstrong_def_greek:Présent / Active / Participe,OK_DEF_MATCH,Présent / Active / Participe
V-PPA-DNS,<p>Verb - Present Participle Active - Dative Neuter Singular</p>,G5723,V-PPA,greek,allstrong_def_greek:Présent / Active / Participe,OK_DEF_MATCH,Présent / Active / Participe
V-PPA-GFP,<p>Verb - Present Participle Active - Genitive Feminine Plural</p>,G5723,V-PPA,greek,allstrong_def_greek:Présent / Active / Participe,OK_DEF_MATCH,Présent / Active / Participe
V-PPA-GFS,<p>Verb - Present Participle Active - Genitive Feminine Singular</p>,G5723,V-PPA,greek,allstrong_def_greek:Présent / Active / Participe,OK_DEF_MATCH,Présent / Active / Participe
V-PPA-GMP,<p>Verb - Present Participle Active - Genitive Masculine Plural</p>,G5723,V-PPA,greek,allstrong_def_greek:Présent / Active / Participe,OK_DEF_MATCH,Présent / Active / Participe
V-PPA-GMS,<p>Verb - Present Participle Active - Genitive Masculine Singular</p>,G5723,V-PPA,greek,allstrong_def_greek:Présent / Active / Participe,OK_DEF_MATCH,Présent / Active / Participe
V-PPA-GNP,<p>Verb - Present Participle Active - Genitive Neuter Plural</p>,G5723,V-PPA,greek,allstrong_def_greek:Présent / Active / Participe,OK_DEF_MATCH,Présent / Active / Participe
V-PPA-GNS,<p>Verb - Present Participle Active - Genitive Neuter Singular</p>,G5723,V-PPA,greek,allstrong_def_greek:Présent / Active / Participe,OK_DEF_MATCH,Présent / Active / Participe
V-PPA-NFP,<p>Verb - Present Participle Active - Nominative Feminine Plural</p>,G5723,V-PPA,greek,allstrong_def_greek:Présent / Active / Participe,OK_DEF_MATCH,Présent / Active / Participe
V-PPA-NFS,<p>Verb - Present Participle Active - Nominative Feminine Singular</p>,G5723,V-PPA,greek,allstrong_def_greek:Présent / Active / Participe,OK_DEF_MATCH,Présent / Active / Participe
V-PPA-NMP,<p>Verb - Present Participle Active - Nominative Masculine Plural</p>,G5723,V-PPA,greek,allstrong_def_greek:Présent / Active / Participe,OK_DEF_MATCH,Présent / Active / Participe
V-PPA-NMS,<p>Verb - Present Participle Active - Nominative Masculine Singular</p>,G5723,V-PPA,greek,allstrong_def_greek:Présent / Active / Participe,OK_DEF_MATCH,Présent / Active / Participe
V-PPA-NNP,<p>Verb - Present Participle Active - Nominative Neuter Plural</p>,G5723,V-PPA,greek,allstrong_def_greek:Présent / Active / Participe,OK_DEF_MATCH,Présent / Active / Participe
V-PPA-NNS,<p>Verb - Present Participle Active - Nominative Neuter Singular</p>,G5723,V-PPA,greek,allstrong_def_greek:Présent / Active / Participe,OK_DEF_MATCH,Présent / Active / Participe
V-PPA-VFS,<p>Verb - Present Participle Active - Vocative Feminine Singular</p>,G5723,V-PPA,greek,allstrong_def_greek:Présent / Active / Participe,OK_DEF_MATCH,Présent / Active / Participe
V-PPA-VMP,<p>Verb - Present Participle Active - Vocative Masculine Plural</p>,G5723,V-PPA,greek,allstrong_def_greek:Présent / Active / Participe,OK_DEF_MATCH,Présent / Active / Participe
V-PPA-VMS,<p>Verb - Present Participle Active - Vocative Masculine Singular</p>,G5723,V-PPA,greek,allstrong_def_greek:Présent / Active / Participe,OK_DEF_MATCH,Présent / Active / Participe
V-PPM-AFS,<p>Verb - Present Participle Middle - Accusative Feminine Singular</p>,G5734,V-PPM,greek,greek_table:V-PMP:confirmed_by_allstrong,OK_DEF_MATCH,Présent / Moyenne / Participe
V-PPM-AMP,<p>Verb - Present Participle Middle - Accusative Masculine Plural</p>,G5734,V-PPM,greek,greek_table:V-PMP:confirmed_by_allstrong,OK_DEF_MATCH,Présent / Moyenne / Participe
V-PPM-AMS,<p>Verb - Present Participle Middle - Accusative Masculine Singular</p>,G5734,V-PPM,greek,greek_table:V-PMP:confirmed_by_allstrong,OK_DEF_MATCH,Présent / Moyenne / Participe
V-PPM-ANS,<p>Verb - Present Participle Middle - Accusative Neuter Singular</p>,G5734,V-PPM,greek,greek_table:V-PMP:confirmed_by_allstrong,OK_DEF_MATCH,Présent / Moyenne / Participe
V-PPM-DMP,<p>Verb - Present Participle Middle - Dative Masculine Plural</p>,G5734,V-PPM,greek,greek_table:V-PMP:confirmed_by_allstrong,OK_DEF_MATCH,Présent / Moyenne / Participe
V-PPM-DMS,<p>Verb - Present Participle Middle - Dative Masculine Singular</p>,G5734,V-PPM,greek,greek_table:V-PMP:confirmed_by_allstrong,OK_DEF_MATCH,Présent / Moyenne / Participe
V-PPM-GFP,<p>Verb - Present Participle Middle - Genitive Feminine Plural</p>,G5734,V-PPM,greek,greek_table:V-PMP:confirmed_by_allstrong,OK_DEF_MATCH,Présent / Moyenne / Participe
V-PPM-GFS,<p>Verb - Present Participle Middle - Genitive Feminine Singular</p>,G5734,V-PPM,greek,greek_table:V-PMP:confirmed_by_allstrong,OK_DEF_MATCH,Présent / Moyenne / Participe
V-PPM-GMP,<p>Verb - Present Participle Middle - Genitive Masculine Plural</p>,G5734,V-PPM,greek,greek_table:V-PMP:confirmed_by_allstrong,OK_DEF_MATCH,Présent / Moyenne / Participe
V-PPM-GMS,<p>Verb - Present Participle Middle - Genitive Masculine Singular</p>,G5734,V-PPM,greek,greek_table:V-PMP:confirmed_by_allstrong,OK_DEF_MATCH,Présent / Moyenne / Participe
V-PPM-GNP,<p>Verb - Present Participle Middle - Genitive Neuter Plural</p>,G5734,V-PPM,greek,greek_table:V-PMP:confirmed_by_allstrong,OK_DEF_MATCH,Présent / Moyenne / Participe
V-PPM-GNS,<p>Verb - Present Participle Middle - Genitive Neuter Singular</p>,G5734,V-PPM,greek,greek_table:V-PMP:confirmed_by_allstrong,OK_DEF_MATCH,Présent / Moyenne / Participe
V-PPM-NFP,<p>Verb - Present Participle Middle - Nominative Feminine Plural</p>,G5734,V-PPM,greek,greek_table:V-PMP:confirmed_by_allstrong,OK_DEF_MATCH,Présent / Moyenne / Participe
V-PPM-NFS,<p>Verb - Present Participle Middle - Nominative Feminine Singular</p>,G5734,V-PPM,greek,greek_table:V-PMP:confirmed_by_allstrong,OK_DEF_MATCH,Présent / Moyenne / Participe
V-PPM-NMP,<p>Verb - Present Participle Middle - Nominative Masculine Plural</p>,G5734,V-PPM,greek,greek_table:V-PMP:confirmed_by_allstrong,OK_DEF_MATCH,Présent / Moyenne / Participe
V-PPM-NMS,<p>Verb - Present Participle Middle - Nominative Masculine Singular</p>,G5734,V-PPM,greek,greek_table:V-PMP:confirmed_by_allstrong,OK_DEF_MATCH,Présent / Moyenne / Participe
V-PPM-NNS,<p>Verb - Present Participle Middle - Nominative Neuter Singular</p>,G5734,V-PPM,greek,greek_table:V-PMP:confirmed_by_allstrong,OK_DEF_MATCH,Présent / Moyenne / Participe
V-PPM/P-AFP,<p>Verb - Present Participle Middle or Passive - Accusative Feminine Plural</p>,G5740,V-PPM/P,greek,allstrong_def_greek:Présent / Moyenne ou Passive Déponente / Participe,OK_DEF_MATCH,Présent / Moyenne ou Passive Déponente / Participe
V-PPM/P-AFS,<p>Verb - Present Participle Middle or Passive - Accusative Feminine Singular</p>,G5740,V-PPM/P,greek,allstrong_def_greek:Présent / Moyenne ou Passive Déponente / Participe,OK_DEF_MATCH,Présent / Moyenne ou Passive Déponente / Participe
V-PPM/P-AMP,<p>Verb - Present Participle Middle or Passive - Accusative Masculine Plural</p>,G5740,V-PPM/P,greek,allstrong_def_greek:Présent / Moyenne ou Passive Déponente / Participe,OK_DEF_MATCH,Présent / Moyenne ou Passive Déponente / Participe
V-PPM/P-AMS,<p>Verb - Present Participle Middle or Passive - Accusative Masculine Singular</p>,G5740,V-PPM/P,greek,allstrong_def_greek:Présent / Moyenne ou Passive Déponente / Participe,OK_DEF_MATCH,Présent / Moyenne ou Passive Déponente / Participe
V-PPM/P-ANP,<p>Verb - Present Participle Middle or Passive - Accusative Neuter Plural</p>,G5740,V-PPM/P,greek,allstrong_def_greek:Présent / Moyenne ou Passive Déponente / Participe,OK_DEF_MATCH,Présent / Moyenne ou Passive Déponente / Participe
V-PPM/P-ANS,<p>Verb - Present Participle Middle or Passive - Accusative Neuter Singular</p>,G5740,V-PPM/P,greek,allstrong_def_greek:Présent / Moyenne ou Passive Déponente / Participe,OK_DEF_MATCH,Présent / Moyenne ou Passive Déponente / Participe
V-PPM/P-DFP,<p>Verb - Present Participle Middle or Passive - Dative Feminine Plural</p>,G5740,V-PPM/P,greek,allstrong_def_greek:Présent / Moyenne ou Passive Déponente / Participe,OK_DEF_MATCH,Présent / Moyenne ou Passive Déponente / Participe
V-PPM/P-DFS,<p>Verb - Present Participle Middle or Passive - Dative Feminine Singular</p>,G5740,V-PPM/P,greek,allstrong_def_greek:Présent / Moyenne ou Passive Déponente / Participe,OK_DEF_MATCH,Présent / Moyenne ou Passive Déponente / Participe
V-PPM/P-DMP,<p>Verb - Present Participle Middle or Passive - Dative Masculine Plural</p>,G5740,V-PPM/P,greek,allstrong_def_greek:Présent / Moyenne ou Passive Déponente / Participe,OK_DEF_MATCH,Présent / Moyenne ou Passive Déponente / Participe
V-PPM/P-DMS,<p>Verb - Present Participle Middle or Passive - Dative Masculine Singular</p>,G5740,V-PPM/P,greek,allstrong_def_greek:Présent / Moyenne ou Passive Déponente / Participe,OK_DEF_MATCH,Présent / Moyenne ou Passive Déponente / Participe
V-PPM/P-DNP,<p>Verb - Present Participle Middle or Passive - Dative Neuter Plural</p>,G5740,V-PPM/P,greek,allstrong_def_greek:Présent / Moyenne ou Passive Déponente / Participe,OK_DEF_MATCH,Présent / Moyenne ou Passive Déponente / Participe
V-PPM/P-DNS,<p>Verb - Present Participle Middle or Passive - Dative Neuter Singular</p>,G5740,V-PPM/P,greek,allstrong_def_greek:Présent / Moyenne ou Passive Déponente / Participe,OK_DEF_MATCH,Présent / Moyenne ou Passive Déponente / Participe
V-PPM/P-GFP,<p>Verb - Present Participle Middle or Passive - Genitive Feminine Plural</p>,G5740,V-PPM/P,greek,allstrong_def_greek:Présent / Moyenne ou Passive Déponente / Participe,OK_DEF_MATCH,Présent / Moyenne ou Passive Déponente / Participe
V-PPM/P-GFS,<p>Verb - Present Participle Middle or Passive - Genitive Feminine Singular</p>,G5740,V-PPM/P,greek,allstrong_def_greek:Présent / Moyenne ou Passive Déponente / Participe,OK_DEF_MATCH,Présent / Moyenne ou Passive Déponente / Participe
V-PPM/P-GMP,<p>Verb - Present Participle Middle or Passive - Genitive Masculine Plural</p>,G5740,V-PPM/P,greek,allstrong_def_greek:Présent / Moyenne ou Passive Déponente / Participe,OK_DEF_MATCH,Présent / Moyenne ou Passive Déponente / Participe
V-PPM/P-GMS,<p>Verb - Present Participle Middle or Passive - Genitive Masculine Singular</p>,G5740,V-PPM/P,greek,allstrong_def_greek:Présent / Moyenne ou Passive Déponente / Participe,OK_DEF_MATCH,Présent / Moyenne ou Passive Déponente / Participe
V-PPM/P-GNP,<p>Verb - Present Participle Middle or Passive - Genitive Neuter Plural</p>,G5740,V-PPM/P,greek,allstrong_def_greek:Présent / Moyenne ou Passive Déponente / Participe,OK_DEF_MATCH,Présent / Moyenne ou Passive Déponente / Participe
V-PPM/P-GNS,<p>Verb - Present Participle Middle or Passive - Genitive Neuter Singular</p>,G5740,V-PPM/P,greek,allstrong_def_greek:Présent / Moyenne ou Passive Déponente / Participe,OK_DEF_MATCH,Présent / Moyenne ou Passive Déponente / Participe
V-PPM/P-NFP,<p>Verb - Present Participle Middle or Passive - Nominative Feminine Plural</p>,G5740,V-PPM/P,greek,allstrong_def_greek:Présent / Moyenne ou Passive Déponente / Participe,OK_DEF_MATCH,Présent / Moyenne ou Passive Déponente / Participe
V-PPM/P-NFS,<p>Verb - Present Participle Middle or Passive - Nominative Feminine Singular</p>,G5740,V-PPM/P,greek,allstrong_def_greek:Présent / Moyenne ou Passive Déponente / Participe,OK_DEF_MATCH,Présent / Moyenne ou Passive Déponente / Participe
V-PPM/P-NMP,<p>Verb - Present Participle Middle or Passive - Nominative Masculine Plural</p>,G5740,V-PPM/P,greek,allstrong_def_greek:Présent / Moyenne ou Passive Déponente / Participe,OK_DEF_MATCH,Présent / Moyenne ou Passive Déponente / Participe
V-PPM/P-NMS,<p>Verb - Present Participle Middle or Passive - Nominative Masculine Singular</p>,G5740,V-PPM/P,greek,allstrong_def_greek:Présent / Moyenne ou Passive Déponente / Participe,OK_DEF_MATCH,Présent / Moyenne ou Passive Déponente / Participe
V-PPM/P-NNP,<p>Verb - Present Participle Middle or Passive - Nominative Neuter Plural</p>,G5740,V-PPM/P,greek,allstrong_def_greek:Présent / Moyenne ou Passive Déponente / Participe,OK_DEF_MATCH,Présent / Moyenne ou Passive Déponente / Participe
V-PPM/P-NNS,<p>Verb - Present Participle Middle or Passive - Nominative Neuter Singular</p>,G5740,V-PPM/P,greek,allstrong_def_greek:Présent / Moyenne ou Passive Déponente / Participe,OK_DEF_MATCH,Présent / Moyenne ou Passive Déponente / Participe
V-PPM/P-VMP,<p>Verb - Present Participle Middle or Passive - Vocative Masculine Plural</p>,G5740,V-PPM/P,greek,allstrong_def_greek:Présent / Moyenne ou Passive Déponente / Participe,OK_DEF_MATCH,Présent / Moyenne ou Passive Déponente / Participe
V-PPM/P-VMS,<p>Verb - Present Participle Middle or Passive - Vocative Masculine Singular</p>,G5740,V-PPM/P,greek,allstrong_def_greek:Présent / Moyenne ou Passive Déponente / Participe,OK_DEF_MATCH,Présent / Moyenne ou Passive Déponente / Participe
V-PPP-DMP,<p>Verb - Present Participle Passive - Dative Masculine Plural</p>,G5746,V-PPP,greek,greek_table:V-PPP:confirmed_by_allstrong,OK_DEF_MATCH,Présent / Passive / Participe
V-PPP-GMP,<p>Verb - Present Participle Passive - Genitive Masculine Plural</p>,G5746,V-PPP,greek,greek_table:V-PPP:confirmed_by_allstrong,OK_DEF_MATCH,Présent / Passive / Participe
V-PPP-GMS,<p>Verb - Present Participle Passive - Genitive Masculine Singular</p>,G5746,V-PPP,greek,greek_table:V-PPP:confirmed_by_allstrong,OK_DEF_MATCH,Présent / Passive / Participe
V-PPP-NMP,<p>Verb - Present Participle Passive - Nominative Masculine Plural</p>,G5746,V-PPP,greek,greek_table:V-PPP:confirmed_by_allstrong,OK_DEF_MATCH,Présent / Passive / Participe
V-PSA-1P,<p>Verb - Present Subjunctive Active - 1st Person Plural</p>,G5725,V-PSA,greek,allstrong_def_greek:Présent / Active / Subjonctif,OK_DEF_MATCH,Présent / Active / Subjonctif
V-PSA-1S,<p>Verb - Present Subjunctive Active - 1st Person Singular</p>,G5725,V-PSA,greek,allstrong_def_greek:Présent / Active / Subjonctif,OK_DEF_MATCH,Présent / Active / Subjonctif
V-PSA-2P,<p>Verb - Present Subjunctive Active - 2nd Person Plural</p>,G5725,V-PSA,greek,allstrong_def_greek:Présent / Active / Subjonctif,OK_DEF_MATCH,Présent / Active / Subjonctif
V-PSA-2S,<p>Verb - Present Subjunctive Active - 2nd Person Singular</p>,G5725,V-PSA,greek,allstrong_def_greek:Présent / Active / Subjonctif,OK_DEF_MATCH,Présent / Active / Subjonctif
V-PSA-3P,<p>Verb - Present Subjunctive Active - 3rd Person Plural</p>,G5725,V-PSA,greek,allstrong_def_greek:Présent / Active / Subjonctif,OK_DEF_MATCH,Présent / Active / Subjonctif
V-PSA-3S,<p>Verb - Present Subjunctive Active - 3rd Person Singular</p>,G5725,V-PSA,greek,allstrong_def_greek:Présent / Active / Subjonctif,OK_DEF_MATCH,Présent / Active / Subjonctif
V-PSM-1P,<p>Verb - Present Subjunctive Middle - 1st Person Plural</p>,G5735,V-PSM,greek,greek_table:V-PMS:confirmed_by_allstrong,OK_DEF_MATCH,Présent / Moyenne / Subjonctif
V-PSM-1S,<p>Verb - Present Subjunctive Middle - 1st Person Singular</p>,G5735,V-PSM,greek,greek_table:V-PMS:confirmed_by_allstrong,OK_DEF_MATCH,Présent / Moyenne / Subjonctif
V-PSM-2S,<p>Verb - Present Subjunctive Middle - 2nd Person Singular</p>,G5735,V-PSM,greek,greek_table:V-PMS:confirmed_by_allstrong,OK_DEF_MATCH,Présent / Moyenne / Subjonctif
V-PSM-3S,<p>Verb - Present Subjunctive Middle - 3rd Person Singular</p>,G5735,V-PSM,greek,greek_table:V-PMS:confirmed_by_allstrong,OK_DEF_MATCH,Présent / Moyenne / Subjonctif
V-PSM/P-1P,<p>Verb - Present Subjunctive Middle or Passive - 1st Person Plural</p>,G5741,V-PSM/P,greek,allstrong_def_greek:Présent / Moyenne ou Passive Déponente / Subjonctif,OK_DEF_MATCH,Présent / Moyenne ou Passive Déponente / Subjonctif
V-PSM/P-1S,<p>Verb - Present Subjunctive Middle or Passive - 1st Person Singular</p>,G5741,V-PSM/P,greek,allstrong_def_greek:Présent / Moyenne ou Passive Déponente / Subjonctif,OK_DEF_MATCH,Présent / Moyenne ou Passive Déponente / Subjonctif
V-PSM/P-2P,<p>Verb - Present Subjunctive Middle or Passive - 2nd Person Plural</p>,G5741,V-PSM/P,greek,allstrong_def_greek:Présent / Moyenne ou Passive Déponente / Subjonctif,OK_DEF_MATCH,Présent / Moyenne ou Passive Déponente / Subjonctif
V-PSM/P-2S,<p>Verb - Present Subjunctive Middle or Passive - 2nd Person Singular</p>,G5741,V-PSM/P,greek,allstrong_def_greek:Présent / Moyenne ou Passive Déponente / Subjonctif,OK_DEF_MATCH,Présent / Moyenne ou Passive Déponente / Subjonctif
V-PSM/P-3P,<p>Verb - Present Subjunctive Middle or Passive - 3rd Person Plural</p>,G5741,V-PSM/P,greek,allstrong_def_greek:Présent / Moyenne ou Passive Déponente / Subjonctif,OK_DEF_MATCH,Présent / Moyenne ou Passive Déponente / Subjonctif
V-PSM/P-3S,<p>Verb - Present Subjunctive Middle or Passive - 3rd Person Singular</p>,G5741,V-PSM/P,greek,allstrong_def_greek:Présent / Moyenne ou Passive Déponente / Subjonctif,OK_DEF_MATCH,Présent / Moyenne ou Passive Déponente / Subjonctif
V-Pual-Imperf,<p>Verb - Pual - Imperfect</p>,H8792,V-Pual-Imperf,hebrew,allstrong_def_hebrew:hebrew_def:Pual/imparfait,OK_DEF_MATCH,Pual / Imparfait
V-Pual-Imperf-2mp,<p>Verb - Pual - Imperfect - second person masculine plural</p>,H8792,V-Pual-Imperf,hebrew,allstrong_def_hebrew:hebrew_def:Pual/imparfait,OK_DEF_MATCH,Pual / Imparfait
V-Pual-Imperf-3fp,<p>Verb - Pual - Imperfect - third person feminine plural</p>,H8792,V-Pual-Imperf,hebrew,allstrong_def_hebrew:hebrew_def:Pual/imparfait,OK_DEF_MATCH,Pual / Imparfait
V-Pual-Imperf-3fs,<p>Verb - Pual - Imperfect - third person feminine singular</p>,H8792,V-Pual-Imperf,hebrew,allstrong_def_hebrew:hebrew_def:Pual/imparfait,OK_DEF_MATCH,Pual / Imparfait
V-Pual-Imperf-3mp,<p>Verb - Pual - Imperfect - third person masculine plural</p>,H8792,V-Pual-Imperf,hebrew,allstrong_def_hebrew:hebrew_def:Pual/imparfait,OK_DEF_MATCH,Pual / Imparfait
V-Pual-Imperf-3ms,<p>Verb - Pual - Imperfect - third person masculine singular</p>,H8792,V-Pual-Imperf,hebrew,allstrong_def_hebrew:hebrew_def:Pual/imparfait,OK_DEF_MATCH,Pual / Imparfait
V-Pual-Inf | 3ms,<p>Verb - Pual - Infinitive construct </p><p>+ third person masculine singular</p>,H8793,V-Pual-Inf,hebrew,allstrong_def_hebrew:hebrew_def:Pual/infinitif,OK_DEF_MATCH,Pual / Infinitif
V-Pual-InfAbs,<p>Verb - Pual - Infinitive absolute</p>,H8793,V-Pual-Inf,hebrew,allstrong_def_hebrew:hebrew_def:Pual/infinitif,OK_DEF_MATCH,Pual / Infinitif
V-Pual-Perf-1cp,<p>Verb - Pual - Perfect - first person common plural</p>,H8795,V-Pual-Perf,hebrew,allstrong_def_hebrew:hebrew_def:Pual/parfait,OK_DEF_MATCH,Pual / Parfait
V-Pual-Perf-1cs,<p>Verb - Pual - Perfect - first person common singular</p>,H8795,V-Pual-Perf,hebrew,allstrong_def_hebrew:hebrew_def:Pual/parfait,OK_DEF_MATCH,Pual / Parfait
V-Pual-Perf-2fs,<p>Verb - Pual - Perfect - second person feminine singular</p>,H8795,V-Pual-Perf,hebrew,allstrong_def_hebrew:hebrew_def:Pual/parfait,OK_DEF_MATCH,Pual / Parfait
V-Pual-Perf-2mp,<p>Verb - Pual - Perfect - second person masculine plural</p>,H8795,V-Pual-Perf,hebrew,allstrong_def_hebrew:hebrew_def:Pual/parfait,OK_DEF_MATCH,Pual / Parfait
V-Pual-Perf-2ms,<p>Verb - Pual - Perfect - second person masculine singular</p>,H8795,V-Pual-Perf,hebrew,allstrong_def_hebrew:hebrew_def:Pual/parfait,OK_DEF_MATCH,Pual / Parfait
V-Pual-Perf-3cp,<p>Verb - Pual - Perfect - third person common plural</p>,H8795,V-Pual-Perf,hebrew,allstrong_def_hebrew:hebrew_def:Pual/parfait,OK_DEF_MATCH,Pual / Parfait
V-Pual-Perf-3fs,<p>Verb - Pual - Perfect - third person feminine singular</p>,H8795,V-Pual-Perf,hebrew,allstrong_def_hebrew:hebrew_def:Pual/parfait,OK_DEF_MATCH,Pual / Parfait
V-Pual-Perf-3ms,<p>Verb - Pual - Perfect - third person masculine singular</p>,H8795,V-Pual-Perf,hebrew,allstrong_def_hebrew:hebrew_def:Pual/parfait,OK_DEF_MATCH,Pual / Parfait
V-Pual-Prtcpl-fp,<p>Verb - Pual - Participle - feminine plural</p>,H8794,V-Pual-Prtcpl,hebrew,allstrong_def_hebrew:hebrew_def:Pual/participe,OK_DEF_MATCH,Pual / Participe
V-Pual-Prtcpl-fs,<p>Verb - Pual - Participle - feminine singular</p>,H8794,V-Pual-Prtcpl,hebrew,allstrong_def_hebrew:hebrew_def:Pual/participe,OK_DEF_MATCH,Pual / Participe
V-Pual-Prtcpl-fsc,<p>Verb - Pual - Participle - feminine singular construct</p>,H8794,V-Pual-Prtcpl,hebrew,allstrong_def_hebrew:hebrew_def:Pual/participe,OK_DEF_MATCH,Pual / Participe
V-Pual-Prtcpl-mp,<p>Verb - Pual - Participle - masculine plural</p>,H8794,V-Pual-Prtcpl,hebrew,allstrong_def_hebrew:hebrew_def:Pual/participe,OK_DEF_MATCH,Pual / Participe
V-Pual-Prtcpl-mpc,<p>Verb - Pual - Participle - masculine plural construct</p>,H8794,V-Pual-Prtcpl,hebrew,allstrong_def_hebrew:hebrew_def:Pual/participe,OK_DEF_MATCH,Pual / Participe
V-Pual-Prtcpl-mpc | 1cs,<p>Verb - Pual - Participle - masculine plural construct </p><p>+ first person common singular</p>,H8794,V-Pual-Prtcpl,hebrew,allstrong_def_hebrew:hebrew_def:Pual/participe,OK_DEF_MATCH,Pual / Participe
V-Pual-Prtcpl-mpc | 3ms,<p>Verb - Pual - Participle - masculine plural construct </p><p>+ third person masculine singular</p>,H8794,V-Pual-Prtcpl,hebrew,allstrong_def_hebrew:hebrew_def:Pual/participe,OK_DEF_MATCH,Pual / Participe
V-Pual-Prtcpl-ms,<p>Verb - Pual - Participle - masculine singular</p>,H8794,V-Pual-Prtcpl,hebrew,allstrong_def_hebrew:hebrew_def:Pual/participe,OK_DEF_MATCH,Pual / Participe
V-Pual-Prtcpl-msc | 1cs,<p>Verb - Pual - Participle - masculine singular construct </p><p>+ first person common singular</p>,H8794,V-Pual-Prtcpl,hebrew,allstrong_def_hebrew:hebrew_def:Pual/participe,OK_DEF_MATCH,Pual / Participe
V-Qal-Imp-fp,<p>Verb - Qal - Imperative - feminine plural</p>,H8798,V-Qal-Imp,hebrew,allstrong_def_hebrew:hebrew_def:Qal/impératif,OK_DEF_MATCH,Qal / Impératif
V-Qal-Imp-fs,<p>Verb - Qal - Imperative - feminine singular</p>,H8798,V-Qal-Imp,hebrew,allstrong_def_hebrew:hebrew_def:Qal/impératif,OK_DEF_MATCH,Qal / Impératif
V-Qal-Imp-mp,<p>Verb - Qal - Imperative - masculine plural</p>,H8798,V-Qal-Imp,hebrew,allstrong_def_hebrew:hebrew_def:Qal/impératif,OK_DEF_MATCH,Qal / Impératif
V-Qal-Imp-mp | 1cp,<p>Verb - Qal - Imperative - masculine plural </p><p>+ first person common plural</p>,H8798,V-Qal-Imp,hebrew,allstrong_def_hebrew:hebrew_def:Qal/impératif,OK_DEF_MATCH,Qal / Impératif
V-Qal-Imp-mp | 1cs,<p>Verb - Qal - Imperative - masculine plural </p><p>+ first person common singular</p>,H8798,V-Qal-Imp,hebrew,allstrong_def_hebrew:hebrew_def:Qal/impératif,OK_DEF_MATCH,Qal / Impératif
V-Qal-Imp-mp | 3fs,<p>Verb - Qal - Imperative - masculine plural </p><p>+ third person feminine singular</p>,H8798,V-Qal-Imp,hebrew,allstrong_def_hebrew:hebrew_def:Qal/impératif,OK_DEF_MATCH,Qal / Impératif
V-Qal-Imp-mp | 3mp,<p>Verb - Qal - Imperative - masculine plural </p><p>+ third person masculine plural</p>,H8798,V-Qal-Imp,hebrew,allstrong_def_hebrew:hebrew_def:Qal/impératif,OK_DEF_MATCH,Qal / Impératif
V-Qal-Imp-mp | 3ms,<p>Verb - Qal - Imperative - masculine plural </p><p>+ third person masculine singular</p>,H8798,V-Qal-Imp,hebrew,allstrong_def_hebrew:hebrew_def:Qal/impératif,OK_DEF_MATCH,Qal / Impératif
V-Qal-Imp-ms,<p>Verb - Qal - Imperative - masculine singular</p>,H8798,V-Qal-Imp,hebrew,allstrong_def_hebrew:hebrew_def:Qal/impératif,OK_DEF_MATCH,Qal / Impératif
V-Qal-Imp-ms | 1cp,<p>Verb - Qal - Imperative - masculine singular </p><p>+ first person common plural</p>,H8798,V-Qal-Imp,hebrew,allstrong_def_hebrew:hebrew_def:Qal/impératif,OK_DEF_MATCH,Qal / Impératif
V-Qal-Imp-ms | 1cs,<p>Verb - Qal - Imperative - masculine singular </p><p>+ first person common singular</p>,H8798,V-Qal-Imp,hebrew,allstrong_def_hebrew:hebrew_def:Qal/impératif,OK_DEF_MATCH,Qal / Impératif
V-Qal-Imp-ms | 2ms,<p>Verb - Qal - Imperative - masculine singular </p><p>+ second person masculine singular</p>,H8798,V-Qal-Imp,hebrew,allstrong_def_hebrew:hebrew_def:Qal/impératif,OK_DEF_MATCH,Qal / Impératif
V-Qal-Imp-ms | 3fs,<p>Verb - Qal - Imperative - masculine singular </p><p>+ third person feminine singular</p>,H8798,V-Qal-Imp,hebrew,allstrong_def_hebrew:hebrew_def:Qal/impératif,OK_DEF_MATCH,Qal / Impératif
V-Qal-Imp-ms | 3mp,<p>Verb - Qal - Imperative - masculine singular </p><p>+ third person masculine plural</p>,H8798,V-Qal-Imp,hebrew,allstrong_def_hebrew:hebrew_def:Qal/impératif,OK_DEF_MATCH,Qal / Impératif
V-Qal-Imp-ms | 3ms,<p>Verb - Qal - Imperative - masculine singular </p><p>+ third person masculine singular</p>,H8798,V-Qal-Imp,hebrew,allstrong_def_hebrew:hebrew_def:Qal/impératif,OK_DEF_MATCH,Qal / Impératif
V-Qal-Imperf-1cp,<p>Verb - Qal - Imperfect - first person common plural</p>,H8799,V-Qal-Imperf,hebrew,allstrong_def_hebrew:hebrew_def:Qal/imparfait,OK_DEF_MATCH,Qal / Imparfait
V-Qal-Imperf-1cp | 2ms,<p>Verb - Qal - Imperfect - first person common plural </p><p>+ second person masculine singular</p>,H8799,V-Qal-Imperf,hebrew,allstrong_def_hebrew:hebrew_def:Qal/imparfait,OK_DEF_MATCH,Qal / Imparfait
V-Qal-Imperf-1cp | 3ms,<p>Verb - Qal - Imperfect - first person common plural </p><p>+ third person masculine singular</p>,H8799,V-Qal-Imperf,hebrew,allstrong_def_hebrew:hebrew_def:Qal/imparfait,OK_DEF_MATCH,Qal / Imparfait
V-Qal-Imperf-1cs,<p>Verb - Qal - Imperfect - first person common singular</p>,H8799,V-Qal-Imperf,hebrew,allstrong_def_hebrew:hebrew_def:Qal/imparfait,OK_DEF_MATCH,Qal / Imparfait
V-Qal-Imperf-1cs | 2fs,<p>Verb - Qal - Imperfect - first person common singular </p><p>+ second person feminine singular</p>,H8799,V-Qal-Imperf,hebrew,allstrong_def_hebrew:hebrew_def:Qal/imparfait,OK_DEF_MATCH,Qal / Imparfait
V-Qal-Imperf-1cs | 2ms,<p>Verb - Qal - Imperfect - first person common singular </p><p>+ second person masculine singular</p>,H8799,V-Qal-Imperf,hebrew,allstrong_def_hebrew:hebrew_def:Qal/imparfait,OK_DEF_MATCH,Qal / Imparfait
V-Qal-Imperf-1cs | 3fs,<p>Verb - Qal - Imperfect - first person common singular </p><p>+ third person feminine singular</p>,H8799,V-Qal-Imperf,hebrew,allstrong_def_hebrew:hebrew_def:Qal/imparfait,OK_DEF_MATCH,Qal / Imparfait
V-Qal-Imperf-1cs | 3mp,<p>Verb - Qal - Imperfect - first person common singular </p><p>+ third person masculine plural</p>,H8799,V-Qal-Imperf,hebrew,allstrong_def_hebrew:hebrew_def:Qal/imparfait,OK_DEF_MATCH,Qal / Imparfait
V-Qal-Imperf-1cs | 3ms,<p>Verb - Qal - Imperfect - first person common singular </p><p>+ third person masculine singular</p>,H8799,V-Qal-Imperf,hebrew,allstrong_def_hebrew:hebrew_def:Qal/imparfait,OK_DEF_MATCH,Qal / Imparfait
V-Qal-Imperf-2fp,<p>Verb - Qal - Imperfect - second person feminine plural</p>,H8799,V-Qal-Imperf,hebrew,allstrong_def_hebrew:hebrew_def:Qal/imparfait,OK_DEF_MATCH,Qal / Imparfait
V-Qal-Imperf-2fs,<p>Verb - Qal - Imperfect - second person feminine singular</p>,H8799,V-Qal-Imperf,hebrew,allstrong_def_hebrew:hebrew_def:Qal/imparfait,OK_DEF_MATCH,Qal / Imparfait
V-Qal-Imperf-2fs | Pn,<p>Verb - Qal - Imperfect - second person feminine singular </p><p>+ Paragogic nun</p>,H8799,V-Qal-Imperf,hebrew,allstrong_def_hebrew:hebrew_def:Qal/imparfait,OK_DEF_MATCH,Qal / Imparfait
V-Qal-Imperf-2mp,<p>Verb - Qal - Imperfect - second person masculine plural</p>,H8799,V-Qal-Imperf,hebrew,allstrong_def_hebrew:hebrew_def:Qal/imparfait,OK_DEF_MATCH,Qal / Imparfait
V-Qal-Imperf-2mp | 1cs,<p>Verb - Qal - Imperfect - second person masculine plural </p><p>+ first person common singular</p>,H8799,V-Qal-Imperf,hebrew,allstrong_def_hebrew:hebrew_def:Qal/imparfait,OK_DEF_MATCH,Qal / Imparfait
V-Qal-Imperf-2mp | 3fs,<p>Verb - Qal - Imperfect - second person masculine plural </p><p>+ third person feminine singular</p>,H8799,V-Qal-Imperf,hebrew,allstrong_def_hebrew:hebrew_def:Qal/imparfait,OK_DEF_MATCH,Qal / Imparfait
V-Qal-Imperf-2mp | 3mp,<p>Verb - Qal - Imperfect - second person masculine plural </p><p>+ third person masculine plural</p>,H8799,V-Qal-Imperf,hebrew,allstrong_def_hebrew:hebrew_def:Qal/imparfait,OK_DEF_MATCH,Qal / Imparfait
V-Qal-Imperf-2mp | 3ms,<p>Verb - Qal - Imperfect - second person masculine plural </p><p>+ third person masculine singular</p>,H8799,V-Qal-Imperf,hebrew,allstrong_def_hebrew:hebrew_def:Qal/imparfait,OK_DEF_MATCH,Qal / Imparfait
V-Qal-Imperf-2mp | Pn,<p>Verb - Qal - Imperfect - second person masculine plural </p><p>+ Paragogic nun</p>,H8799,V-Qal-Imperf,hebrew,allstrong_def_hebrew:hebrew_def:Qal/imparfait,OK_DEF_MATCH,Qal / Imparfait
V-Qal-Imperf-2ms,<p>Verb - Qal - Imperfect - second person masculine singular</p>,H8799,V-Qal-Imperf,hebrew,allstrong_def_hebrew:hebrew_def:Qal/imparfait,OK_DEF_MATCH,Qal / Imparfait
V-Qal-Imperf-2ms | 1cp,<p>Verb - Qal - Imperfect - second person masculine singular </p><p>+ first person common plural</p>,H8799,V-Qal-Imperf,hebrew,allstrong_def_hebrew:hebrew_def:Qal/imparfait,OK_DEF_MATCH,Qal / Imparfait
V-Qal-Imperf-2ms | 1cs,<p>Verb - Qal - Imperfect - second person masculine singular </p><p>+ first person common singular</p>,H8799,V-Qal-Imperf,hebrew,allstrong_def_hebrew:hebrew_def:Qal/imparfait,OK_DEF_MATCH,Qal / Imparfait
V-Qal-Imperf-2ms | 3fs,<p>Verb - Qal - Imperfect - second person masculine singular </p><p>+ third person feminine singular</p>,H8799,V-Qal-Imperf,hebrew,allstrong_def_hebrew:hebrew_def:Qal/imparfait,OK_DEF_MATCH,Qal / Imparfait
V-Qal-Imperf-2ms | 3mp,<p>Verb - Qal - Imperfect - second person masculine singular </p><p>+ third person masculine plural</p>,H8799,V-Qal-Imperf,hebrew,allstrong_def_hebrew:hebrew_def:Qal/imparfait,OK_DEF_MATCH,Qal / Imparfait
V-Qal-Imperf-2ms | 3ms,<p>Verb - Qal - Imperfect - second person masculine singular </p><p>+ third person masculine singular</p>,H8799,V-Qal-Imperf,hebrew,allstrong_def_hebrew:hebrew_def:Qal/imparfait,OK_DEF_MATCH,Qal / Imparfait
V-Qal-Imperf-3fp,<p>Verb - Qal - Imperfect - third person feminine plural</p>,H8799,V-Qal-Imperf,hebrew,allstrong_def_hebrew:hebrew_def:Qal/imparfait,OK_DEF_MATCH,Qal / Imparfait
V-Qal-Imperf-3fp | 1cs,<p>Verb - Qal - Imperfect - third person feminine plural </p><p>+ first person common singular</p>,H8799,V-Qal-Imperf,hebrew,allstrong_def_hebrew:hebrew_def:Qal/imparfait,OK_DEF_MATCH,Qal / Imparfait
V-Qal-Imperf-3fs,<p>Verb - Qal - Imperfect - third person feminine singular</p>,H8799,V-Qal-Imperf,hebrew,allstrong_def_hebrew:hebrew_def:Qal/imparfait,OK_DEF_MATCH,Qal / Imparfait
V-Qal-Imperf-3fs | 1cp,<p>Verb - Qal - Imperfect - third person feminine singular </p><p>+ first person common plural</p>,H8799,V-Qal-Imperf,hebrew,allstrong_def_hebrew:hebrew_def:Qal/imparfait,OK_DEF_MATCH,Qal / Imparfait
V-Qal-Imperf-3fs | 1cs,<p>Verb - Qal - Imperfect - third person feminine singular </p><p>+ first person common singular</p>,H8799,V-Qal-Imperf,hebrew,allstrong_def_hebrew:hebrew_def:Qal/imparfait,OK_DEF_MATCH,Qal / Imparfait
V-Qal-Imperf-3fs | 2fs,<p>Verb - Qal - Imperfect - third person feminine singular </p><p>+ second person feminine singular</p>,H8799,V-Qal-Imperf,hebrew,allstrong_def_hebrew:hebrew_def:Qal/imparfait,OK_DEF_MATCH,Qal / Imparfait
V-Qal-Imperf-3fs | 2mp,<p>Verb - Qal - Imperfect - third person feminine singular </p><p>+ second person masculine plural</p>,H8799,V-Qal-Imperf,hebrew,allstrong_def_hebrew:hebrew_def:Qal/imparfait,OK_DEF_MATCH,Qal / Imparfait
V-Qal-Imperf-3fs | 2ms,<p>Verb - Qal - Imperfect - third person feminine singular </p><p>+ second person masculine singular</p>,H8799,V-Qal-Imperf,hebrew,allstrong_def_hebrew:hebrew_def:Qal/imparfait,OK_DEF_MATCH,Qal / Imparfait
V-Qal-Imperf-3fs | 3fs,<p>Verb - Qal - Imperfect - third person feminine singular </p><p>+ third person feminine singular</p>,H8799,V-Qal-Imperf,hebrew,allstrong_def_hebrew:hebrew_def:Qal/imparfait,OK_DEF_MATCH,Qal / Imparfait
V-Qal-Imperf-3fs | 3mp,<p>Verb - Qal - Imperfect - third person feminine singular </p><p>+ third person masculine plural</p>,H8799,V-Qal-Imperf,hebrew,allstrong_def_hebrew:hebrew_def:Qal/imparfait,OK_DEF_MATCH,Qal / Imparfait
V-Qal-Imperf-3fs | 3ms,<p>Verb - Qal - Imperfect - third person feminine singular </p><p>+ third person masculine singular</p>,H8799,V-Qal-Imperf,hebrew,allstrong_def_hebrew:hebrew_def:Qal/imparfait,OK_DEF_MATCH,Qal / Imparfait
V-Qal-Imperf-3mp,<p>Verb - Qal - Imperfect - third person masculine plural</p>,H8799,V-Qal-Imperf,hebrew,allstrong_def_hebrew:hebrew_def:Qal/imparfait,OK_DEF_MATCH,Qal / Imparfait
V-Qal-Imperf-3mp | 1cp,<p>Verb - Qal - Imperfect - third person masculine plural </p><p>+ first person common plural</p>,H8799,V-Qal-Imperf,hebrew,allstrong_def_hebrew:hebrew_def:Qal/imparfait,OK_DEF_MATCH,Qal / Imparfait
V-Qal-Imperf-3mp | 1cs,<p>Verb - Qal - Imperfect - third person masculine plural </p><p>+ first person common singular</p>,H8799,V-Qal-Imperf,hebrew,allstrong_def_hebrew:hebrew_def:Qal/imparfait,OK_DEF_MATCH,Qal / Imparfait
"V-Qal-Imperf-3mp | 1cs, Pn","<p>Verb - Qal - Imperfect - third person masculine plural </p><p>+ first person common singular, Paragogic nun</p>",H8799,V-Qal-Imperf,hebrew,allstrong_def_hebrew:hebrew_def:Qal/imparfait,OK_DEF_MATCH,Qal / Imparfait
V-Qal-Imperf-3mp | 2fs,<p>Verb - Qal - Imperfect - third person masculine plural </p><p>+ second person feminine singular</p>,H8799,V-Qal-Imperf,hebrew,allstrong_def_hebrew:hebrew_def:Qal/imparfait,OK_DEF_MATCH,Qal / Imparfait
V-Qal-Imperf-3mp | 2ms,<p>Verb - Qal - Imperfect - third person masculine plural </p><p>+ second person masculine singular</p>,H8799,V-Qal-Imperf,hebrew,allstrong_def_hebrew:hebrew_def:Qal/imparfait,OK_DEF_MATCH,Qal / Imparfait
"V-Qal-Imperf-3mp | 2ms, Pn","<p>Verb - Qal - Imperfect - third person masculine plural </p><p>+ second person masculine singular, Paragogic nun</p>",H8799,V-Qal-Imperf,hebrew,allstrong_def_hebrew:hebrew_def:Qal/imparfait,OK_DEF_MATCH,Qal / Imparfait
V-Qal-Imperf-3mp | 3fp,<p>Verb - Qal - Imperfect - third person masculine plural </p><p>+ third person feminine plural</p>,H8799,V-Qal-Imperf,hebrew,allstrong_def_hebrew:hebrew_def:Qal/imparfait,OK_DEF_MATCH,Qal / Imparfait
V-Qal-Imperf-3mp | 3fs,<p>Verb - Qal - Imperfect - third person masculine plural </p><p>+ third person feminine singular</p>,H8799,V-Qal-Imperf,hebrew,allstrong_def_hebrew:hebrew_def:Qal/imparfait,OK_DEF_MATCH,Qal / Imparfait
"V-Qal-Imperf-3mp | 3fs, Pn","<p>Verb - Qal - Imperfect - third person masculine plural </p><p>+ third person feminine singular, Paragogic nun</p>",H8799,V-Qal-Imperf,hebrew,allstrong_def_hebrew:hebrew_def:Qal/imparfait,OK_DEF_MATCH,Qal / Imparfait
V-Qal-Imperf-3mp | 3mp,<p>Verb - Qal - Imperfect - third person masculine plural </p><p>+ third person masculine plural</p>,H8799,V-Qal-Imperf,hebrew,allstrong_def_hebrew:hebrew_def:Qal/imparfait,OK_DEF_MATCH,Qal / Imparfait
V-Qal-Imperf-3mp | 3ms,<p>Verb - Qal - Imperfect - third person masculine plural </p><p>+ third person masculine singular</p>,H8799,V-Qal-Imperf,hebrew,allstrong_def_hebrew:hebrew_def:Qal/imparfait,OK_DEF_MATCH,Qal / Imparfait
"V-Qal-Imperf-3mp | 3ms, Pn","<p>Verb - Qal - Imperfect - third person masculine plural </p><p>+ third person masculine singular, Paragogic nun</p>",H8799,V-Qal-Imperf,hebrew,allstrong_def_hebrew:hebrew_def:Qal/imparfait,OK_DEF_MATCH,Qal / Imparfait
V-Qal-Imperf-3mp | Pn,<p>Verb - Qal - Imperfect - third person masculine plural </p><p>+ Paragogic nun</p>,H8799,V-Qal-Imperf,hebrew,allstrong_def_hebrew:hebrew_def:Qal/imparfait,OK_DEF_MATCH,Qal / Imparfait
V-Qal-Imperf-3ms,<p>Verb - Qal - Imperfect - third person masculine singular</p>,H8799,V-Qal-Imperf,hebrew,allstrong_def_hebrew:hebrew_def:Qal/imparfait,OK_DEF_MATCH,Qal / Imparfait
V-Qal-Imperf-3ms | 1cp,<p>Verb - Qal - Imperfect - third person masculine singular </p><p>+ first person common plural</p>,H8799,V-Qal-Imperf,hebrew,allstrong_def_hebrew:hebrew_def:Qal/imparfait,OK_DEF_MATCH,Qal / Imparfait
V-Qal-Imperf-3ms | 1cpe,<p>Verb - Qal - Imperfect - third person masculine singular </p><p>+ first person common plural</p>,H8799,V-Qal-Imperf,hebrew,allstrong_def_hebrew:hebrew_def:Qal/imparfait,OK_DEF_MATCH,Qal / Imparfait
V-Qal-Imperf-3ms | 1cs,<p>Verb - Qal - Imperfect - third person masculine singular </p><p>+ first person common singular</p>,H8799,V-Qal-Imperf,hebrew,allstrong_def_hebrew:hebrew_def:Qal/imparfait,OK_DEF_MATCH,Qal / Imparfait
V-Qal-Imperf-3ms | 2fs,<p>Verb - Qal - Imperfect - third person masculine singular </p><p>+ second person feminine singular</p>,H8799,V-Qal-Imperf,hebrew,allstrong_def_hebrew:hebrew_def:Qal/imparfait,OK_DEF_MATCH,Qal / Imparfait
V-Qal-Imperf-3ms | 2ms,<p>Verb - Qal - Imperfect - third person masculine singular </p><p>+ second person masculine singular</p>,H8799,V-Qal-Imperf,hebrew,allstrong_def_hebrew:hebrew_def:Qal/imparfait,OK_DEF_MATCH,Qal / Imparfait
V-Qal-Imperf-3ms | 3fs,<p>Verb - Qal - Imperfect - third person masculine singular </p><p>+ third person feminine singular</p>,H8799,V-Qal-Imperf,hebrew,allstrong_def_hebrew:hebrew_def:Qal/imparfait,OK_DEF_MATCH,Qal / Imparfait
V-Qal-Imperf-3ms | 3mp,<p>Verb - Qal - Imperfect - third person masculine singular </p><p>+ third person masculine plural</p>,H8799,V-Qal-Imperf,hebrew,allstrong_def_hebrew:hebrew_def:Qal/imparfait,OK_DEF_MATCH,Qal / Imparfait
V-Qal-Imperf-3ms | 3ms,<p>Verb - Qal - Imperfect - third person masculine singular </p><p>+ third person masculine singular</p>,H8799,V-Qal-Imperf,hebrew,allstrong_def_hebrew:hebrew_def:Qal/imparfait,OK_DEF_MATCH,Qal / Imparfait
V-Qal-Imperf.Cohort-1cp,<p>Verb - Qal - Imperfect Cohortative - first person common plural</p>,H8799,V-Qal-Imperf,hebrew,allstrong_def_hebrew:hebrew_def:Qal/imparfait,OK_DEF_MATCH,Qal / Imparfait
V-Qal-Imperf.Cohort-1cs,<p>Verb - Qal - Imperfect Cohortative - first person common singular</p>,H8799,V-Qal-Imperf,hebrew,allstrong_def_hebrew:hebrew_def:Qal/imparfait,OK_DEF_MATCH,Qal / Imparfait
V-Qal-Imperf.Cohort-3fs,<p>Verb - Qal - Imperfect Cohortative - third person feminine singular</p>,H8799,V-Qal-Imperf,hebrew,allstrong_def_hebrew:hebrew_def:Qal/imparfait,OK_DEF_MATCH,Qal / Imparfait
V-Qal-Imperf.h-1cp,<p>Verb - Qal - Imperfect Cohortative if contextual - first person common plural</p>,H8799,V-Qal-Imperf,hebrew,allstrong_def_hebrew:hebrew_def:Qal/imparfait,OK_DEF_MATCH,Qal / Imparfait
V-Qal-Imperf.h-1cp | 3mp,<p>Verb - Qal - Imperfect Cohortative if contextual - first person common plural </p><p>+ third person masculine plural</p>,H8799,V-Qal-Imperf,hebrew,allstrong_def_hebrew:hebrew_def:Qal/imparfait,OK_DEF_MATCH,Qal / Imparfait
V-Qal-Imperf.h-1cs,<p>Verb - Qal - Imperfect Cohortative if contextual - first person common singular</p>,H8799,V-Qal-Imperf,hebrew,allstrong_def_hebrew:hebrew_def:Qal/imparfait,OK_DEF_MATCH,Qal / Imparfait
V-Qal-Imperf.h-1cs | 2fs,<p>Verb - Qal - Imperfect Cohortative if contextual - first person common singular </p><p>+ second person feminine singular</p>,H8799,V-Qal-Imperf,hebrew,allstrong_def_hebrew:hebrew_def:Qal/imparfait,OK_DEF_MATCH,Qal / Imparfait
V-Qal-Imperf.h-1cs | 2ms,<p>Verb - Qal - Imperfect Cohortative if contextual - first person common singular </p><p>+ second person masculine singular</p>,H8799,V-Qal-Imperf,hebrew,allstrong_def_hebrew:hebrew_def:Qal/imparfait,OK_DEF_MATCH,Qal / Imparfait
V-Qal-Imperf.h-1cs | 3fs,<p>Verb - Qal - Imperfect Cohortative if contextual - first person common singular </p><p>+ third person feminine singular</p>,H8799,V-Qal-Imperf,hebrew,allstrong_def_hebrew:hebrew_def:Qal/imparfait,OK_DEF_MATCH,Qal / Imparfait
V-Qal-Imperf.Jus-1cs,<p>Verb - Qal - Imperfect Jussive - first person common singular</p>,H8799,V-Qal-Imperf,hebrew,allstrong_def_hebrew:hebrew_def:Qal/imparfait,OK_DEF_MATCH,Qal / Imparfait
V-Qal-Imperf.Jus-2ms,<p>Verb - Qal - Imperfect Jussive - second person masculine singular</p>,H8799,V-Qal-Imperf,hebrew,allstrong_def_hebrew:hebrew_def:Qal/imparfait,OK_DEF_MATCH,Qal / Imparfait
V-Qal-Imperf.Jus-3fs,<p>Verb - Qal - Imperfect Jussive - third person feminine singular</p>,H8799,V-Qal-Imperf,hebrew,allstrong_def_hebrew:hebrew_def:Qal/imparfait,OK_DEF_MATCH,Qal / Imparfait
V-Qal-Imperf.Jus-3ms,<p>Verb - Qal - Imperfect Jussive - third person masculine singular</p>,H8799,V-Qal-Imperf,hebrew,allstrong_def_hebrew:hebrew_def:Qal/imparfait,OK_DEF_MATCH,Qal / Imparfait
V-Qal-Inf,<p>Verb - Qal - Infinitive construct</p>,H8800,V-Qal-Inf,hebrew,allstrong_def_hebrew:hebrew_def:Qal/infinitif,OK_DEF_MATCH,Qal / Infinitif
V-Qal-Inf | 1cp,<p>Verb - Qal - Infinitive construct </p><p>+ first person common plural</p>,H8800,V-Qal-Inf,hebrew,allstrong_def_hebrew:hebrew_def:Qal/infinitif,OK_DEF_MATCH,Qal / Infinitif
V-Qal-Inf | 1cs,<p>Verb - Qal - Infinitive construct </p><p>+ first person common singular</p>,H8800,V-Qal-Inf,hebrew,allstrong_def_hebrew:hebrew_def:Qal/infinitif,OK_DEF_MATCH,Qal / Infinitif
V-Qal-Inf | 2fs,<p>Verb - Qal - Infinitive construct </p><p>+ second person feminine singular</p>,H8800,V-Qal-Inf,hebrew,allstrong_def_hebrew:hebrew_def:Qal/infinitif,OK_DEF_MATCH,Qal / Infinitif
V-Qal-Inf | 2mp,<p>Verb - Qal - Infinitive construct </p><p>+ second person masculine plural</p>,H8800,V-Qal-Inf,hebrew,allstrong_def_hebrew:hebrew_def:Qal/infinitif,OK_DEF_MATCH,Qal / Infinitif
V-Qal-Inf | 2ms,<p>Verb - Qal - Infinitive construct </p><p>+ second person masculine singular</p>,H8800,V-Qal-Inf,hebrew,allstrong_def_hebrew:hebrew_def:Qal/infinitif,OK_DEF_MATCH,Qal / Infinitif
V-Qal-Inf | 3fp,<p>Verb - Qal - Infinitive construct </p><p>+ third person feminine plural</p>,H8800,V-Qal-Inf,hebrew,allstrong_def_hebrew:hebrew_def:Qal/infinitif,OK_DEF_MATCH,Qal / Infinitif
V-Qal-Inf | 3fs,<p>Verb - Qal - Infinitive construct </p><p>+ third person feminine singular</p>,H8800,V-Qal-Inf,hebrew,allstrong_def_hebrew:hebrew_def:Qal/infinitif,OK_DEF_MATCH,Qal / Infinitif
V-Qal-Inf | 3mp,<p>Verb - Qal - Infinitive construct </p><p>+ third person masculine plural</p>,H8800,V-Qal-Inf,hebrew,allstrong_def_hebrew:hebrew_def:Qal/infinitif,OK_DEF_MATCH,Qal / Infinitif
V-Qal-Inf | 3ms,<p>Verb - Qal - Infinitive construct </p><p>+ third person masculine singular</p>,H8800,V-Qal-Inf,hebrew,allstrong_def_hebrew:hebrew_def:Qal/infinitif,OK_DEF_MATCH,Qal / Infinitif
V-Qal-InfAbs,<p>Verb - Qal - Infinitive absolute</p>,H8800,V-Qal-Inf,hebrew,allstrong_def_hebrew:hebrew_def:Qal/infinitif,OK_DEF_MATCH,Qal / Infinitif
V-Qal-Perf-1cp,<p>Verb - Qal - Perfect - first person common plural</p>,H8804,V-Qal-Perf,hebrew,allstrong_def_hebrew:hebrew_def:Qal/parfait,OK_DEF_MATCH,Qal / Parfait
V-Qal-Perf-1cp | 2ms,<p>Verb - Qal - Perfect - first person common plural </p><p>+ second person masculine singular</p>,H8804,V-Qal-Perf,hebrew,allstrong_def_hebrew:hebrew_def:Qal/parfait,OK_DEF_MATCH,Qal / Parfait
V-Qal-Perf-1cp | 3fs,<p>Verb - Qal - Perfect - first person common plural </p><p>+ third person feminine singular</p>,H8804,V-Qal-Perf,hebrew,allstrong_def_hebrew:hebrew_def:Qal/parfait,OK_DEF_MATCH,Qal / Parfait
V-Qal-Perf-1cp | 3mp,<p>Verb - Qal - Perfect - first person common plural </p><p>+ third person masculine plural</p>,H8804,V-Qal-Perf,hebrew,allstrong_def_hebrew:hebrew_def:Qal/parfait,OK_DEF_MATCH,Qal / Parfait
V-Qal-Perf-1cp | 3ms,<p>Verb - Qal - Perfect - first person common plural </p><p>+ third person masculine singular</p>,H8804,V-Qal-Perf,hebrew,allstrong_def_hebrew:hebrew_def:Qal/parfait,OK_DEF_MATCH,Qal / Parfait
V-Qal-Perf-1cs,<p>Verb - Qal - Perfect - first person common singular</p>,H8804,V-Qal-Perf,hebrew,allstrong_def_hebrew:hebrew_def:Qal/parfait,OK_DEF_MATCH,Qal / Parfait
V-Qal-Perf-1cs | 1cs,<p>Verb - Qal - Perfect - first person common singular </p><p>+ first person common singular</p>,H8804,V-Qal-Perf,hebrew,allstrong_def_hebrew:hebrew_def:Qal/parfait,OK_DEF_MATCH,Qal / Parfait
V-Qal-Perf-1cs | 2fs,<p>Verb - Qal - Perfect - first person common singular </p><p>+ second person feminine singular</p>,H8804,V-Qal-Perf,hebrew,allstrong_def_hebrew:hebrew_def:Qal/parfait,OK_DEF_MATCH,Qal / Parfait
V-Qal-Perf-1cs | 2ms,<p>Verb - Qal - Perfect - first person common singular </p><p>+ second person masculine singular</p>,H8804,V-Qal-Perf,hebrew,allstrong_def_hebrew:hebrew_def:Qal/parfait,OK_DEF_MATCH,Qal / Parfait
V-Qal-Perf-1cs | 3fp,<p>Verb - Qal - Perfect - first person common singular </p><p>+ third person feminine plural</p>,H8804,V-Qal-Perf,hebrew,allstrong_def_hebrew:hebrew_def:Qal/parfait,OK_DEF_MATCH,Qal / Parfait
V-Qal-Perf-1cs | 3fs,<p>Verb - Qal - Perfect - first person common singular </p><p>+ third person feminine singular</p>,H8804,V-Qal-Perf,hebrew,allstrong_def_hebrew:hebrew_def:Qal/parfait,OK_DEF_MATCH,Qal / Parfait
V-Qal-Perf-1cs | 3mp,<p>Verb - Qal - Perfect - first person common singular </p><p>+ third person masculine plural</p>,H8804,V-Qal-Perf,hebrew,allstrong_def_hebrew:hebrew_def:Qal/parfait,OK_DEF_MATCH,Qal / Parfait
V-Qal-Perf-1cs | 3ms,<p>Verb - Qal - Perfect - first person common singular </p><p>+ third person masculine singular</p>,H8804,V-Qal-Perf,hebrew,allstrong_def_hebrew:hebrew_def:Qal/parfait,OK_DEF_MATCH,Qal / Parfait
V-Qal-Perf-2fp,<p>Verb - Qal - Perfect - second person feminine plural</p>,H8804,V-Qal-Perf,hebrew,allstrong_def_hebrew:hebrew_def:Qal/parfait,OK_DEF_MATCH,Qal / Parfait
V-Qal-Perf-2fs,<p>Verb - Qal - Perfect - second person feminine singular</p>,H8804,V-Qal-Perf,hebrew,allstrong_def_hebrew:hebrew_def:Qal/parfait,OK_DEF_MATCH,Qal / Parfait
V-Qal-Perf-2fs | 1cp,<p>Verb - Qal - Perfect - second person feminine singular </p><p>+ first person common plural</p>,H8804,V-Qal-Perf,hebrew,allstrong_def_hebrew:hebrew_def:Qal/parfait,OK_DEF_MATCH,Qal / Parfait
V-Qal-Perf-2fs | 1cs,<p>Verb - Qal - Perfect - second person feminine singular </p><p>+ first person common singular</p>,H8804,V-Qal-Perf,hebrew,allstrong_def_hebrew:hebrew_def:Qal/parfait,OK_DEF_MATCH,Qal / Parfait
V-Qal-Perf-2fs | 3mp,<p>Verb - Qal - Perfect - second person feminine singular </p><p>+ third person masculine plural</p>,H8804,V-Qal-Perf,hebrew,allstrong_def_hebrew:hebrew_def:Qal/parfait,OK_DEF_MATCH,Qal / Parfait
V-Qal-Perf-2mp,<p>Verb - Qal - Perfect - second person masculine plural</p>,H8804,V-Qal-Perf,hebrew,allstrong_def_hebrew:hebrew_def:Qal/parfait,OK_DEF_MATCH,Qal / Parfait
V-Qal-Perf-2mp | 1cs,<p>Verb - Qal - Perfect - second person masculine plural </p><p>+ first person common singular</p>,H8804,V-Qal-Perf,hebrew,allstrong_def_hebrew:hebrew_def:Qal/parfait,OK_DEF_MATCH,Qal / Parfait
V-Qal-Perf-2ms,<p>Verb - Qal - Perfect - second person masculine singular</p>,H8804,V-Qal-Perf,hebrew,allstrong_def_hebrew:hebrew_def:Qal/parfait,OK_DEF_MATCH,Qal / Parfait
V-Qal-Perf-2ms | 1cp,<p>Verb - Qal - Perfect - second person masculine singular </p><p>+ first person common plural</p>,H8804,V-Qal-Perf,hebrew,allstrong_def_hebrew:hebrew_def:Qal/parfait,OK_DEF_MATCH,Qal / Parfait
V-Qal-Perf-2ms | 1cs,<p>Verb - Qal - Perfect - second person masculine singular </p><p>+ first person common singular</p>,H8804,V-Qal-Perf,hebrew,allstrong_def_hebrew:hebrew_def:Qal/parfait,OK_DEF_MATCH,Qal / Parfait
V-Qal-Perf-2ms | 3fs,<p>Verb - Qal - Perfect - second person masculine singular </p><p>+ third person feminine singular</p>,H8804,V-Qal-Perf,hebrew,allstrong_def_hebrew:hebrew_def:Qal/parfait,OK_DEF_MATCH,Qal / Parfait
V-Qal-Perf-2ms | 3mp,<p>Verb - Qal - Perfect - second person masculine singular </p><p>+ third person masculine plural</p>,H8804,V-Qal-Perf,hebrew,allstrong_def_hebrew:hebrew_def:Qal/parfait,OK_DEF_MATCH,Qal / Parfait
V-Qal-Perf-2ms | 3ms,<p>Verb - Qal - Perfect - second person masculine singular </p><p>+ third person masculine singular</p>,H8804,V-Qal-Perf,hebrew,allstrong_def_hebrew:hebrew_def:Qal/parfait,OK_DEF_MATCH,Qal / Parfait
V-Qal-Perf-3cp,<p>Verb - Qal - Perfect - third person common plural</p>,H8804,V-Qal-Perf,hebrew,allstrong_def_hebrew:hebrew_def:Qal/parfait,OK_DEF_MATCH,Qal / Parfait
V-Qal-Perf-3cp | 1cp,<p>Verb - Qal - Perfect - third person common plural </p><p>+ first person common plural</p>,H8804,V-Qal-Perf,hebrew,allstrong_def_hebrew:hebrew_def:Qal/parfait,OK_DEF_MATCH,Qal / Parfait
V-Qal-Perf-3cp | 1cs,<p>Verb - Qal - Perfect - third person common plural </p><p>+ first person common singular</p>,H8804,V-Qal-Perf,hebrew,allstrong_def_hebrew:hebrew_def:Qal/parfait,OK_DEF_MATCH,Qal / Parfait
V-Qal-Perf-3cp | 2fs,<p>Verb - Qal - Perfect - third person common plural </p><p>+ second person feminine singular</p>,H8804,V-Qal-Perf,hebrew,allstrong_def_hebrew:hebrew_def:Qal/parfait,OK_DEF_MATCH,Qal / Parfait
V-Qal-Perf-3cp | 2ms,<p>Verb - Qal - Perfect - third person common plural </p><p>+ second person masculine singular</p>,H8804,V-Qal-Perf,hebrew,allstrong_def_hebrew:hebrew_def:Qal/parfait,OK_DEF_MATCH,Qal / Parfait
V-Qal-Perf-3cp | 3fs,<p>Verb - Qal - Perfect - third person common plural </p><p>+ third person feminine singular</p>,H8804,V-Qal-Perf,hebrew,allstrong_def_hebrew:hebrew_def:Qal/parfait,OK_DEF_MATCH,Qal / Parfait
V-Qal-Perf-3cp | 3mp,<p>Verb - Qal - Perfect - third person common plural </p><p>+ third person masculine plural</p>,H8804,V-Qal-Perf,hebrew,allstrong_def_hebrew:hebrew_def:Qal/parfait,OK_DEF_MATCH,Qal / Parfait
V-Qal-Perf-3cp | 3ms,<p>Verb - Qal - Perfect - third person common plural </p><p>+ third person masculine singular</p>,H8804,V-Qal-Perf,hebrew,allstrong_def_hebrew:hebrew_def:Qal/parfait,OK_DEF_MATCH,Qal / Parfait
V-Qal-Perf-3cp | Pn,<p>Verb - Qal - Perfect - third person common plural </p><p>+ Paragogic nun</p>,H8804,V-Qal-Perf,hebrew,allstrong_def_hebrew:hebrew_def:Qal/parfait,OK_DEF_MATCH,Qal / Parfait
V-Qal-Perf-3fs,<p>Verb - Qal - Perfect - third person feminine singular</p>,H8804,V-Qal-Perf,hebrew,allstrong_def_hebrew:hebrew_def:Qal/parfait,OK_DEF_MATCH,Qal / Parfait
V-Qal-Perf-3fs | 1cp,<p>Verb - Qal - Perfect - third person feminine singular </p><p>+ first person common plural</p>,H8804,V-Qal-Perf,hebrew,allstrong_def_hebrew:hebrew_def:Qal/parfait,OK_DEF_MATCH,Qal / Parfait
V-Qal-Perf-3fs | 1cs,<p>Verb - Qal - Perfect - third person feminine singular </p><p>+ first person common singular</p>,H8804,V-Qal-Perf,hebrew,allstrong_def_hebrew:hebrew_def:Qal/parfait,OK_DEF_MATCH,Qal / Parfait
V-Qal-Perf-3fs | 2fs,<p>Verb - Qal - Perfect - third person feminine singular </p><p>+ second person feminine singular</p>,H8804,V-Qal-Perf,hebrew,allstrong_def_hebrew:hebrew_def:Qal/parfait,OK_DEF_MATCH,Qal / Parfait
V-Qal-Perf-3fs | 2ms,<p>Verb - Qal - Perfect - third person feminine singular </p><p>+ second person masculine singular</p>,H8804,V-Qal-Perf,hebrew,allstrong_def_hebrew:hebrew_def:Qal/parfait,OK_DEF_MATCH,Qal / Parfait
V-Qal-Perf-3fs | 3fs,<p>Verb - Qal - Perfect - third person feminine singular </p><p>+ third person feminine singular</p>,H8804,V-Qal-Perf,hebrew,allstrong_def_hebrew:hebrew_def:Qal/parfait,OK_DEF_MATCH,Qal / Parfait
V-Qal-Perf-3fs | 3mp,<p>Verb - Qal - Perfect - third person feminine singular </p><p>+ third person masculine plural</p>,H8804,V-Qal-Perf,hebrew,allstrong_def_hebrew:hebrew_def:Qal/parfait,OK_DEF_MATCH,Qal / Parfait
V-Qal-Perf-3fs | 3ms,<p>Verb - Qal - Perfect - third person feminine singular </p><p>+ third person masculine singular</p>,H8804,V-Qal-Perf,hebrew,allstrong_def_hebrew:hebrew_def:Qal/parfait,OK_DEF_MATCH,Qal / Parfait
V-Qal-Perf-3ms,<p>Verb - Qal - Perfect - third person masculine singular</p>,H8804,V-Qal-Perf,hebrew,allstrong_def_hebrew:hebrew_def:Qal/parfait,OK_DEF_MATCH,Qal / Parfait
V-Qal-Perf-3ms | 1cp,<p>Verb - Qal - Perfect - third person masculine singular </p><p>+ first person common plural</p>,H8804,V-Qal-Perf,hebrew,allstrong_def_hebrew:hebrew_def:Qal/parfait,OK_DEF_MATCH,Qal / Parfait
V-Qal-Perf-3ms | 1cs,<p>Verb - Qal - Perfect - third person masculine singular </p><p>+ first person common singular</p>,H8804,V-Qal-Perf,hebrew,allstrong_def_hebrew:hebrew_def:Qal/parfait,OK_DEF_MATCH,Qal / Parfait
V-Qal-Perf-3ms | 1cse,<p>Verb - Qal - Perfect - third person masculine singular </p><p>+ first person common singular</p>,H8804,V-Qal-Perf,hebrew,allstrong_def_hebrew:hebrew_def:Qal/parfait,OK_DEF_MATCH,Qal / Parfait
V-Qal-Perf-3ms | 2fs,<p>Verb - Qal - Perfect - third person masculine singular </p><p>+ second person feminine singular</p>,H8804,V-Qal-Perf,hebrew,allstrong_def_hebrew:hebrew_def:Qal/parfait,OK_DEF_MATCH,Qal / Parfait
V-Qal-Perf-3ms | 2ms,<p>Verb - Qal - Perfect - third person masculine singular </p><p>+ second person masculine singular</p>,H8804,V-Qal-Perf,hebrew,allstrong_def_hebrew:hebrew_def:Qal/parfait,OK_DEF_MATCH,Qal / Parfait
V-Qal-Perf-3ms | 3fs,<p>Verb - Qal - Perfect - third person masculine singular </p><p>+ third person feminine singular</p>,H8804,V-Qal-Perf,hebrew,allstrong_def_hebrew:hebrew_def:Qal/parfait,OK_DEF_MATCH,Qal / Parfait
V-Qal-Perf-3ms | 3mp,<p>Verb - Qal - Perfect - third person masculine singular </p><p>+ third person masculine plural</p>,H8804,V-Qal-Perf,hebrew,allstrong_def_hebrew:hebrew_def:Qal/parfait,OK_DEF_MATCH,Qal / Parfait
V-Qal-Perf-3ms | 3ms,<p>Verb - Qal - Perfect - third person masculine singular </p><p>+ third person masculine singular</p>,H8804,V-Qal-Perf,hebrew,allstrong_def_hebrew:hebrew_def:Qal/parfait,OK_DEF_MATCH,Qal / Parfait
V-Qal-Prtcpl-fp,<p>Verb - Qal - Participle - feminine plural</p>,H8801,V-Qal-Prtcpl,hebrew,allstrong_def_hebrew:hebrew_def:Qal/participe,OK_DEF_MATCH,Qal / Participe
V-Qal-Prtcpl-fpc,<p>Verb - Qal - Participle - feminine plural construct</p>,H8801,V-Qal-Prtcpl,hebrew,allstrong_def_hebrew:hebrew_def:Qal/participe,OK_DEF_MATCH,Qal / Participe
V-Qal-Prtcpl-fpc | 1cp,<p>Verb - Qal - Participle - feminine plural construct </p><p>+ first person common plural</p>,H8801,V-Qal-Prtcpl,hebrew,allstrong_def_hebrew:hebrew_def:Qal/participe,OK_DEF_MATCH,Qal / Participe
V-Qal-Prtcpl-fpc | 2fs,<p>Verb - Qal - Participle - feminine plural construct </p><p>+ second person feminine singular</p>,H8801,V-Qal-Prtcpl,hebrew,allstrong_def_hebrew:hebrew_def:Qal/participe,OK_DEF_MATCH,Qal / Participe
V-Qal-Prtcpl-fs,<p>Verb - Qal - Participle - feminine singular</p>,H8801,V-Qal-Prtcpl,hebrew,allstrong_def_hebrew:hebrew_def:Qal/participe,OK_DEF_MATCH,Qal / Participe
V-Qal-Prtcpl-fsc,<p>Verb - Qal - Participle - feminine singular construct</p>,H8801,V-Qal-Prtcpl,hebrew,allstrong_def_hebrew:hebrew_def:Qal/participe,OK_DEF_MATCH,Qal / Participe
V-Qal-Prtcpl-fsc | 1cs,<p>Verb - Qal - Participle - feminine singular construct </p><p>+ first person common singular</p>,H8801,V-Qal-Prtcpl,hebrew,allstrong_def_hebrew:hebrew_def:Qal/participe,OK_DEF_MATCH,Qal / Participe
V-Qal-Prtcpl-fsc | 2fs,<p>Verb - Qal - Participle - feminine singular construct </p><p>+ second person feminine singular</p>,H8801,V-Qal-Prtcpl,hebrew,allstrong_def_hebrew:hebrew_def:Qal/participe,OK_DEF_MATCH,Qal / Participe
V-Qal-Prtcpl-fsc | 2mp,<p>Verb - Qal - Participle - feminine singular construct </p><p>+ second person masculine plural</p>,H8801,V-Qal-Prtcpl,hebrew,allstrong_def_hebrew:hebrew_def:Qal/participe,OK_DEF_MATCH,Qal / Participe
V-Qal-Prtcpl-fsc | 2ms,<p>Verb - Qal - Participle - feminine singular construct </p><p>+ second person masculine singular</p>,H8801,V-Qal-Prtcpl,hebrew,allstrong_def_hebrew:hebrew_def:Qal/participe,OK_DEF_MATCH,Qal / Participe
V-Qal-Prtcpl-fsc | 3mp,<p>Verb - Qal - Participle - feminine singular construct </p><p>+ third person masculine plural</p>,H8801,V-Qal-Prtcpl,hebrew,allstrong_def_hebrew:hebrew_def:Qal/participe,OK_DEF_MATCH,Qal / Participe
V-Qal-Prtcpl-fsc | 3ms,<p>Verb - Qal - Participle - feminine singular construct </p><p>+ third person masculine singular</p>,H8801,V-Qal-Prtcpl,hebrew,allstrong_def_hebrew:hebrew_def:Qal/participe,OK_DEF_MATCH,Qal / Participe
V-Qal-Prtcpl-mp,<p>Verb - Qal - Participle - masculine plural</p>,H8801,V-Qal-Prtcpl,hebrew,allstrong_def_hebrew:hebrew_def:Qal/participe,OK_DEF_MATCH,Qal / Participe
V-Qal-Prtcpl-mpc,<p>Verb - Qal - Participle - masculine plural construct</p>,H8801,V-Qal-Prtcpl,hebrew,allstrong_def_hebrew:hebrew_def:Qal/participe,OK_DEF_MATCH,Qal / Participe
V-Qal-Prtcpl-mpc | 1cp,<p>Verb - Qal - Participle - masculine plural construct </p><p>+ first person common plural</p>,H8801,V-Qal-Prtcpl,hebrew,allstrong_def_hebrew:hebrew_def:Qal/participe,OK_DEF_MATCH,Qal / Participe
V-Qal-Prtcpl-mpc | 1cs,<p>Verb - Qal - Participle - masculine plural construct </p><p>+ first person common singular</p>,H8801,V-Qal-Prtcpl,hebrew,allstrong_def_hebrew:hebrew_def:Qal/participe,OK_DEF_MATCH,Qal / Participe
V-Qal-Prtcpl-mpc | 2fs,<p>Verb - Qal - Participle - masculine plural construct </p><p>+ second person feminine singular</p>,H8801,V-Qal-Prtcpl,hebrew,allstrong_def_hebrew:hebrew_def:Qal/participe,OK_DEF_MATCH,Qal / Participe
V-Qal-Prtcpl-mpc | 2mp,<p>Verb - Qal - Participle - masculine plural construct </p><p>+ second person masculine plural</p>,H8801,V-Qal-Prtcpl,hebrew,allstrong_def_hebrew:hebrew_def:Qal/participe,OK_DEF_MATCH,Qal / Participe
V-Qal-Prtcpl-mpc | 2ms,<p>Verb - Qal - Participle - masculine plural construct </p><p>+ second person masculine singular</p>,H8801,V-Qal-Prtcpl,hebrew,allstrong_def_hebrew:hebrew_def:Qal/participe,OK_DEF_MATCH,Qal / Participe
V-Qal-Prtcpl-mpc | 3fp,<p>Verb - Qal - Participle - masculine plural construct </p><p>+ third person feminine plural</p>,H8801,V-Qal-Prtcpl,hebrew,allstrong_def_hebrew:hebrew_def:Qal/participe,OK_DEF_MATCH,Qal / Participe
V-Qal-Prtcpl-mpc | 3fs,<p>Verb - Qal - Participle - masculine plural construct </p><p>+ third person feminine singular</p>,H8801,V-Qal-Prtcpl,hebrew,allstrong_def_hebrew:hebrew_def:Qal/participe,OK_DEF_MATCH,Qal / Participe
V-Qal-Prtcpl-mpc | 3mp,<p>Verb - Qal - Participle - masculine plural construct </p><p>+ third person masculine plural</p>,H8801,V-Qal-Prtcpl,hebrew,allstrong_def_hebrew:hebrew_def:Qal/participe,OK_DEF_MATCH,Qal / Participe
V-Qal-Prtcpl-mpc | 3ms,<p>Verb - Qal - Participle - masculine plural construct </p><p>+ third person masculine singular</p>,H8801,V-Qal-Prtcpl,hebrew,allstrong_def_hebrew:hebrew_def:Qal/participe,OK_DEF_MATCH,Qal / Participe
V-Qal-Prtcpl-ms,<p>Verb - Qal - Participle - masculine singular</p>,H8801,V-Qal-Prtcpl,hebrew,allstrong_def_hebrew:hebrew_def:Qal/participe,OK_DEF_MATCH,Qal / Participe
V-Qal-Prtcpl-msc,<p>Verb - Qal - Participle - masculine singular construct</p>,H8801,V-Qal-Prtcpl,hebrew,allstrong_def_hebrew:hebrew_def:Qal/participe,OK_DEF_MATCH,Qal / Participe
V-Qal-Prtcpl-msc | 1cp,<p>Verb - Qal - Participle - masculine singular construct </p><p>+ first person common plural</p>,H8801,V-Qal-Prtcpl,hebrew,allstrong_def_hebrew:hebrew_def:Qal/participe,OK_DEF_MATCH,Qal / Participe
V-Qal-Prtcpl-msc | 1cs,<p>Verb - Qal - Participle - masculine singular construct </p><p>+ first person common singular</p>,H8801,V-Qal-Prtcpl,hebrew,allstrong_def_hebrew:hebrew_def:Qal/participe,OK_DEF_MATCH,Qal / Participe
V-Qal-Prtcpl-msc | 2fs,<p>Verb - Qal - Participle - masculine singular construct </p><p>+ second person feminine singular</p>,H8801,V-Qal-Prtcpl,hebrew,allstrong_def_hebrew:hebrew_def:Qal/participe,OK_DEF_MATCH,Qal / Participe
V-Qal-Prtcpl-msc | 2mp,<p>Verb - Qal - Participle - masculine singular construct </p><p>+ second person masculine plural</p>,H8801,V-Qal-Prtcpl,hebrew,allstrong_def_hebrew:hebrew_def:Qal/participe,OK_DEF_MATCH,Qal / Participe
V-Qal-Prtcpl-msc | 2ms,<p>Verb - Qal - Participle - masculine singular construct </p><p>+ second person masculine singular</p>,H8801,V-Qal-Prtcpl,hebrew,allstrong_def_hebrew:hebrew_def:Qal/participe,OK_DEF_MATCH,Qal / Participe
V-Qal-Prtcpl-msc | 3fs,<p>Verb - Qal - Participle - masculine singular construct </p><p>+ third person feminine singular</p>,H8801,V-Qal-Prtcpl,hebrew,allstrong_def_hebrew:hebrew_def:Qal/participe,OK_DEF_MATCH,Qal / Participe
V-Qal-Prtcpl-msc | 3mp,<p>Verb - Qal - Participle - masculine singular construct </p><p>+ third person masculine plural</p>,H8801,V-Qal-Prtcpl,hebrew,allstrong_def_hebrew:hebrew_def:Qal/participe,OK_DEF_MATCH,Qal / Participe
V-Qal-Prtcpl-msc | 3ms,<p>Verb - Qal - Participle - masculine singular construct </p><p>+ third person masculine singular</p>,H8801,V-Qal-Prtcpl,hebrew,allstrong_def_hebrew:hebrew_def:Qal/participe,OK_DEF_MATCH,Qal / Participe
V-Qal-QalPassPrtcpl-fp,<p>Verb - Qal - QalPassParticiple - feminine plural</p>,H8803,V-Qal-QalPassPrtcpl,hebrew,allstrong_def_hebrew:hebrew_def:Qal/participe passif,OK_DEF_MATCH,Qal / Participe Passif
V-Qal-QalPassPrtcpl-fpc,<p>Verb - Qal - QalPassParticiple - feminine plural construct</p>,H8803,V-Qal-QalPassPrtcpl,hebrew,allstrong_def_hebrew:hebrew_def:Qal/participe passif,OK_DEF_MATCH,Qal / Participe Passif
V-Qal-QalPassPrtcpl-fpc | 2mp,<p>Verb - Qal - QalPassParticiple - feminine plural construct </p><p>+ second person masculine plural</p>,H8803,V-Qal-QalPassPrtcpl,hebrew,allstrong_def_hebrew:hebrew_def:Qal/participe passif,OK_DEF_MATCH,Qal / Participe Passif
V-Qal-QalPassPrtcpl-fs,<p>Verb - Qal - QalPassParticiple - feminine singular</p>,H8803,V-Qal-QalPassPrtcpl,hebrew,allstrong_def_hebrew:hebrew_def:Qal/participe passif,OK_DEF_MATCH,Qal / Participe Passif
V-Qal-QalPassPrtcpl-fsc,<p>Verb - Qal - QalPassParticiple - feminine singular construct</p>,H8803,V-Qal-QalPassPrtcpl,hebrew,allstrong_def_hebrew:hebrew_def:Qal/participe passif,OK_DEF_MATCH,Qal / Participe Passif
V-Qal-QalPassPrtcpl-mp,<p>Verb - Qal - QalPassParticiple - masculine plural</p>,H8803,V-Qal-QalPassPrtcpl,hebrew,allstrong_def_hebrew:hebrew_def:Qal/participe passif,OK_DEF_MATCH,Qal / Participe Passif
V-Qal-QalPassPrtcpl-mpc,<p>Verb - Qal - QalPassParticiple - masculine plural construct</p>,H8803,V-Qal-QalPassPrtcpl,hebrew,allstrong_def_hebrew:hebrew_def:Qal/participe passif,OK_DEF_MATCH,Qal / Participe Passif
V-Qal-QalPassPrtcpl-mpc | 1cs,<p>Verb - Qal - QalPassParticiple - masculine plural construct </p><p>+ first person common singular</p>,H8803,V-Qal-QalPassPrtcpl,hebrew,allstrong_def_hebrew:hebrew_def:Qal/participe passif,OK_DEF_MATCH,Qal / Participe Passif
V-Qal-QalPassPrtcpl-mpc | 2mp,<p>Verb - Qal - QalPassParticiple - masculine plural construct </p><p>+ second person masculine plural</p>,H8803,V-Qal-QalPassPrtcpl,hebrew,allstrong_def_hebrew:hebrew_def:Qal/participe passif,OK_DEF_MATCH,Qal / Participe Passif
V-Qal-QalPassPrtcpl-mpc | 2ms,<p>Verb - Qal - QalPassParticiple - masculine plural construct </p><p>+ second person masculine singular</p>,H8803,V-Qal-QalPassPrtcpl,hebrew,allstrong_def_hebrew:hebrew_def:Qal/participe passif,OK_DEF_MATCH,Qal / Participe Passif
V-Qal-QalPassPrtcpl-mpc | 3fs,<p>Verb - Qal - QalPassParticiple - masculine plural construct </p><p>+ third person feminine singular</p>,H8803,V-Qal-QalPassPrtcpl,hebrew,allstrong_def_hebrew:hebrew_def:Qal/participe passif,OK_DEF_MATCH,Qal / Participe Passif
V-Qal-QalPassPrtcpl-mpc | 3mp,<p>Verb - Qal - QalPassParticiple - masculine plural construct </p><p>+ third person masculine plural</p>,H8803,V-Qal-QalPassPrtcpl,hebrew,allstrong_def_hebrew:hebrew_def:Qal/participe passif,OK_DEF_MATCH,Qal / Participe Passif
V-Qal-QalPassPrtcpl-mpc | 3ms,<p>Verb - Qal - QalPassParticiple - masculine plural construct </p><p>+ third person masculine singular</p>,H8803,V-Qal-QalPassPrtcpl,hebrew,allstrong_def_hebrew:hebrew_def:Qal/participe passif,OK_DEF_MATCH,Qal / Participe Passif
V-Qal-QalPassPrtcpl-ms,<p>Verb - Qal - QalPassParticiple - masculine singular</p>,H8803,V-Qal-QalPassPrtcpl,hebrew,allstrong_def_hebrew:hebrew_def:Qal/participe passif,OK_DEF_MATCH,Qal / Participe Passif
V-Qal-QalPassPrtcpl-msc,<p>Verb - Qal - QalPassParticiple - masculine singular construct</p>,H8803,V-Qal-QalPassPrtcpl,hebrew,allstrong_def_hebrew:hebrew_def:Qal/participe passif,OK_DEF_MATCH,Qal / Participe Passif
V-Qal-QalPassPrtcpl-msc | 1cp,<p>Verb - Qal - QalPassParticiple - masculine singular construct </p><p>+ first person common plural</p>,H8803,V-Qal-QalPassPrtcpl,hebrew,allstrong_def_hebrew:hebrew_def:Qal/participe passif,OK_DEF_MATCH,Qal / Participe Passif
V-Qal-QalPassPrtcpl-msc | 1cs,<p>Verb - Qal - QalPassParticiple - masculine singular construct </p><p>+ first person common singular</p>,H8803,V-Qal-QalPassPrtcpl,hebrew,allstrong_def_hebrew:hebrew_def:Qal/participe passif,OK_DEF_MATCH,Qal / Participe Passif
V-Qal-QalPassPrtcpl-msc | 3ms,<p>Verb - Qal - QalPassParticiple - masculine singular construct </p><p>+ third person masculine singular</p>,H8803,V-Qal-QalPassPrtcpl,hebrew,allstrong_def_hebrew:hebrew_def:Qal/participe passif,OK_DEF_MATCH,Qal / Participe Passif
V-QalPass-Imperf-2mp,<p>Verb - QalPass - Imperfect - second person masculine plural</p>,H8792,V-QalPass-Imperf,hebrew,FALLBACK_WARNING:bstudy:ref_lex_core_ori_tr:rejected_by_allstrong:H8792:MISMATCH_DEF:expected=QalPass/imparfait; got=Pual/Imparfait,ACCEPTED_FALLBACK_WARNING,fallback accepted at end of process; authority_check=MISMATCH_DEF:expected=QalPass/imparfait; got=Pual/Imparfait
V-QalPass-Imperf-2ms,<p>Verb - QalPass - Imperfect - second person masculine singular</p>,H8714,V-QalPass-Imperf,hebrew,FALLBACK_WARNING:bstudy:ref_lex_core_ori_tr:rejected_by_allstrong:H8714:MISMATCH_DEF:expected=QalPass/imparfait; got=Hofal/Imparfait,ACCEPTED_FALLBACK_WARNING,fallback accepted at end of process; authority_check=MISMATCH_DEF:expected=QalPass/imparfait; got=Hofal/Imparfait
V-QalPass-Imperf-3ms,<p>Verb - QalPass - Imperfect - third person masculine singular</p>,H8714,V-QalPass-Imperf,hebrew,FALLBACK_WARNING:bstudy:ref_lex_core_ori_tr:rejected_by_allstrong:H8714:MISMATCH_DEF:expected=QalPass/imparfait; got=Hofal/Imparfait,ACCEPTED_FALLBACK_WARNING,fallback accepted at end of process; authority_check=MISMATCH_DEF:expected=QalPass/imparfait; got=Hofal/Imparfait
V-QalPass-Perf-1cp,<p>Verb - QalPass - Perfect - first person common plural</p>,H8804,V-QalPass-Perf,hebrew,FALLBACK_WARNING:hebrew_qalpass_drop_pass:QalPass->Qal/parfait; prior=hebrew_def_missing:QalPass/parfait,ACCEPTED_FALLBACK_WARNING,fallback accepted at end of process; authority_check=MISMATCH_DEF:expected=QalPass/parfait; got=Qal/Parfait
V-QalPass-Perf-1cs,<p>Verb - QalPass - Perfect - first person common singular</p>,H8795,V-QalPass-Perf,hebrew,FALLBACK_WARNING:bstudy:ref_lex_core_ori_tr:rejected_by_allstrong:H8795:MISMATCH_DEF:expected=QalPass/parfait; got=Pual/Parfait,ACCEPTED_FALLBACK_WARNING,fallback accepted at end of process; authority_check=MISMATCH_DEF:expected=QalPass/parfait; got=Pual/Parfait
V-QalPass-Perf-2mp,<p>Verb - QalPass - Perfect - second person masculine plural</p>,H8795,V-QalPass-Perf,hebrew,FALLBACK_WARNING:bstudy:ref_lex_core_ori_tr:rejected_by_allstrong:H8795:MISMATCH_DEF:expected=QalPass/parfait; got=Pual/Parfait,ACCEPTED_FALLBACK_WARNING,fallback accepted at end of process; authority_check=MISMATCH_DEF:expected=QalPass/parfait; got=Pual/Parfait
V-QalPass-Perf-2ms,<p>Verb - QalPass - Perfect - second person masculine singular</p>,H8795,V-QalPass-Perf,hebrew,FALLBACK_WARNING:bstudy:ref_lex_core_ori_tr:rejected_by_allstrong:H8795:MISMATCH_DEF:expected=QalPass/parfait; got=Pual/Parfait,ACCEPTED_FALLBACK_WARNING,fallback accepted at end of process; authority_check=MISMATCH_DEF:expected=QalPass/parfait; got=Pual/Parfait
V-QalPass-Perf-3cp,<p>Verb - QalPass - Perfect - third person common plural</p>,H8795,V-QalPass-Perf,hebrew,FALLBACK_WARNING:bstudy:ref_lex_core_ori_tr:rejected_by_allstrong:H8795:MISMATCH_DEF:expected=QalPass/parfait; got=Pual/Parfait,ACCEPTED_FALLBACK_WARNING,fallback accepted at end of process; authority_check=MISMATCH_DEF:expected=QalPass/parfait; got=Pual/Parfait
V-QalPass-Perf-3fs,<p>Verb - QalPass - Perfect - third person feminine singular</p>,H8795,V-QalPass-Perf,hebrew,FALLBACK_WARNING:bstudy:ref_lex_core_ori_tr:rejected_by_allstrong:H8795:MISMATCH_DEF:expected=QalPass/parfait; got=Pual/Parfait,ACCEPTED_FALLBACK_WARNING,fallback accepted at end of process; authority_check=MISMATCH_DEF:expected=QalPass/parfait; got=Pual/Parfait
V-QalPass-Perf-3ms,<p>Verb - QalPass - Perfect - third person masculine singular</p>,H8795,V-QalPass-Perf,hebrew,FALLBACK_WARNING:bstudy:ref_lex_core_ori_tr:rejected_by_allstrong:H8795:MISMATCH_DEF:expected=QalPass/parfait; got=Pual/Parfait,ACCEPTED_FALLBACK_WARNING,fallback accepted at end of process; authority_check=MISMATCH_DEF:expected=QalPass/parfait; got=Pual/Parfait
V-QalPass-Prtcpl-fs,<p>Verb - QalPass - Participle - feminine singular</p>,H8801,V-QalPass-Prtcpl,hebrew,FALLBACK_WARNING:hebrew_qalpass_drop_pass:QalPass->Qal/participe; prior=hebrew_def_missing:QalPass/participe,ACCEPTED_FALLBACK_WARNING,fallback accepted at end of process; authority_check=MISMATCH_DEF:expected=QalPass/participe; got=Qal/Participe
V-QalPass-Prtcpl-ms,<p>Verb - QalPass - Participle - masculine singular</p>,H8794,V-QalPass-Prtcpl,hebrew,FALLBACK_WARNING:bstudy:ref_lex_core_ori_tr:rejected_by_allstrong:H8794:MISMATCH_DEF:expected=QalPass/participe; got=Pual/Participe,ACCEPTED_FALLBACK_WARNING,fallback accepted at end of process; authority_check=MISMATCH_DEF:expected=QalPass/participe; got=Pual/Participe
V-RIA-1P,<p>Verb - Perfect Indicative Active - 1st Person Plural</p>,G5758,V-RIA,greek,greek_table:V-RAI:confirmed_by_allstrong,OK_DEF_MATCH,Parfait / Active / Indicatif
V-RIA-1S,<p>Verb - Perfect Indicative Active - 1st Person Singular</p>,G5758,V-RIA,greek,greek_table:V-RAI:confirmed_by_allstrong,OK_DEF_MATCH,Parfait / Active / Indicatif
V-RIA-2P,<p>Verb - Perfect Indicative Active - 2nd Person Plural</p>,G5758,V-RIA,greek,greek_table:V-RAI:confirmed_by_allstrong,OK_DEF_MATCH,Parfait / Active / Indicatif
V-RIA-2S,<p>Verb - Perfect Indicative Active - 2nd Person Singular</p>,G5758,V-RIA,greek,greek_table:V-RAI:confirmed_by_allstrong,OK_DEF_MATCH,Parfait / Active / Indicatif
V-RIA-3P,<p>Verb - Perfect Indicative Active - 3rd Person Plural</p>,G5758,V-RIA,greek,greek_table:V-RAI:confirmed_by_allstrong,OK_DEF_MATCH,Parfait / Active / Indicatif
V-RIA-3S,<p>Verb - Perfect Indicative Active - 3rd Person Singular</p>,G5758,V-RIA,greek,greek_table:V-RAI:confirmed_by_allstrong,OK_DEF_MATCH,Parfait / Active / Indicatif
V-RIM-2S,<p>Verb - Perfect Indicative Middle - 2nd Person Singular</p>,G5764,V-RIM,greek,greek_table:V-RMI:confirmed_by_allstrong,OK_DEF_MATCH,Parfait / Moyenne / Indicatif
V-RIM-3S,<p>Verb - Perfect Indicative Middle - 3rd Person Singular</p>,G5764,V-RIM,greek,greek_table:V-RMI:confirmed_by_allstrong,OK_DEF_MATCH,Parfait / Moyenne / Indicatif
V-RIM/P-1P,<p>Verb - Perfect Indicative Middle or Passive - 1st Person Plural</p>,G5769,V-RIM/P,greek,"FALLBACK_WARNING:bstudy:ref_lex_core:rejected_by_allstrong:G5769:MISMATCH_DEF:expected=parfait/['moyenne', 'passive', 'soit moyenne', 'soit passive']/indicatif; got=Parfait/Passive/Indicatif; prior=allstrong_def_greek_ambiguous:G5711|G5766; greek_table_missing:V-RM/PI",ACCEPTED_FALLBACK_WARNING,"fallback accepted at end of process; authority_check=MISMATCH_DEF:expected=parfait/['moyenne', 'passive', 'soit moyenne', 'soit passive']/indicatif; got=Parfait/Passive/Indicatif"
V-RIM/P-1S,<p>Verb - Perfect Indicative Middle or Passive - 1st Person Singular</p>,G5766,V-RIM/P,greek,bstudy:ref_lex_core_ori_tr:confirmed_by_allstrong,OK_DEF_MATCH,Parfait / Moyenne ou Passive Déponente / Indicatif
V-RIM/P-2P,<p>Verb - Perfect Indicative Middle or Passive - 2nd Person Plural</p>,G5769,V-RIM/P,greek,"FALLBACK_WARNING:bstudy:ref_lex_core:rejected_by_allstrong:G5769:MISMATCH_DEF:expected=parfait/['moyenne', 'passive', 'soit moyenne', 'soit passive']/indicatif; got=Parfait/Passive/Indicatif; prior=allstrong_def_greek_ambiguous:G5711|G5766; greek_table_missing:V-RM/PI",ACCEPTED_FALLBACK_WARNING,"fallback accepted at end of process; authority_check=MISMATCH_DEF:expected=parfait/['moyenne', 'passive', 'soit moyenne', 'soit passive']/indicatif; got=Parfait/Passive/Indicatif"
V-RIM/P-2S,<p>Verb - Perfect Indicative Middle or Passive - 2nd Person Singular</p>,G5769,V-RIM/P,greek,"FALLBACK_WARNING:bstudy:ref_lex_core_ori_tr:rejected_by_allstrong:G5769:MISMATCH_DEF:expected=parfait/['moyenne', 'passive', 'soit moyenne', 'soit passive']/indicatif; got=Parfait/Passive/Indicatif; prior=allstrong_def_greek_ambiguous:G5711|G5766; greek_table_missing:V-RM/PI",ACCEPTED_FALLBACK_WARNING,"fallback accepted at end of process; authority_check=MISMATCH_DEF:expected=parfait/['moyenne', 'passive', 'soit moyenne', 'soit passive']/indicatif; got=Parfait/Passive/Indicatif"
V-RIM/P-3P,<p>Verb - Perfect Indicative Middle or Passive - 3rd Person Plural</p>,G5769,V-RIM/P,greek,"FALLBACK_WARNING:bstudy:ref_lex_core_ori_tr:rejected_by_allstrong:G5769:MISMATCH_DEF:expected=parfait/['moyenne', 'passive', 'soit moyenne', 'soit passive']/indicatif; got=Parfait/Passive/Indicatif; prior=allstrong_def_greek_ambiguous:G5711|G5766; greek_table_missing:V-RM/PI",ACCEPTED_FALLBACK_WARNING,"fallback accepted at end of process; authority_check=MISMATCH_DEF:expected=parfait/['moyenne', 'passive', 'soit moyenne', 'soit passive']/indicatif; got=Parfait/Passive/Indicatif"
V-RIM/P-3S,<p>Verb - Perfect Indicative Middle or Passive - 3rd Person Singular</p>,G5769,V-RIM/P,greek,"FALLBACK_WARNING:bstudy:ref_lex_core_ori_tr:rejected_by_allstrong:G5769:MISMATCH_DEF:expected=parfait/['moyenne', 'passive', 'soit moyenne', 'soit passive']/indicatif; got=Parfait/Passive/Indicatif; prior=allstrong_def_greek_ambiguous:G5711|G5766; greek_table_missing:V-RM/PI",ACCEPTED_FALLBACK_WARNING,"fallback accepted at end of process; authority_check=MISMATCH_DEF:expected=parfait/['moyenne', 'passive', 'soit moyenne', 'soit passive']/indicatif; got=Parfait/Passive/Indicatif"
V-RIP-1P,<p>Verb - Perfect Indicative Passive - 1st Person Plural</p>,G5769,V-RIP,greek,greek_table:V-RPI:confirmed_by_allstrong,OK_DEF_MATCH,Parfait / Passive / Indicatif
V-RMA-2P,<p>Verb - Perfect Imperative Active - 2nd Person Plural</p>,G5759,V-RMA,greek,allstrong_def_greek:Parfait / Active / Impératif,OK_DEF_MATCH,Parfait / Active / Impératif
V-RMM/P-2P,<p>Verb - Perfect Imperative Middle or Passive - 2nd Person Plural</p>,G5770,V-RMM/P,greek,"FALLBACK_WARNING:bstudy:ref_lex_core:rejected_by_allstrong:G5770:MISMATCH_DEF:expected=parfait/['moyenne', 'passive', 'soit moyenne', 'soit passive']/impératif; got=Parfait/Passive/Impératif; prior=allstrong_def_greek_no_match; greek_table_missing:V-RM/PM",ACCEPTED_FALLBACK_WARNING,"fallback accepted at end of process; authority_check=MISMATCH_DEF:expected=parfait/['moyenne', 'passive', 'soit moyenne', 'soit passive']/impératif; got=Parfait/Passive/Impératif"
V-RMM/P-2S,<p>Verb - Perfect Imperative Middle or Passive - 2nd Person Singular</p>,G5770,V-RMM/P,greek,"FALLBACK_WARNING:bstudy:ref_lex_core:rejected_by_allstrong:G5770:MISMATCH_DEF:expected=parfait/['moyenne', 'passive', 'soit moyenne', 'soit passive']/impératif; got=Parfait/Passive/Impératif; prior=allstrong_def_greek_no_match; greek_table_missing:V-RM/PM",ACCEPTED_FALLBACK_WARNING,"fallback accepted at end of process; authority_check=MISMATCH_DEF:expected=parfait/['moyenne', 'passive', 'soit moyenne', 'soit passive']/impératif; got=Parfait/Passive/Impératif"
V-RNA,<p>Verb - Perfect Infinitive Active</p>,G5760,V-RNA,greek,greek_table:V-RAN:confirmed_by_allstrong,OK_DEF_MATCH,Parfait / Active / Infinitif
V-RNM/P,<p>Verb - Perfect Infinitive Middle or Passive</p>,G5767,V-RNM/P,greek,allstrong_def_greek:Parfait / Moyenne ou Passive Déponente / Infinitif,OK_DEF_MATCH,Parfait / Moyenne ou Passive Déponente / Infinitif
V-RPA-AFS,<p>Verb - Perfect Participle Active - Accusative Feminine Singular</p>,G5761,V-RPA,greek,greek_table:V-RAP:confirmed_by_allstrong,OK_DEF_MATCH,Parfait / Active / Participe
V-RPA-AMP,<p>Verb - Perfect Participle Active - Accusative Masculine Plural</p>,G5761,V-RPA,greek,greek_table:V-RAP:confirmed_by_allstrong,OK_DEF_MATCH,Parfait / Active / Participe
V-RPA-AMS,<p>Verb - Perfect Participle Active - Accusative Masculine Singular</p>,G5761,V-RPA,greek,greek_table:V-RAP:confirmed_by_allstrong,OK_DEF_MATCH,Parfait / Active / Participe
V-RPA-ANP,<p>Verb - Perfect Participle Active - Accusative Neuter Plural</p>,G5761,V-RPA,greek,greek_table:V-RAP:confirmed_by_allstrong,OK_DEF_MATCH,Parfait / Active / Participe
V-RPA-ANS,<p>Verb - Perfect Participle Active - Accusative Neuter Singular</p>,G5761,V-RPA,greek,greek_table:V-RAP:confirmed_by_allstrong,OK_DEF_MATCH,Parfait / Active / Participe
V-RPA-DMP,<p>Verb - Perfect Participle Active - Dative Masculine Plural</p>,G5761,V-RPA,greek,greek_table:V-RAP:confirmed_by_allstrong,OK_DEF_MATCH,Parfait / Active / Participe
V-RPA-DMS,<p>Verb - Perfect Participle Active - Dative Masculine Singular</p>,G5761,V-RPA,greek,greek_table:V-RAP:confirmed_by_allstrong,OK_DEF_MATCH,Parfait / Active / Participe
V-RPA-DNS,<p>Verb - Perfect Participle Active - Dative Neuter Singular</p>,G5761,V-RPA,greek,greek_table:V-RAP:confirmed_by_allstrong,OK_DEF_MATCH,Parfait / Active / Participe
V-RPA-GFS,<p>Verb - Perfect Participle Active - Genitive Feminine Singular</p>,G5761,V-RPA,greek,greek_table:V-RAP:confirmed_by_allstrong,OK_DEF_MATCH,Parfait / Active / Participe
V-RPA-GMP,<p>Verb - Perfect Participle Active - Genitive Masculine Plural</p>,G5761,V-RPA,greek,greek_table:V-RAP:confirmed_by_allstrong,OK_DEF_MATCH,Parfait / Active / Participe
V-RPA-GMS,<p>Verb - Perfect Participle Active - Genitive Masculine Singular</p>,G5761,V-RPA,greek,greek_table:V-RAP:confirmed_by_allstrong,OK_DEF_MATCH,Parfait / Active / Participe
V-RPA-GNP,<p>Verb - Perfect Participle Active - Genitive Neuter Plural</p>,G5761,V-RPA,greek,greek_table:V-RAP:confirmed_by_allstrong,OK_DEF_MATCH,Parfait / Active / Participe
V-RPA-NFP,<p>Verb - Perfect Participle Active - Nominative Feminine Plural</p>,G5761,V-RPA,greek,greek_table:V-RAP:confirmed_by_allstrong,OK_DEF_MATCH,Parfait / Active / Participe
V-RPA-NFS,<p>Verb - Perfect Participle Active - Nominative Feminine Singular</p>,G5761,V-RPA,greek,greek_table:V-RAP:confirmed_by_allstrong,OK_DEF_MATCH,Parfait / Active / Participe
V-RPA-NMP,<p>Verb - Perfect Participle Active - Nominative Masculine Plural</p>,G5761,V-RPA,greek,greek_table:V-RAP:confirmed_by_allstrong,OK_DEF_MATCH,Parfait / Active / Participe
V-RPA-NMS,<p>Verb - Perfect Participle Active - Nominative Masculine Singular</p>,G5761,V-RPA,greek,greek_table:V-RAP:confirmed_by_allstrong,OK_DEF_MATCH,Parfait / Active / Participe
V-RPA-NNP,<p>Verb - Perfect Participle Active - Nominative Neuter Plural</p>,G5761,V-RPA,greek,greek_table:V-RAP:confirmed_by_allstrong,OK_DEF_MATCH,Parfait / Active / Participe
V-RPA-NNS,<p>Verb - Perfect Participle Active - Nominative Neuter Singular</p>,G5761,V-RPA,greek,greek_table:V-RAP:confirmed_by_allstrong,OK_DEF_MATCH,Parfait / Active / Participe
V-RPM-AMS,<p>Verb - Perfect Participle Middle - Accusative Masculine Singular</p>,G5765,V-RPM,greek,greek_table:V-RMP:confirmed_by_allstrong,OK_DEF_MATCH,Parfait / Moyenne / Participe
V-RPM-NMP,<p>Verb - Perfect Participle Middle - Nominative Masculine Plural</p>,G5765,V-RPM,greek,greek_table:V-RMP:confirmed_by_allstrong,OK_DEF_MATCH,Parfait / Moyenne / Participe
V-RPM-NMS,<p>Verb - Perfect Participle Middle - Nominative Masculine Singular</p>,G5765,V-RPM,greek,greek_table:V-RMP:confirmed_by_allstrong,OK_DEF_MATCH,Parfait / Moyenne / Participe
V-RPM/P-AFP,<p>Verb - Perfect Participle Middle or Passive - Accusative Feminine Plural</p>,G5768,V-RPM/P,greek,allstrong_def_greek:Parfait / Moyenne ou Passive Déponente / Participe,OK_DEF_MATCH,Parfait / Moyenne ou Passive Déponente / Participe
V-RPM/P-AFS,<p>Verb - Perfect Participle Middle or Passive - Accusative Feminine Singular</p>,G5768,V-RPM/P,greek,allstrong_def_greek:Parfait / Moyenne ou Passive Déponente / Participe,OK_DEF_MATCH,Parfait / Moyenne ou Passive Déponente / Participe
V-RPM/P-AMP,<p>Verb - Perfect Participle Middle or Passive - Accusative Masculine Plural</p>,G5768,V-RPM/P,greek,allstrong_def_greek:Parfait / Moyenne ou Passive Déponente / Participe,OK_DEF_MATCH,Parfait / Moyenne ou Passive Déponente / Participe
V-RPM/P-AMS,<p>Verb - Perfect Participle Middle or Passive - Accusative Masculine Singular</p>,G5768,V-RPM/P,greek,allstrong_def_greek:Parfait / Moyenne ou Passive Déponente / Participe,OK_DEF_MATCH,Parfait / Moyenne ou Passive Déponente / Participe
V-RPM/P-ANP,<p>Verb - Perfect Participle Middle or Passive - Accusative Neuter Plural</p>,G5768,V-RPM/P,greek,allstrong_def_greek:Parfait / Moyenne ou Passive Déponente / Participe,OK_DEF_MATCH,Parfait / Moyenne ou Passive Déponente / Participe
V-RPM/P-ANS,<p>Verb - Perfect Participle Middle or Passive - Accusative Neuter Singular</p>,G5768,V-RPM/P,greek,allstrong_def_greek:Parfait / Moyenne ou Passive Déponente / Participe,OK_DEF_MATCH,Parfait / Moyenne ou Passive Déponente / Participe
V-RPM/P-DFP,<p>Verb - Perfect Participle Middle or Passive - Dative Feminine Plural</p>,G5768,V-RPM/P,greek,allstrong_def_greek:Parfait / Moyenne ou Passive Déponente / Participe,OK_DEF_MATCH,Parfait / Moyenne ou Passive Déponente / Participe
V-RPM/P-DFS,<p>Verb - Perfect Participle Middle or Passive - Dative Feminine Singular</p>,G5768,V-RPM/P,greek,allstrong_def_greek:Parfait / Moyenne ou Passive Déponente / Participe,OK_DEF_MATCH,Parfait / Moyenne ou Passive Déponente / Participe
V-RPM/P-DMP,<p>Verb - Perfect Participle Middle or Passive - Dative Masculine Plural</p>,G5768,V-RPM/P,greek,allstrong_def_greek:Parfait / Moyenne ou Passive Déponente / Participe,OK_DEF_MATCH,Parfait / Moyenne ou Passive Déponente / Participe
V-RPM/P-DMS,<p>Verb - Perfect Participle Middle or Passive - Dative Masculine Singular</p>,G5768,V-RPM/P,greek,allstrong_def_greek:Parfait / Moyenne ou Passive Déponente / Participe,OK_DEF_MATCH,Parfait / Moyenne ou Passive Déponente / Participe
V-RPM/P-DNP,<p>Verb - Perfect Participle Middle or Passive - Dative Neuter Plural</p>,G5768,V-RPM/P,greek,allstrong_def_greek:Parfait / Moyenne ou Passive Déponente / Participe,OK_DEF_MATCH,Parfait / Moyenne ou Passive Déponente / Participe
V-RPM/P-DNS,<p>Verb - Perfect Participle Middle or Passive - Dative Neuter Singular</p>,G5768,V-RPM/P,greek,allstrong_def_greek:Parfait / Moyenne ou Passive Déponente / Participe,OK_DEF_MATCH,Parfait / Moyenne ou Passive Déponente / Participe
V-RPM/P-GFP,<p>Verb - Perfect Participle Middle or Passive - Genitive Feminine Plural</p>,G5768,V-RPM/P,greek,allstrong_def_greek:Parfait / Moyenne ou Passive Déponente / Participe,OK_DEF_MATCH,Parfait / Moyenne ou Passive Déponente / Participe
V-RPM/P-GFS,<p>Verb - Perfect Participle Middle or Passive - Genitive Feminine Singular</p>,G5768,V-RPM/P,greek,allstrong_def_greek:Parfait / Moyenne ou Passive Déponente / Participe,OK_DEF_MATCH,Parfait / Moyenne ou Passive Déponente / Participe
V-RPM/P-GMP,<p>Verb - Perfect Participle Middle or Passive - Genitive Masculine Plural</p>,G5768,V-RPM/P,greek,allstrong_def_greek:Parfait / Moyenne ou Passive Déponente / Participe,OK_DEF_MATCH,Parfait / Moyenne ou Passive Déponente / Participe
V-RPM/P-GMS,<p>Verb - Perfect Participle Middle or Passive - Genitive Masculine Singular</p>,G5768,V-RPM/P,greek,allstrong_def_greek:Parfait / Moyenne ou Passive Déponente / Participe,OK_DEF_MATCH,Parfait / Moyenne ou Passive Déponente / Participe
V-RPM/P-GNP,<p>Verb - Perfect Participle Middle or Passive - Genitive Neuter Plural</p>,G5768,V-RPM/P,greek,allstrong_def_greek:Parfait / Moyenne ou Passive Déponente / Participe,OK_DEF_MATCH,Parfait / Moyenne ou Passive Déponente / Participe
V-RPM/P-GNS,<p>Verb - Perfect Participle Middle or Passive - Genitive Neuter Singular</p>,G5768,V-RPM/P,greek,allstrong_def_greek:Parfait / Moyenne ou Passive Déponente / Participe,OK_DEF_MATCH,Parfait / Moyenne ou Passive Déponente / Participe
V-RPM/P-NFP,<p>Verb - Perfect Participle Middle or Passive - Nominative Feminine Plural</p>,G5768,V-RPM/P,greek,allstrong_def_greek:Parfait / Moyenne ou Passive Déponente / Participe,OK_DEF_MATCH,Parfait / Moyenne ou Passive Déponente / Participe
V-RPM/P-NFS,<p>Verb - Perfect Participle Middle or Passive - Nominative Feminine Singular</p>,G5768,V-RPM/P,greek,allstrong_def_greek:Parfait / Moyenne ou Passive Déponente / Participe,OK_DEF_MATCH,Parfait / Moyenne ou Passive Déponente / Participe
V-RPM/P-NMP,<p>Verb - Perfect Participle Middle or Passive - Nominative Masculine Plural</p>,G5768,V-RPM/P,greek,allstrong_def_greek:Parfait / Moyenne ou Passive Déponente / Participe,OK_DEF_MATCH,Parfait / Moyenne ou Passive Déponente / Participe
V-RPM/P-NMS,<p>Verb - Perfect Participle Middle or Passive - Nominative Masculine Singular</p>,G5768,V-RPM/P,greek,allstrong_def_greek:Parfait / Moyenne ou Passive Déponente / Participe,OK_DEF_MATCH,Parfait / Moyenne ou Passive Déponente / Participe
V-RPM/P-NNP,<p>Verb - Perfect Participle Middle or Passive - Nominative Neuter Plural</p>,G5768,V-RPM/P,greek,allstrong_def_greek:Parfait / Moyenne ou Passive Déponente / Participe,OK_DEF_MATCH,Parfait / Moyenne ou Passive Déponente / Participe
V-RPM/P-NNS,<p>Verb - Perfect Participle Middle or Passive - Nominative Neuter Singular</p>,G5768,V-RPM/P,greek,allstrong_def_greek:Parfait / Moyenne ou Passive Déponente / Participe,OK_DEF_MATCH,Parfait / Moyenne ou Passive Déponente / Participe
V-RPM/P-VFS,<p>Verb - Perfect Participle Middle or Passive - Vocative Feminine Singular</p>,G5768,V-RPM/P,greek,allstrong_def_greek:Parfait / Moyenne ou Passive Déponente / Participe,OK_DEF_MATCH,Parfait / Moyenne ou Passive Déponente / Participe
V-RPM/P-VMP,<p>Verb - Perfect Participle Middle or Passive - Vocative Masculine Plural</p>,G5768,V-RPM/P,greek,allstrong_def_greek:Parfait / Moyenne ou Passive Déponente / Participe,OK_DEF_MATCH,Parfait / Moyenne ou Passive Déponente / Participe
V-RPM/P-VMS,<p>Verb - Perfect Participle Middle or Passive - Vocative Masculine Singular</p>,G5768,V-RPM/P,greek,allstrong_def_greek:Parfait / Moyenne ou Passive Déponente / Participe,OK_DEF_MATCH,Parfait / Moyenne ou Passive Déponente / Participe
V-RSA-1P,<p>Verb - Perfect Subjunctive Active - 1st Person Plural</p>,G5762,V-RSA,greek,allstrong_def_greek:Parfait / Active / Subjonctif,OK_DEF_MATCH,Parfait / Active / Subjonctif
V-RSA-1S,<p>Verb - Perfect Subjunctive Active - 1st Person Singular</p>,G5762,V-RSA,greek,allstrong_def_greek:Parfait / Active / Subjonctif,OK_DEF_MATCH,Parfait / Active / Subjonctif
V-RSA-2P,<p>Verb - Perfect Subjunctive Active - 2nd Person Plural</p>,G5762,V-RSA,greek,allstrong_def_greek:Parfait / Active / Subjonctif,OK_DEF_MATCH,Parfait / Active / Subjonctif
V-RSA-2S,<p>Verb - Perfect Subjunctive Active - 2nd Person Singular</p>,G5762,V-RSA,greek,allstrong_def_greek:Parfait / Active / Subjonctif,OK_DEF_MATCH,Parfait / Active / Subjonctif
